player,squad,comp,id
Bernd Leno,Arsenal,1. Premier League,0
Hugo Lloris,Tottenham,1. Premier League,1
Emiliano Martínez,Arsenal,1. Premier League,2
Willy Caballero,Chelsea,1. Premier League,3
Alphonse Areola,Real Madrid,1. La Liga,4
Andreas Luthe,Augsburg,1. Bundesliga,5
Thibaut Courtois,Real Madrid,1. La Liga,6
Jed Steer,Aston Villa,1. Premier League,7
David Soria,Getafe,1. La Liga,8
Pepe Reina,Milan,1. Serie A,9
Daniele Padelli,Inter,1. Serie A,10
Daniel Fuzato,Roma,1. Serie A,11
Marwin Hitz,Dortmund,1. Bundesliga,12
Dean Henderson,Sheffield Utd,1. Premier League,13
Aaron Ramsdale,Bournemouth,1. Premier League,14
Joel Robles,Betis,1. La Liga,15
Mattia Perin,Genoa,1. Serie A,16
Thomas Strakosha,Lazio,1. Serie A,17
Philipp Pentke,Hoffenheim,1. Bundesliga,18
Marco Silvestri,Hellas Verona,1. Serie A,19
Emil Audero,Sampdoria,1. Serie A,20
David Ospina,Napoli,1. Serie A,21
Samir Ujkani,Torino,1. Serie A,22
Jan Oblak,Atlético Madrid,1. La Liga,23
Pavao Pervan,Wolfsburg,1. Bundesliga,24
Adrián,Liverpool,1. Premier League,25
Nick Pope,Burnley,1. Premier League,26
Rui Patrício,Wolves,1. Premier League,27
Aitor Fernández,Levante,1. La Liga,28
Mark Flekken,Freiburg,1. Bundesliga,29
Kasper Schmeichel,Leicester City,1. Premier League,30
Fernando Pacheco,Alavés,1. La Liga,31
Frederik Rønnow,Eint Frankfurt,1. Bundesliga,32
Jasper Cillessen,Valencia,1. La Liga,33
Alexander Schwolow,Freiburg,1. Bundesliga,34
Antonio Mirante,Roma,1. Serie A,35
Alex Meret,Napoli,1. Serie A,36
Koen Casteels,Wolfsburg,1. Bundesliga,37
Marco Sportiello,Atalanta,1. Serie A,38
Yassine Bounou,Sevilla,1. La Liga,39
Gianluigi Donnarumma,Milan,1. Serie A,40
Andrea Consigli,Sassuolo,1. Serie A,41
Tom Heaton,Aston Villa,1. Premier League,42
Antonio Rosati,Torino,1. Serie A,43
Wayne Hennessey,Crystal Palace,1. Premier League,44
Florian Müller,Mainz 05,1. Bundesliga,45
Antonio Sivera,Alavés,1. La Liga,46
Pierluigi Gollini,Atalanta,1. Serie A,47
Francesco Rossi,Atalanta,1. Serie A,48
Timo Horn,Köln,1. Bundesliga,49
Péter Gulácsi,RB Leipzig,1. Bundesliga,50
Jordan Pickford,Everton,1. Premier League,51
Vicente Guaita,Crystal Palace,1. Premier League,52
Pietro Terracciano,Fiorentina,1. Serie A,53
Alisson,Liverpool,1. Premier League,54
Sergio Herrera,Osasuna,1. La Liga,55
Pau López,Roma,1. Serie A,56
Kepa Arrizabalaga,Chelsea,1. Premier League,57
Alessio Cragno,Cagliari,1. Serie A,58
Alex McCarthy,Southampton,1. Premier League,59
Juan Musso,Udinese,1. Serie A,60
Kevin Trapp,Eint Frankfurt,1. Bundesliga,61
Pepe Reina,Aston Villa,1. Premier League,62
Alexander Nübel,Schalke 04,1. Bundesliga,63
Oliver Baumann,Hoffenheim,1. Bundesliga,64
Sergio Asenjo,Villarreal,1. La Liga,65
Gianluca Pegolo,Sassuolo,1. Serie A,66
Manuel Neuer,Bayern Munich,1. Bundesliga,67
Juan Pérez,Osasuna,1. La Liga,68
Zack Steffen,Düsseldorf,1. Bundesliga,69
Marc-André ter Stegen,Barcelona,1. La Liga,70
Unai Simón,Athletic Club,1. La Liga,71
Robin Zentner,Mainz 05,1. Bundesliga,72
Salvatore Sirigu,Torino,1. Serie A,73
Neto,Barcelona,1. La Liga,74
Rui Silva,Granada,1. La Liga,75
Mathew Ryan,Brighton,1. Premier League,76
Ederson,Manchester City,1. Premier League,77
Rubén Blanco,Celta Vigo,1. La Liga,78
Wladimiro Falcone,Sampdoria,1. Serie A,79
Álex Remiro,Real Sociedad,1. La Liga,80
Asier Villalibre,Athletic Club,1. La Liga,81
Daley Sinkgraven,Leverkusen,1. Bundesliga,82
Marco Richter,Augsburg,1. Bundesliga,83
Moussa Djenepo,Southampton,1. Premier League,84
Mads Pedersen,Augsburg,1. Bundesliga,85
Andriy Yarmolenko,West Ham,1. Premier League,86
Julian Ryerson,Union Berlin,1. Bundesliga,87
Néstor Araujo,Celta Vigo,1. La Liga,88
Tyrick Mitchell,Crystal Palace,1. Premier League,89
Simone Zaza,Torino,1. Serie A,90
Gonçalo Paciência,Eint Frankfurt,1. Bundesliga,91
Jon Moncayola,Osasuna,1. La Liga,92
Ashley Young,Inter,1. Serie A,93
Valon Behrami,Genoa,1. Serie A,94
Florian Niederlechner,Augsburg,1. Bundesliga,95
Mattia Zaccagni,Hellas Verona,1. Serie A,96
Wendell,Leverkusen,1. Bundesliga,97
Andrea Ranocchia,Inter,1. Serie A,98
Carlos Bacca,Villarreal,1. La Liga,99
Moussa Sissoko,Tottenham,1. Premier League,100
Curtis Jones,Liverpool,1. Premier League,101
Renan Lodi,Atlético Madrid,1. La Liga,102
Jeremie Boga,Sassuolo,1. Serie A,103
Nicolas Höfler,Freiburg,1. Bundesliga,104
José Campaña,Levante,1. La Liga,105
Eduard Löwen,Augsburg,1. Bundesliga,106
Eddie Nketiah,Arsenal,1. Premier League,107
Dani Olmo,RB Leipzig,1. Bundesliga,108
Olivier Giroud,Chelsea,1. Premier League,109
Vincenzo Grifo,Hoffenheim,1. Bundesliga,110
Diogo Jota,Wolves,1. Premier League,111
Thomas Lemar,Atlético Madrid,1. La Liga,112
Thomas Partey,Atlético Madrid,1. La Liga,113
Charles Aránguiz,Leverkusen,1. Bundesliga,114
Ruben Vargas,Augsburg,1. Bundesliga,115
Isaac Hayden,Newcastle Utd,1. Premier League,116
Aleksandar Kolarov,Roma,1. Serie A,117
Mats Hummels,Dortmund,1. Bundesliga,118
Domingos Duarte,Granada,1. La Liga,119
Ondrej Duda,Norwich City,1. Premier League,120
Isco,Real Madrid,1. La Liga,121
Admir Mehmedi,Wolfsburg,1. Bundesliga,122
Richarlison,Everton,1. Premier League,123
Matteo Politano,Inter,1. Serie A,124
Jean-Philippe Gbamin,Everton,1. Premier League,125
Jorge Miramón,Levante,1. La Liga,126
Christopher Lenz,Union Berlin,1. Bundesliga,127
Lorenzo De Silvestri,Torino,1. Serie A,128
Takumi Minamino,Liverpool,1. Premier League,129
André Silva,Eint Frankfurt,1. Bundesliga,130
José Callejón,Napoli,1. Serie A,131
Stefan Ilsanker,RB Leipzig,1. Bundesliga,132
John Guidetti,Alavés,1. La Liga,133
Kieran Tierney,Arsenal,1. Premier League,134
Paulo Otávio,Wolfsburg,1. Bundesliga,135
Adnan Januzaj,Real Sociedad,1. La Liga,136
Paolo Faragò,Cagliari,1. Serie A,137
Felipe Caicedo,Lazio,1. Serie A,138
Aitor Ruibal,Leganés,1. La Liga,139
Leonardo Pavoletti,Cagliari,1. Serie A,140
Christian Pulisic,Chelsea,1. Premier League,141
Javier Pastore,Roma,1. Serie A,142
Raoul Bellanova,Atalanta,1. Serie A,143
João Moutinho,Wolves,1. Premier League,144
Denis Cheryshev,Valencia,1. La Liga,145
Sandro Tonali,Brescia,1. Serie A,146
Rodrigo De Paul,Udinese,1. Serie A,147
Jordi Alba,Barcelona,1. La Liga,148
Andrea Masiello,Atalanta,1. Serie A,149
Tammy Abraham,Chelsea,1. Premier League,150
Brahim Díaz,Real Madrid,1. La Liga,151
Kevin Agudelo,Fiorentina,1. Serie A,152
Suso,Sevilla,1. La Liga,153
Alexis Mac Allister,Brighton,1. Premier League,154
Bukayo Saka,Arsenal,1. Premier League,155
Aymeric Laporte,Manchester City,1. Premier League,156
Moi Gómez,Villarreal,1. La Liga,157
Matteo Politano,Napoli,1. Serie A,158
Armando Izzo,Torino,1. Serie A,159
Cristiano Biraghi,Inter,1. Serie A,160
Marc Albrighton,Leicester City,1. Premier League,161
Lucas Hernández,Bayern Munich,1. Bundesliga,162
Hugo Mallo,Celta Vigo,1. La Liga,163
Ryan Fraser,Bournemouth,1. Premier League,164
Ezri Konsa,Aston Villa,1. Premier League,165
Edmond Tapsoba,Leverkusen,1. Bundesliga,166
Lucien Agoume,Inter,1. Serie A,167
Suat Serdar,Schalke 04,1. Bundesliga,168
Timothy Chandler,Eint Frankfurt,1. Bundesliga,169
Fabian Schär,Newcastle Utd,1. Premier League,170
Matheus Cunha,RB Leipzig,1. Bundesliga,171
Aïssa Mandi,Betis,1. La Liga,172
Dani García,Athletic Club,1. La Liga,173
Jules Koundé,Sevilla,1. La Liga,174
Kingsley Coman,Bayern Munich,1. Bundesliga,175
Sargis Adamyan,Hoffenheim,1. Bundesliga,176
João Pedro,Cagliari,1. Serie A,177
Nicola Murru,Sampdoria,1. Serie A,178
Nemanja Gudelj,Sevilla,1. La Liga,179
Youssef En-Nesyri,Sevilla,1. La Liga,180
Reece James,Chelsea,1. Premier League,181
Fernando,Sevilla,1. La Liga,182
Kevin Agudelo,Genoa,1. Serie A,183
Eden Hazard,Real Madrid,1. La Liga,184
Martin Hinteregger,Eint Frankfurt,1. Bundesliga,185
Rogério,Sassuolo,1. Serie A,186
Davie Selke,Hertha BSC,1. Bundesliga,187
Felipe,Atlético Madrid,1. La Liga,188
Amadou Diawara,Roma,1. Serie A,189
Dominik Kohr,Eint Frankfurt,1. Bundesliga,190
Jamal Musiala,Bayern Munich,1. Bundesliga,191
Hugo Duro,Getafe,1. La Liga,192
Harvey Barnes,Leicester City,1. Premier League,193
Ruslan Malinovskyi,Atalanta,1. Serie A,194
Asier Illarramendi,Real Sociedad,1. La Liga,195
Dan-Axel Zagadou,Dortmund,1. Bundesliga,196
Nordi Mukiele,RB Leipzig,1. Bundesliga,197
Dodi Lukebakio,Hertha BSC,1. Bundesliga,198
Ken Sema,Udinese,1. Serie A,199
Patrik Schick,RB Leipzig,1. Bundesliga,200
Joselu,Alavés,1. La Liga,201
Kyle Walker,Manchester City,1. Premier League,202
Stefan de Vrij,Inter,1. Serie A,203
Joaquín,Betis,1. La Liga,204
Florian Lejeune,Newcastle Utd,1. Premier League,205
Marcos Llorente,Atlético Madrid,1. La Liga,206
Amir Rrahmani,Hellas Verona,1. Serie A,207
Julian Chabot,Sampdoria,1. Serie A,208
Sergi Gómez,Sevilla,1. La Liga,209
Antonio Puertas,Granada,1. La Liga,210
Eddie Salcedo,Hellas Verona,1. Serie A,211
Japhet Tanganga,Tottenham,1. Premier League,212
Aleix Vidal,Alavés,1. La Liga,213
Alex Oxlade-Chamberlain,Liverpool,1. Premier League,214
André Silva,Milan,1. Serie A,215
Miguel Almirón,Newcastle Utd,1. Premier League,216
Hirving Lozano,Napoli,1. Serie A,217
Riccardo Calafiori,Roma,1. Serie A,218
Dan Burn,Brighton,1. Premier League,219
Jesús Vallejo,Wolves,1. Premier League,220
Yangel Herrera,Granada,1. La Liga,221
Naby Keïta,Liverpool,1. Premier League,222
Tariq Lamptey,Brighton,1. Premier League,223
Rodrigo Becão,Udinese,1. Serie A,224
Guido Rodríguez,Betis,1. La Liga,225
Sebastian Andersson,Union Berlin,1. Bundesliga,226
Lucas Torró,Eint Frankfurt,1. Bundesliga,227
Mason Holgate,Everton,1. Premier League,228
Clément Lenglet,Barcelona,1. La Liga,229
Luke Shaw,Manchester Utd,1. Premier League,230
Emerson,Betis,1. La Liga,231
Ainsley Maitland-Niles,Arsenal,1. Premier League,232
Gaetano Castrovilli,Fiorentina,1. Serie A,233
Robin Gosens,Atalanta,1. Serie A,234
Davide Calabria,Milan,1. Serie A,235
Danilo,Juventus,1. Serie A,236
Rubén Sobrino,Valencia,1. La Liga,237
Mitchell Weiser,Leverkusen,1. Bundesliga,238
Paolo Ghiglione,Genoa,1. Serie A,239
Brais Méndez,Celta Vigo,1. La Liga,240
Stanislav Lobotka,Celta Vigo,1. La Liga,241
Lukas Kübler,Freiburg,1. Bundesliga,242
Tyler Adams,RB Leipzig,1. Bundesliga,243
Leander Dendoncker,Wolves,1. Premier League,244
Matteo Lovato,Hellas Verona,1. Serie A,245
Carles Aleñá,Barcelona,1. La Liga,246
Eduard Löwen,Hertha BSC,1. Bundesliga,247
Alfreð Finnbogason,Augsburg,1. Bundesliga,248
Sebastian Walukiewicz,Cagliari,1. Serie A,249
Marco Reus,Dortmund,1. Bundesliga,250
Aaron Cresswell,West Ham,1. Premier League,251
Maximilian Arnold,Wolfsburg,1. Bundesliga,252
Simone Verdi,Torino,1. Serie A,253
Gerard Deulofeu,Watford,1. Premier League,254
Jarrod Bowen,West Ham,1. Premier League,255
Riyad Mahrez,Manchester City,1. Premier League,256
Gianmarco Cangiano,Bologna,1. Serie A,257
Kelechi Iheanacho,Leicester City,1. Premier League,258
Benjamin Mendy,Manchester City,1. Premier League,259
Keinan Davis,Aston Villa,1. Premier League,260
Nathan Aké,Bournemouth,1. Premier League,261
Patric,Lazio,1. Serie A,262
Riccardo Gagliolo,Parma,1. Serie A,263
Joe Gomez,Liverpool,1. Premier League,264
Dedryck Boyata,Hertha BSC,1. Bundesliga,265
Florian Kainz,Köln,1. Bundesliga,266
Mark Uth,Köln,1. Bundesliga,267
Matt Ritchie,Newcastle Utd,1. Premier League,268
Adrien Rabiot,Juventus,1. Serie A,269
Joe Willock,Arsenal,1. Premier League,270
Arne Maier,Hertha BSC,1. Bundesliga,271
Darko Churlinov,Köln,1. Bundesliga,272
Jonny Evans,Leicester City,1. Premier League,273
Cristiano Piccini,Valencia,1. La Liga,274
João Félix,Atlético Madrid,1. La Liga,275
Mattias Svanberg,Bologna,1. Serie A,276
Matt Doherty,Wolves,1. Premier League,277
Alexander Isak,Real Sociedad,1. La Liga,278
Roberto Soriano,Bologna,1. Serie A,279
Gareth Bale,Real Madrid,1. La Liga,280
Luke Thomas,Leicester City,1. Premier League,281
Carlos Soler,Valencia,1. La Liga,282
Ishak Belfodil,Hoffenheim,1. Bundesliga,283
Andrea Pinamonti,Genoa,1. Serie A,284
Kieran Trippier,Atlético Madrid,1. La Liga,285
Shkodran Mustafi,Arsenal,1. Premier League,286
Arturo Vidal,Barcelona,1. La Liga,287
Iago Aspas,Celta Vigo,1. La Liga,288
Mark Uth,Schalke 04,1. Bundesliga,289
Jeison Murillo,Sampdoria,1. Serie A,290
Sebastian Rode,Eint Frankfurt,1. Bundesliga,291
Aaron Connolly,Brighton,1. Premier League,292
Germán Valera,Atlético Madrid,1. La Liga,293
Toni Lato,Osasuna,1. La Liga,294
Sergio Canales,Betis,1. La Liga,295
Christian Benteke,Crystal Palace,1. Premier League,296
Kevin Mbabu,Wolfsburg,1. Bundesliga,297
Yerry Mina,Everton,1. Premier League,298
Pablo Fornals,West Ham,1. Premier League,299
Amadou Haidara,RB Leipzig,1. Bundesliga,300
Paco Alcácer,Dortmund,1. Bundesliga,301
Christopher Trimmel,Union Berlin,1. Bundesliga,302
Jeffrey Gouweleeuw,Augsburg,1. Bundesliga,303
Danilo D'Ambrosio,Inter,1. Serie A,304
Federico Dimarco,Hellas Verona,1. Serie A,305
Rúben Vezo,Levante,1. La Liga,306
Rubén Duarte,Alavés,1. La Liga,307
Ciaran Clark,Newcastle Utd,1. Premier League,308
Leonardo Bonucci,Juventus,1. Serie A,309
Tim Lemperle,Köln,1. Bundesliga,310
Danny Rose,Tottenham,1. Premier League,311
Sebastiano Luperto,Napoli,1. Serie A,312
Kike Barja,Osasuna,1. La Liga,313
Roberto Torres,Osasuna,1. La Liga,314
Antonio Rüdiger,Chelsea,1. Premier League,315
Lazar Samardzic,Hertha BSC,1. Bundesliga,316
Joaquín Correa,Lazio,1. Serie A,317
Mariano,Real Madrid,1. La Liga,318
Nathan Redmond,Southampton,1. Premier League,319
Ibrahima Mbaye,Bologna,1. Serie A,320
Fabian Delph,Everton,1. Premier League,321
Harry Winks,Tottenham,1. Premier League,322
Danny da Costa,Eint Frankfurt,1. Bundesliga,323
Davide Zappacosta,Roma,1. Serie A,324
Yannick Carrasco,Atlético Madrid,1. La Liga,325
Fred,Manchester Utd,1. Premier League,326
Mohamed Salah,Liverpool,1. Premier League,327
Jóhann Berg Guðmundsson,Burnley,1. Premier League,328
Alex Sandro,Juventus,1. Serie A,329
Iñigo Martínez,Athletic Club,1. La Liga,330
Michael Gregoritsch,Schalke 04,1. Bundesliga,331
Thierry Correia,Valencia,1. La Liga,332
Lucas Ocampos,Sevilla,1. La Liga,333
Emre Can,Dortmund,1. Bundesliga,334
Eric Dier,Tottenham,1. Premier League,335
Diego Llorente,Real Sociedad,1. La Liga,336
Diego Demme,RB Leipzig,1. Bundesliga,337
Fabio Quagliarella,Sampdoria,1. Serie A,338
Kévin Rodrigues,Real Sociedad,1. La Liga,339
Erik Pieters,Burnley,1. Premier League,340
Allan Nyom,Getafe,1. La Liga,341
Francis Coquelin,Valencia,1. La Liga,342
Marcos Alonso,Chelsea,1. Premier League,343
Rafael Leão,Milan,1. Serie A,344
Amin Younes,Napoli,1. Serie A,345
Bernardo Silva,Manchester City,1. Premier League,346
Manuel Akanji,Dortmund,1. Bundesliga,347
Maya Yoshida,Southampton,1. Premier League,348
Pierre-Emerick Aubameyang,Arsenal,1. Premier League,349
Marvelous Nakamba,Aston Villa,1. Premier League,350
Bosko Sutalo,Atalanta,1. Serie A,351
Jorge Molina,Getafe,1. La Liga,352
Joshua Kimmich,Bayern Munich,1. Bundesliga,353
Ashley Westwood,Burnley,1. Premier League,354
Jamie Vardy,Leicester City,1. Premier League,355
Ademola Lookman,RB Leipzig,1. Bundesliga,356
Rodrygo,Real Madrid,1. La Liga,357
Héctor Herrera,Atlético Madrid,1. La Liga,358
Alexis Sánchez,Inter,1. Serie A,359
Marcel Sabitzer,RB Leipzig,1. Bundesliga,360
Juan Miranda,Schalke 04,1. Bundesliga,361
Daniel Podence,Wolves,1. Premier League,362
Tyrone Mings,Aston Villa,1. Premier League,363
Juanmi,Betis,1. La Liga,364
Kévin Malcuit,Napoli,1. Serie A,365
Manuel Lanzini,West Ham,1. Premier League,366
Luca Pellegrini,Cagliari,1. Serie A,367
Sergio Busquets,Barcelona,1. La Liga,368
Gabriel Jesus,Manchester City,1. Premier League,369
Callum Wilson,Bournemouth,1. Premier League,370
Giuseppe Pezzella,Udinese,1. Serie A,371
Karim Rekik,Hertha BSC,1. Bundesliga,372
Edimilson Fernandes,Mainz 05,1. Bundesliga,373
Ismail Jakobs,Köln,1. Bundesliga,374
Aymen Barkok,Düsseldorf,1. Bundesliga,375
Giangiacomo Magnani,Brescia,1. Serie A,376
James Tomkins,Crystal Palace,1. Premier League,377
Marius Wolf,Hertha BSC,1. Bundesliga,378
Martin Braithwaite,Leganés,1. La Liga,379
Andoni Gorosabel,Real Sociedad,1. La Liga,380
Ousmane Dembélé,Barcelona,1. La Liga,381
David Alaba,Bayern Munich,1. Bundesliga,382
Julian Baumgartlinger,Leverkusen,1. Bundesliga,383
Pedro Bigas,Eibar,1. La Liga,384
Federico Ceccherini,Fiorentina,1. Serie A,385
Santiago Ascacíbar,Hertha BSC,1. Bundesliga,386
Paulinho,Leverkusen,1. Bundesliga,387
Raphael Framberger,Augsburg,1. Bundesliga,388
Carles Aleñá,Betis,1. La Liga,389
Lucas Alario,Leverkusen,1. Bundesliga,390
André Hahn,Augsburg,1. Bundesliga,391
Martin Kelly,Crystal Palace,1. Premier League,392
Ádám Szalai,Mainz 05,1. Bundesliga,393
Ricardo Pereira,Leicester City,1. Premier League,394
Chema,Getafe,1. La Liga,395
Luis Rioja,Alavés,1. La Liga,396
Omar Mascarell,Schalke 04,1. Bundesliga,397
Mert Müldür,Sassuolo,1. Serie A,398
Andrew Robertson,Liverpool,1. Premier League,399
Matías Vecino,Inter,1. Serie A,400
Timo Werner,RB Leipzig,1. Bundesliga,401
Gary Medel,Bologna,1. Serie A,402
Kevin De Bruyne,Manchester City,1. Premier League,403
Jordan Torunarigha,Hertha BSC,1. Bundesliga,404
Dani Carvajal,Real Madrid,1. La Liga,405
Marcus Rashford,Manchester Utd,1. Premier League,406
Rafael Czichos,Köln,1. Bundesliga,407
Enes Ünal,Valladolid,1. La Liga,408
Santi Mina,Celta Vigo,1. La Liga,409
Pedro,Chelsea,1. Premier League,410
Ferland Mendy,Real Madrid,1. La Liga,411
Alessandro Bastoni,Inter,1. Serie A,412
Michail Antonio,West Ham,1. Premier League,413
Kevin Kampl,RB Leipzig,1. Bundesliga,414
Renato Steffen,Wolfsburg,1. Bundesliga,415
Gonçalo Guedes,Valencia,1. La Liga,416
Nico Schulz,Dortmund,1. Bundesliga,417
Jakub Jankto,Sampdoria,1. Serie A,418
Nadiem Amiri,Leverkusen,1. Bundesliga,419
Marcelo,Real Madrid,1. La Liga,420
Ryan Sessegnon,Tottenham,1. Premier League,421
Dennis Praet,Leicester City,1. Premier League,422
Nolito,Sevilla,1. La Liga,423
Kortney Hause,Aston Villa,1. Premier League,424
Matteo Gabbia,Milan,1. Serie A,425
Ismaël Bennacer,Milan,1. Serie A,426
Franck Ribéry,Fiorentina,1. Serie A,427
Franck Kessié,Milan,1. Serie A,428
Mitchell Dijks,Bologna,1. Serie A,429
Gianluca Mancini,Roma,1. Serie A,430
Faouzi Ghoulam,Napoli,1. Serie A,431
Charlie Taylor,Burnley,1. Premier League,432
Federico Bernardeschi,Juventus,1. Serie A,433
Danny Ings,Southampton,1. Premier League,434
Sebastian Rudy,Hoffenheim,1. Bundesliga,435
Aaron Wan-Bissaka,Manchester Utd,1. Premier League,436
Mattia Destro,Bologna,1. Serie A,437
Neal Maupay,Brighton,1. Premier League,438
Christopher Nkunku,RB Leipzig,1. Bundesliga,439
Daniel Brosinski,Mainz 05,1. Bundesliga,440
Miguel Veloso,Hellas Verona,1. Serie A,441
James McArthur,Crystal Palace,1. Premier League,442
Dayot Upamecano,RB Leipzig,1. Bundesliga,443
Luis Muriel,Atalanta,1. Serie A,444
Ander Barrenetxea,Real Sociedad,1. La Liga,445
Daniel Maldini,Milan,1. Serie A,446
Simon Kjær,Atalanta,1. Serie A,447
Jeff Hendrick,Burnley,1. Premier League,448
Martin Braithwaite,Barcelona,1. La Liga,449
Álvaro Odriozola,Real Madrid,1. La Liga,450
Tachi,Alavés,1. La Liga,451
Harry Maguire,Manchester Utd,1. Premier League,452
Andrea Favilli,Genoa,1. Serie A,453
Sergio Postigo,Levante,1. La Liga,454
Corentin Tolisso,Bayern Munich,1. Bundesliga,455
Yussuf Poulsen,RB Leipzig,1. Bundesliga,456
Aaron Ramsey,Juventus,1. Serie A,457
Federico Fernández,Newcastle Utd,1. Premier League,458
Sergio Reguilón,Sevilla,1. La Liga,459
Nacho Vidal,Osasuna,1. La Liga,460
Domenico Berardi,Sassuolo,1. Serie A,461
Jordan Ayew,Crystal Palace,1. Premier League,462
Kevin Lasagna,Udinese,1. Serie A,463
Angeliño,RB Leipzig,1. Bundesliga,464
Raphaël Varane,Real Madrid,1. La Liga,465
Fredrik Jensen,Augsburg,1. Bundesliga,466
Juraj Kucka,Parma,1. Serie A,467
Berat Djimsiti,Atalanta,1. Serie A,468
Mário Rui,Napoli,1. Serie A,469
Álvaro Morata,Atlético Madrid,1. La Liga,470
Lorenzo Pellegrini,Roma,1. Serie A,471
Francesco Caputo,Sassuolo,1. Serie A,472
Pere Pons,Alavés,1. La Liga,473
Javi Martínez,Osasuna,1. La Liga,474
Dennis Geiger,Hoffenheim,1. Bundesliga,475
Dwight Gayle,Newcastle Utd,1. Premier League,476
Unai García,Osasuna,1. La Liga,477
Josip Brekalo,Wolfsburg,1. Bundesliga,478
Giovani Lo Celso,Tottenham,1. Premier League,479
Domenico Criscito,Genoa,1. Serie A,480
Riccardo Sottil,Fiorentina,1. Serie A,481
Merih Demiral,Juventus,1. Serie A,482
Milan Badelj,Fiorentina,1. Serie A,483
Pascal Groß,Brighton,1. Premier League,484
Federico Dimarco,Inter,1. Serie A,485
Ludwig Augustinsson,Werder Bremen,1. Bundesliga,486
Christian Oliva,Cagliari,1. Serie A,487
Fernandinho,Manchester City,1. Premier League,488
Daniele Rugani,Juventus,1. Serie A,489
Gonzalo Melero,Levante,1. La Liga,490
Benjamin Pavard,Bayern Munich,1. Bundesliga,491
Axel Witsel,Dortmund,1. Bundesliga,492
Che Adams,Southampton,1. Premier League,493
Juan Jesus,Roma,1. Serie A,494
Andrea Masiello,Genoa,1. Serie A,495
Luis Suárez,Barcelona,1. La Liga,496
Bastian Oczipka,Schalke 04,1. Bundesliga,497
Lionel Messi,Barcelona,1. La Liga,498
Martín Cáceres,Fiorentina,1. Serie A,499
Demarai Gray,Leicester City,1. Premier League,500
Makoto Hasebe,Eint Frankfurt,1. Bundesliga,501
Patrick Cutrone,Wolves,1. Premier League,502
Billy Gilmour,Chelsea,1. Premier League,503
Vincenzo Grifo,Freiburg,1. Bundesliga,504
Håvard Nordtveit,Hoffenheim,1. Bundesliga,505
Niko Gießelmann,Düsseldorf,1. Bundesliga,506
Gerard Piqué,Barcelona,1. La Liga,507
Maxime Gonalons,Granada,1. La Liga,508
Calum Chambers,Arsenal,1. Premier League,509
João Pedro,Watford,1. Premier League,510
Bryan Cristante,Roma,1. Serie A,511
Joan Jordán,Sevilla,1. La Liga,512
Jeffrey Schlupp,Crystal Palace,1. Premier League,513
Alfonso Pedraza,Betis,1. La Liga,514
Roberto Soldado,Granada,1. La Liga,515
Sadio Mané,Liverpool,1. Premier League,516
Giacomo Bonaventura,Milan,1. Serie A,517
Iago,Augsburg,1. Bundesliga,518
Phil Bardsley,Burnley,1. Premier League,519
Alessio Romagnoli,Milan,1. Serie A,520
Gianluca Caprari,Sampdoria,1. Serie A,521
Martín Montoya,Brighton,1. Premier League,522
Cristian Tello,Betis,1. La Liga,523
Jerry St. Juste,Mainz 05,1. Bundesliga,524
Wilfried Zaha,Crystal Palace,1. Premier League,525
Lucas Höler,Freiburg,1. Bundesliga,526
Daniel Wass,Valencia,1. La Liga,527
Frenkie de Jong,Barcelona,1. La Liga,528
Ruben Loftus-Cheek,Chelsea,1. Premier League,529
Morgan Gibbs-White,Wolves,1. Premier League,530
Unai López,Athletic Club,1. La Liga,531
Marvin Zeegelaar,Udinese,1. Serie A,532
Jaume Costa,Valencia,1. La Liga,533
Jesse Lingard,Manchester Utd,1. Premier League,534
Mattia Caldara,Atalanta,1. Serie A,535
Ilija Nestorovski,Udinese,1. Serie A,536
Ryan Fredericks,West Ham,1. Premier League,537
Roger Martí,Levante,1. La Liga,538
Sergio Córdova,Augsburg,1. Bundesliga,539
Jan Bednarek,Southampton,1. Premier League,540
Kristoffer Askildsen,Sampdoria,1. Serie A,541
Ashley Young,Manchester Utd,1. Premier League,542
Matthijs de Ligt,Juventus,1. Serie A,543
Giovanni Di Lorenzo,Napoli,1. Serie A,544
Gonzalo Escalante,Eibar,1. La Liga,545
Ciro Immobile,Lazio,1. Serie A,546
Andreas Pereira,Manchester Utd,1. Premier League,547
William Troost-Ekong,Udinese,1. Serie A,548
Gerard Moreno,Villarreal,1. La Liga,549
Manolo Gabbiadini,Sampdoria,1. Serie A,550
Karim Onisiwo,Mainz 05,1. Bundesliga,551
Rob Holding,Arsenal,1. Premier League,552
Marvin Plattenhardt,Hertha BSC,1. Bundesliga,553
Giuseppe Pezzella,Parma,1. Serie A,554
Tommaso Augello,Sampdoria,1. Serie A,555
Stefan Posch,Hoffenheim,1. Bundesliga,556
Éder Militão,Real Madrid,1. La Liga,557
Ross Barkley,Chelsea,1. Premier League,558
Tanguy Ndombele,Tottenham,1. Premier League,559
Fabio Depaoli,Sampdoria,1. Serie A,560
Gian-Luca Itter,Freiburg,1. Bundesliga,561
Janik Haberer,Freiburg,1. Bundesliga,562
Raheem Sterling,Manchester City,1. Premier League,563
Federico Bonazzoli,Sampdoria,1. Serie A,564
William Carvalho,Betis,1. La Liga,565
Walace,Udinese,1. Serie A,566
Elseid Hysaj,Napoli,1. Serie A,567
Raúl Jiménez,Wolves,1. Premier League,568
Almamy Touré,Eint Frankfurt,1. Bundesliga,569
Lautaro Martínez,Inter,1. Serie A,570
Sergio Ramos,Real Madrid,1. La Liga,571
André Gomes,Everton,1. Premier League,572
Justin Kluivert,Roma,1. Serie A,573
Mehdi Bourabia,Sassuolo,1. Serie A,574
Ben Davies,Tottenham,1. Premier League,575
Jay Rodriguez,Burnley,1. Premier League,576
John Stones,Manchester City,1. Premier League,577
Issa Diop,West Ham,1. Premier League,578
Andrés Guardado,Betis,1. La Liga,579
Josh Sargent,Werder Bremen,1. Bundesliga,580
Nolito,Celta Vigo,1. La Liga,581
Amine Harit,Schalke 04,1. Bundesliga,582
Riqui Puig,Barcelona,1. La Liga,583
Santiago Arias,Atlético Madrid,1. La Liga,584
Denis Vavro,Lazio,1. Serie A,585
Nico Schlotterbeck,Freiburg,1. Bundesliga,586
Ezequiel Ávila,Osasuna,1. La Liga,587
Miguel,Valladolid,1. La Liga,588
Jetro Willems,Newcastle Utd,1. Premier League,589
Jordan Henderson,Liverpool,1. Premier League,590
Raúl García,Athletic Club,1. La Liga,591
Andrea Carboni,Cagliari,1. Serie A,592
Ola Aina,Torino,1. Serie A,593
Samuel Umtiti,Barcelona,1. La Liga,594
Stefano Okaka,Udinese,1. Serie A,595
Jack Cork,Burnley,1. Premier League,596
Omar Colley,Sampdoria,1. Serie A,597
Giangiacomo Magnani,Sassuolo,1. Serie A,598
Claudio Bravo,Manchester City,1. Premier League,599
Ethan Ampadu,RB Leipzig,1. Bundesliga,600
Jérôme Roussillon,Wolfsburg,1. Bundesliga,601
Edoardo Goldaniga,Genoa,1. Serie A,602
Mato Jajalo,Udinese,1. Serie A,603
Anthony Ujah,Union Berlin,1. Bundesliga,604
Steven Bergwijn,Tottenham,1. Premier League,605
Henrikh Mkhitaryan,Arsenal,1. Premier League,606
Achraf Hakimi,Dortmund,1. Bundesliga,607
Víctor Díaz,Granada,1. La Liga,608
Florin Andone,Brighton,1. Premier League,609
Niklas Süle,Bayern Munich,1. Bundesliga,610
Antonio Sanabria,Genoa,1. Serie A,611
Ansu Fati,Barcelona,1. La Liga,612
Ibrahima Konaté,RB Leipzig,1. Bundesliga,613
Kingsley Ehizibue,Köln,1. Bundesliga,614
Vicente Iborra,Villarreal,1. La Liga,615
Rafael Tolói,Atalanta,1. Serie A,616
Riccardo Orsolini,Bologna,1. Serie A,617
Nicola Sansone,Bologna,1. Serie A,618
Maximilian Eggestein,Werder Bremen,1. Bundesliga,619
Erik Thommy,Düsseldorf,1. Bundesliga,620
James Milner,Liverpool,1. Premier League,621
Lukáš Haraslín,Sassuolo,1. Serie A,622
Giacomo Raspadori,Sassuolo,1. Serie A,623
Alex Ferrari,Sampdoria,1. Serie A,624
Lucas Torreira,Arsenal,1. Premier League,625
Emil Krafth,Newcastle Utd,1. Premier League,626
Wilfried Singo,Torino,1. Serie A,627
Erik Durm,Eint Frankfurt,1. Bundesliga,628
Robin Koch,Freiburg,1. Bundesliga,629
Koray Günter,Hellas Verona,1. Serie A,630
Nahitan Nández,Cagliari,1. Serie A,631
Max Kilman,Wolves,1. Premier League,632
Ashley Barnes,Burnley,1. Premier League,633
James Ward-Prowse,Southampton,1. Premier League,634
Unai Núñez,Athletic Club,1. La Liga,635
Álex Berenguer,Torino,1. Serie A,636
Francesco Magnanelli,Sassuolo,1. Serie A,637
Rodrigo Bentancur,Juventus,1. Serie A,638
Karim Benzema,Real Madrid,1. La Liga,639
Ante Budimir,Mallorca,1. La Liga,640
Víctor Camarasa,Crystal Palace,1. Premier League,641
Víctor Laguardia,Alavés,1. La Liga,642
Darío Poveda,Atlético Madrid,1. La Liga,643
Diego Godín,Inter,1. Serie A,644
Raúl Albiol,Villarreal,1. La Liga,645
Gianluca Caprari,Parma,1. Serie A,646
Fikayo Tomori,Chelsea,1. Premier League,647
Adama Traoré,Wolves,1. Premier League,648
Lyanco,Torino,1. Serie A,649
Morten Thorsby,Sampdoria,1. Serie A,650
Fran Beltrán,Celta Vigo,1. La Liga,651
Robert Skov,Hoffenheim,1. Bundesliga,652
Davie Selke,Werder Bremen,1. Bundesliga,653
Melayro Bogarde,Hoffenheim,1. Bundesliga,654
Allan Saint-Maximin,Newcastle Utd,1. Premier League,655
Ridle Baku,Mainz 05,1. Bundesliga,656
Oriol Romeu,Southampton,1. Premier League,657
Moussa Diaby,Leverkusen,1. Bundesliga,658
Joelinton,Newcastle Utd,1. Premier League,659
Kalidou Koulibaly,Napoli,1. Serie A,660
Victor Lindelöf,Manchester Utd,1. Premier League,661
Sergi Guardiola,Valladolid,1. La Liga,662
John McGinn,Aston Villa,1. Premier League,663
Carles Pérez,Roma,1. Serie A,664
Solly March,Brighton,1. Premier League,665
Henrikh Mkhitaryan,Roma,1. Serie A,666
Ángel Correa,Atlético Madrid,1. La Liga,667
David García,Osasuna,1. La Liga,668
Mason Greenwood,Manchester Utd,1. Premier League,669
Davide Faraoni,Hellas Verona,1. Serie A,670
Allan,Napoli,1. Serie A,671
Virgil van Dijk,Liverpool,1. Premier League,672
Musa Barrow,Bologna,1. Serie A,673
Lucas Digne,Everton,1. Premier League,674
Valerio Verre,Hellas Verona,1. Serie A,675
Roberto Firmino,Liverpool,1. Premier League,676
Ximo Navarro,Alavés,1. La Liga,677
Juan Cuadrado,Juventus,1. Serie A,678
Callum Hudson-Odoi,Chelsea,1. Premier League,679
Stefano Sturaro,Genoa,1. Serie A,680
Ozan Kabak,Schalke 04,1. Bundesliga,681
Michael Gregoritsch,Augsburg,1. Bundesliga,682
Federico Chiesa,Fiorentina,1. Serie A,683
Wilfred Ndidi,Leicester City,1. Premier League,684
Marash Kumbulla,Hellas Verona,1. Serie A,685
Paco Alcácer,Villarreal,1. La Liga,686
Jesús Vallejo,Granada,1. La Liga,687
Juan Mata,Manchester Utd,1. Premier League,688
Duván Zapata,Atalanta,1. Serie A,689
Quini,Granada,1. La Liga,690
Benjamin Hübner,Hoffenheim,1. Bundesliga,691
Manuel Locatelli,Sassuolo,1. Serie A,692
Ander Guevara,Real Sociedad,1. La Liga,693
Willy Boly,Wolves,1. Premier League,694
Stefano Sensi,Inter,1. Serie A,695
Vitolo,Atlético Madrid,1. La Liga,696
Bram Nuytinck,Udinese,1. Serie A,697
Jonathan Burkardt,Mainz 05,1. Bundesliga,698
Willi Orban,RB Leipzig,1. Bundesliga,699
Kurt Zouma,Chelsea,1. Premier League,700
Giovanni Simeone,Cagliari,1. Serie A,701
Xherdan Shaqiri,Liverpool,1. Premier League,702
Milot Rashica,Werder Bremen,1. Bundesliga,703
Mattia Destro,Genoa,1. Serie A,704
Mahmoud Dahoud,Dortmund,1. Bundesliga,705
James Maddison,Leicester City,1. Premier League,706
Albin Ekdal,Sampdoria,1. Serie A,707
Mohammed Salisu,Valladolid,1. La Liga,708
Rubén García,Osasuna,1. La Liga,709
Goran Pandev,Genoa,1. Serie A,710
Jamaal Lascelles,Newcastle Utd,1. Premier League,711
Dimitri Foulquier,Watford,1. Premier League,712
Mason Mount,Chelsea,1. Premier League,713
Carles Pérez,Barcelona,1. La Liga,714
Roberto Gagliardini,Inter,1. Serie A,715
Pervis Estupiñán,Osasuna,1. La Liga,716
Gabriele Corbo,Bologna,1. Serie A,717
Marcus Ingvartsen,Union Berlin,1. Bundesliga,718
Jerdy Schouten,Bologna,1. Serie A,719
César Azpilicueta,Chelsea,1. Premier League,720
Ihlas Bebou,Hoffenheim,1. Bundesliga,721
Jorginho,Chelsea,1. Premier League,722
Andreas Christensen,Chelsea,1. Premier League,723
Rodrigo,Valencia,1. La Liga,724
Harry Kane,Tottenham,1. Premier League,725
Axel Tuanzebe,Manchester Utd,1. Premier League,726
Carlos Clerc,Levante,1. La Liga,727
Phil Foden,Manchester City,1. Premier League,728
Jens Stryger Larsen,Udinese,1. Serie A,729
José Ángel,Eibar,1. La Liga,730
Remo Freuler,Atalanta,1. Serie A,731
Víctor Camarasa,Alavés,1. La Liga,732
Dele Alli,Tottenham,1. Premier League,733
Conor Coady,Wolves,1. Premier League,734
Aarón Martín,Mainz 05,1. Bundesliga,735
Dries Mertens,Napoli,1. Serie A,736
Kyle Walker-Peters,Tottenham,1. Premier League,737
Trent Alexander-Arnold,Liverpool,1. Premier League,738
Giorgio Chiellini,Juventus,1. Serie A,739
Tomás Rincón,Torino,1. Serie A,740
Lorenzo Insigne,Napoli,1. Serie A,741
Mathías Olivera,Getafe,1. La Liga,742
Koffi Djidji,Torino,1. Serie A,743
Iker Muniain,Athletic Club,1. La Liga,744
Granit Xhaka,Arsenal,1. Premier League,745
Erick Cabaco,Getafe,1. La Liga,746
Philippe Coutinho,Bayern Munich,1. Bundesliga,747
Dominic Calvert-Lewin,Everton,1. Premier League,748
Lukas Klünter,Hertha BSC,1. Bundesliga,749
Mikel Vesga,Athletic Club,1. La Liga,750
Marvin Friedrich,Union Berlin,1. Bundesliga,751
Leon Goretzka,Bayern Munich,1. Bundesliga,752
Aritz Elustondo,Real Sociedad,1. La Liga,753
Nils Petersen,Freiburg,1. Bundesliga,754
Luca Ceppitelli,Cagliari,1. Serie A,755
Maximilian Mittelstädt,Hertha BSC,1. Bundesliga,756
Chris Smalling,Roma,1. Serie A,757
Christian Günter,Freiburg,1. Bundesliga,758
Lukas Klostermann,RB Leipzig,1. Bundesliga,759
Davinson Sánchez,Tottenham,1. Premier League,760
Ryan Bertrand,Southampton,1. Premier League,761
Kevin Akpoguma,Hoffenheim,1. Bundesliga,762
Lorenzo Venuti,Fiorentina,1. Serie A,763
Francesco Acerbi,Lazio,1. Serie A,764
Nicolò Rovella,Genoa,1. Serie A,765
Gian Marco Ferrari,Sassuolo,1. Serie A,766
Joël Matip,Liverpool,1. Premier League,767
João Cancelo,Manchester City,1. Premier League,768
Jesús Navas,Sevilla,1. La Liga,769
Youri Tielemans,Leicester City,1. Premier League,770
Paul Pogba,Manchester Utd,1. Premier League,771
Luis Alberto,Lazio,1. Serie A,772
Grischa Prömel,Union Berlin,1. Bundesliga,773
Takefusa Kubo,Mallorca,1. La Liga,774
Pablo Piatti,Espanyol,1. La Liga,775
Thorgan Hazard,Dortmund,1. Bundesliga,776
Iñaki Williams,Athletic Club,1. La Liga,777
Kevin Möhwald,Werder Bremen,1. Bundesliga,778
Andreas Skov Olsen,Bologna,1. Serie A,779
Lucas Vázquez,Real Madrid,1. La Liga,780
David Timor,Getafe,1. La Liga,781
Enis Bardhi,Levante,1. La Liga,782
Danny Welbeck,Watford,1. Premier League,783
Erick Cabaco,Levante,1. La Liga,784
Robert Lewandowski,Bayern Munich,1. Bundesliga,785
Nicolò Zaniolo,Roma,1. Serie A,786
Andros Townsend,Crystal Palace,1. Premier League,787
Mikel Balenziaga,Athletic Club,1. La Liga,788
Josh Brownhill,Burnley,1. Premier League,789
Borja Mayoral,Levante,1. La Liga,790
Coke,Levante,1. La Liga,791
Gastón Pereiro,Cagliari,1. Serie A,792
Anthony Martial,Manchester Utd,1. Premier League,793
Emil Forsberg,RB Leipzig,1. Bundesliga,794
Ellyes Skhiri,Köln,1. Bundesliga,795
Alex Iwobi,Everton,1. Premier League,796
Robin Le Normand,Real Sociedad,1. La Liga,797
Mario Hermoso,Atlético Madrid,1. La Liga,798
Nicolas Pépé,Arsenal,1. Premier League,799
Yves Bissouma,Brighton,1. Premier League,800
Toni Kroos,Real Madrid,1. La Liga,801
Ángel Montoro,Granada,1. La Liga,802
Ayoze Pérez,Leicester City,1. Premier League,803
Benno Schmitz,Köln,1. Bundesliga,804
Javi López,Alavés,1. La Liga,805
Darwin Machís,Granada,1. La Liga,806
Kai Havertz,Leverkusen,1. Bundesliga,807
Fabinho,Liverpool,1. Premier League,808
Simon Kjær,Milan,1. Serie A,809
Édgar Méndez,Alavés,1. La Liga,810
Nicolò Barella,Inter,1. Serie A,811
Samuel Chukwueze,Villarreal,1. La Liga,812
Daniel Ginczek,Wolfsburg,1. Bundesliga,813
Mattia Bani,Bologna,1. Serie A,814
Mauro Arambarri,Getafe,1. La Liga,815
Reece Oxford,Augsburg,1. Bundesliga,816
Niklas Stark,Hertha BSC,1. Bundesliga,817
Kostas Manolas,Napoli,1. Serie A,818
Koke,Atlético Madrid,1. La Liga,819
Jason,Getafe,1. La Liga,820
Jacopo Da Riva,Atalanta,1. Serie A,821
Diogo Dalot,Manchester Utd,1. Premier League,822
Josuha Guilavogui,Wolfsburg,1. Bundesliga,823
Jaime Mata,Getafe,1. La Liga,824
Manu Vallejo,Valencia,1. La Liga,825
Theo Walcott,Everton,1. Premier League,826
Romelu Lukaku,Inter,1. Serie A,827
David Silva,Manchester City,1. Premier League,828
Rubén Rochina,Levante,1. La Liga,829
Raphaël Guerreiro,Dortmund,1. Bundesliga,830
Cengiz Ünder,Roma,1. Serie A,831
Timothy Castagne,Atalanta,1. Serie A,832
Cristian Ansaldi,Torino,1. Serie A,833
Marten de Roon,Atalanta,1. Serie A,834
Diego Demme,Napoli,1. Serie A,835
Stanislav Lobotka,Napoli,1. Serie A,836
Daichi Kamada,Eint Frankfurt,1. Bundesliga,837
Leon Bailey,Leverkusen,1. Bundesliga,838
Lucas Leiva,Lazio,1. Serie A,839
Eric Bailly,Manchester Utd,1. Premier League,840
Samu Castillejo,Milan,1. Serie A,841
Rubén Peña,Villarreal,1. La Liga,842
Antonio Barragán,Betis,1. La Liga,843
Aihen Muñoz,Real Sociedad,1. La Liga,844
Dwight McNeil,Burnley,1. Premier League,845
Youssef En-Nesyri,Leganés,1. La Liga,846
Diego Carlos,Sevilla,1. La Liga,847
Jonas Hector,Köln,1. Bundesliga,848
Mikel Merino,Real Sociedad,1. La Liga,849
James Tarkowski,Burnley,1. Premier League,850
Sergio Agüero,Manchester City,1. Premier League,851
Douglas Luiz,Aston Villa,1. Premier League,852
Tom Davies,Everton,1. Premier League,853
Jonathan Tah,Leverkusen,1. Bundesliga,854
Dani Ceballos,Arsenal,1. Premier League,855
Exequiel Palacios,Leverkusen,1. Bundesliga,856
Giorgos Kyriakopoulos,Sassuolo,1. Serie A,857
Jonjo Shelvey,Newcastle Utd,1. Premier League,858
Serge Gnabry,Bayern Munich,1. Bundesliga,859
Marc Bartra,Betis,1. La Liga,860
Danilo Cataldi,Lazio,1. Serie A,861
Michael Keane,Everton,1. Premier League,862
Joseph Aidoo,Celta Vigo,1. La Liga,863
Jérôme Boateng,Bayern Munich,1. Bundesliga,864
Federico Peluso,Sassuolo,1. Serie A,865
Ben Mee,Burnley,1. Premier League,866
Raúl Moro,Lazio,1. Serie A,867
Nacho,Real Madrid,1. La Liga,868
Lucas Moura,Tottenham,1. Premier League,869
Gonzalo Villar,Roma,1. Serie A,870
Jadon Sancho,Dortmund,1. Bundesliga,871
Kevin Vogt,Hoffenheim,1. Bundesliga,872
Adrien Tameze,Atalanta,1. Serie A,873
Stuart Armstrong,Southampton,1. Premier League,874
Romain Saïss,Wolves,1. Premier League,875
Patrick Cutrone,Fiorentina,1. Serie A,876
Emre Can,Juventus,1. Serie A,877
Konrad Laimer,RB Leipzig,1. Bundesliga,878
Nélson Semedo,Barcelona,1. La Liga,879
Noah Katterbach,Köln,1. Bundesliga,880
Germán Pezzella,Fiorentina,1. Serie A,881
Cheikhou Kouyaté,Crystal Palace,1. Premier League,882
Geoffrey Kondogbia,Valencia,1. La Liga,883
Samuel Di Carmine,Hellas Verona,1. Serie A,884
Hans Hateboer,Atalanta,1. Serie A,885
Adama Soumaoro,Genoa,1. Serie A,886
Alexander Hack,Mainz 05,1. Bundesliga,887
Kike,Eibar,1. La Liga,888
Alexis Saelemaekers,Milan,1. Serie A,889
Marco Asensio,Real Madrid,1. La Liga,890
Jordan Veretout,Roma,1. Serie A,891
Grégoire Defrel,Sassuolo,1. Serie A,892
Luuk de Jong,Sevilla,1. La Liga,893
Adam Webster,Brighton,1. Premier League,894
Keven Schlotterbeck,Union Berlin,1. Bundesliga,895
Héctor Bellerín,Arsenal,1. Premier League,896
Alfred Duncan,Fiorentina,1. Serie A,897
Arthur Masuaku,West Ham,1. Premier League,898
Rani Khedira,Augsburg,1. Bundesliga,899
Karol Linetty,Sampdoria,1. Serie A,900
Musa Barrow,Atalanta,1. Serie A,901
Marco Benassi,Fiorentina,1. Serie A,902
Ronald Araújo,Barcelona,1. La Liga,903
Chris Wood,Burnley,1. Premier League,904
Sofyan Amrabat,Hellas Verona,1. Serie A,905
Nicolas Nkoulou,Torino,1. Serie A,906
Matteo Darmian,Parma,1. Serie A,907
Mark Noble,West Ham,1. Premier League,908
Denis Suárez,Celta Vigo,1. La Liga,909
Igor Zubeldia,Real Sociedad,1. La Liga,910
Juan Foyth,Tottenham,1. Premier League,911
Alberto Grassi,Parma,1. Serie A,912
Kyle Walker-Peters,Southampton,1. Premier League,913
Jeremy Toljan,Sassuolo,1. Serie A,914
Maya Yoshida,Sampdoria,1. Serie A,915
Martin Palumbo,Udinese,1. Serie A,916
Roberto Piccoli,Atalanta,1. Serie A,917
Christoph Baumgartner,Hoffenheim,1. Bundesliga,918
Alessandro Schöpf,Schalke 04,1. Bundesliga,919
Philipp Lienhart,Freiburg,1. Bundesliga,920
Wout Weghorst,Wolfsburg,1. Bundesliga,921
Paulo Dybala,Juventus,1. Serie A,922
Alfred Duncan,Sassuolo,1. Serie A,923
Borja Iglesias,Betis,1. La Liga,924
Igor,Fiorentina,1. Serie A,925
Takehiro Tomiyasu,Bologna,1. Serie A,926
Carlos Gruezo,Augsburg,1. Bundesliga,927
Federico Valverde,Real Madrid,1. La Liga,928
Erling Haaland,Dortmund,1. Bundesliga,929
Pau Torres,Villarreal,1. La Liga,930
Iñigo Lekue,Athletic Club,1. La Liga,931
Karim Bellarabi,Leverkusen,1. Bundesliga,932
Robert Andrich,Union Berlin,1. Bundesliga,933
Taiwo Awoniyi,Mainz 05,1. Bundesliga,934
Kévin Rodrigues,Leganés,1. La Liga,935
Eric García,Manchester City,1. Premier League,936
Jorge Meré,Köln,1. Bundesliga,937
Manuel Lazzari,Lazio,1. Serie A,938
Maxi Gómez,Valencia,1. La Liga,939
Casemiro,Real Madrid,1. La Liga,940
Mamadou Sakho,Crystal Palace,1. Premier League,941
Martin Ødegaard,Real Sociedad,1. La Liga,942
Rolando Mandragora,Udinese,1. Serie A,943
Neco Williams,Liverpool,1. Premier League,944
Nicolás Domínguez,Bologna,1. Serie A,945
Bruno Fernandes,Manchester Utd,1. Premier League,946
Anwar El Ghazi,Aston Villa,1. Premier League,947
Alberto Moreno,Villarreal,1. La Liga,948
Suso,Milan,1. Serie A,949
Yannick Gerhardt,Wolfsburg,1. Bundesliga,950
Xaver Schlager,Wolfsburg,1. Bundesliga,951
Alphonso Davies,Bayern Munich,1. Bundesliga,952
Joel Pohjanpalo,Leverkusen,1. Bundesliga,953
Djibril Sow,Eint Frankfurt,1. Bundesliga,954
Dominique Heintz,Freiburg,1. Bundesliga,955
Marc Cucurella,Getafe,1. La Liga,956
Jon Pacheco,Real Sociedad,1. La Liga,957
Dimitri Foulquier,Granada,1. La Liga,958
Robin Knoche,Wolfsburg,1. Bundesliga,959
Carlos Neva,Granada,1. La Liga,960
Alexandre Lacazette,Arsenal,1. Premier League,961
Hannes Wolf,RB Leipzig,1. Bundesliga,962
Federico Santander,Bologna,1. Serie A,963
Álvaro Odriozola,Bayern Munich,1. Bundesliga,964
Ondrej Duda,Hertha BSC,1. Bundesliga,965
Julian Brandt,Dortmund,1. Bundesliga,966
Sergio Escudero,Sevilla,1. La Liga,967
Ebrima Colley,Atalanta,1. Serie A,968
Matheus Cunha,Hertha BSC,1. Bundesliga,969
Cristiano Ronaldo,Juventus,1. Serie A,970
Thomas Delaney,Dortmund,1. Bundesliga,971
Cristian Romero,Genoa,1. Serie A,972
Sheraldo Becker,Union Berlin,1. Bundesliga,973
Igor,SPAL,1. Serie A,974
Nemanja Radoja,Levante,1. La Liga,975
Damián Suárez,Getafe,1. La Liga,976
Daniele Baselli,Torino,1. Serie A,977
Portu,Real Sociedad,1. La Liga,978
Manuel Gulde,Freiburg,1. Bundesliga,979
Martín Zubimendi,Real Sociedad,1. La Liga,980
Adam Lallana,Liverpool,1. Premier League,981
Mouctar Diakhaby,Valencia,1. La Liga,982
Andrea Belotti,Torino,1. Serie A,983
Antoine Griezmann,Barcelona,1. La Liga,984
Serge Aurier,Tottenham,1. Premier League,985
Angelo Ogbonna,West Ham,1. Premier League,986
Stefan Ilsanker,Eint Frankfurt,1. Bundesliga,987
Jeison Murillo,Celta Vigo,1. La Liga,988
Gabriel Paulista,Valencia,1. La Liga,989
Daniel Caligiuri,Schalke 04,1. Bundesliga,990
Theo Hernández,Milan,1. Serie A,991
Willian José,Real Sociedad,1. La Liga,992
Dejan Kulusevski,Parma,1. Serie A,993
Divock Origi,Liverpool,1. Premier League,994
Erick Pulgar,Fiorentina,1. Serie A,995
Danny Rose,Newcastle Utd,1. Premier League,996
Daniel James,Manchester Utd,1. Premier League,997
Ben Chilwell,Leicester City,1. Premier League,998
Antonio Candreva,Inter,1. Serie A,999
Kostas Stafylidis,Hoffenheim,1. Bundesliga,1000
Joel Ward,Crystal Palace,1. Premier League,1001
Nabil Fekir,Betis,1. La Liga,1002
Roland Sallai,Freiburg,1. Bundesliga,1003
Jan Thielmann,Köln,1. Bundesliga,1004
Jonathan Schmid,Freiburg,1. Bundesliga,1005
Ander Capa,Athletic Club,1. La Liga,1006
Jean-Philippe Mateta,Mainz 05,1. Bundesliga,1007
Manu Trigueros,Villarreal,1. La Liga,1008
Georginio Wijnaldum,Liverpool,1. Premier League,1009
Sergi Roberto,Barcelona,1. La Liga,1010
Jean-Paul Boëtius,Mainz 05,1. Bundesliga,1011
Jack Grealish,Aston Villa,1. Premier League,1012
Weston McKennie,Schalke 04,1. Bundesliga,1013
Leandro Trossard,Brighton,1. Premier League,1014
Rúben Neves,Wolves,1. Premier League,1015
Marc Roca,Espanyol,1. La Liga,1016
Mario Gaspar,Villarreal,1. La Liga,1017
Luiz Felipe,Lazio,1. Serie A,1018
Jannik Vestergaard,Southampton,1. Premier League,1019
Thomas Müller,Bayern Munich,1. Bundesliga,1020
Kerem Demirbay,Leverkusen,1. Bundesliga,1021
Davide Biraschi,Genoa,1. Serie A,1022
Jack Stephens,Southampton,1. Premier League,1023
Guido Carrillo,Leganés,1. La Liga,1024
Tariq Lamptey,Chelsea,1. Premier League,1025
Florian Grillitsch,Hoffenheim,1. Bundesliga,1026
Kevin Long,Burnley,1. Premier League,1027
Lorenzo Tonelli,Sampdoria,1. Serie A,1028
Sean Longstaff,Newcastle Utd,1. Premier League,1029
Phil Jones,Manchester Utd,1. Premier League,1030
Rodri,Manchester City,1. Premier League,1031
Andrea Conti,Milan,1. Serie A,1032
Declan Rice,West Ham,1. Premier League,1033
Kevin Vogt,Werder Bremen,1. Bundesliga,1034
Lewis Dunk,Brighton,1. Premier League,1035
Matteo Pessina,Hellas Verona,1. Serie A,1036
Hamza Choudhury,Leicester City,1. Premier League,1037
José Luis Palomino,Atalanta,1. Serie A,1038
N'Golo Kanté,Chelsea,1. Premier League,1039
John Brooks,Wolfsburg,1. Bundesliga,1040
Florian Wirtz,Leverkusen,1. Bundesliga,1041
