id,season,country,comp_level,lg_finish,squad,age,minutes_90s,sca,sca_per90,gca,gca_per90
0000acda,2019-2020,ITA,1. Serie A,10th,Fiorentina,24,10.9,27,2.48,2,0.18
00242715,2019-2020,GER,1. Bundesliga,13th,Mainz 05,23,33,25,0.76,3,0.09
00242b75,2019-2020,GER,1. Bundesliga,13th,Mainz 05,19,10.4,14,1.34,3,0.29
0076ab7f,2019-2020,ESP,1. La Liga,4th,Sevilla,27,13.5,12,0.89,1,0.07
009a4f60,2019-2020,GER,1. Bundesliga,11th,Union Berlin,21,4.1,2,0.49,0,0
00b28772,2019-2020,ESP,1. La Liga,8th,Getafe,24,32.2,37,1.15,3,0.09
01226327,2019-2020,ENG,1. Premier League,11th,Southampton,29,30.5,62,2.04,1,0.03
01834aa0,2019-2020,GER,1. Bundesliga,14th,Köln,20,27.2,14,0.51,0,0
01b8a2b2,2019-2020,ITA,1. Serie A,1st,Juventus,29,28.8,3,0.1,1,0.03
01c3aff5,2019-2020,GER,1. Bundesliga,12th,Schalke 04,20,23,50,2.17,2,0.09
01eb744d,2019-2020,ESP,1. La Liga,3rd,Atlético Madrid,24,22.9,65,2.84,10,0.44
01efac19,2019-2020,ITA,1. Serie A,18th,Lecce,24,15.2,42,2.76,5,0.33
01efac19,2019-2020,ITA,1. Serie A,13th,Udinese,24,2.2,6,2.78,0,0
02319ad7,2019-2020,ESP,1. La Liga,8th,Getafe,30,30.5,68,2.23,9,0.29
02b29014,2019-2020,ENG,1. Premier League,19th,Watford,26,35.1,84,2.4,6,0.17
02c15616,2019-2020,ESP,1. La Liga,3rd,Atlético Madrid,24,15.2,27,1.78,7,0.46
02caf6e0,2019-2020,ITA,1. Serie A,4th,Lazio,25,28.3,60,2.12,6,0.21
02ef8778,2019-2020,ESP,1. La Liga,20th,Espanyol,24,11.9,27,2.26,1,0.08
0313a347,2019-2020,ENG,1. Premier League,17th,Aston Villa,21,22.7,15,0.66,2,0.09
032f894e,2019-2020,GER,1. Bundesliga,1st,Bayern Munich,21,0.1,0,0,0,0
0375723e,2019-2020,ITA,1. Serie A,16th,Torino,27,23,85,3.69,13,0.56
03f946ed,2019-2020,ITA,1. Serie A,20th,SPAL,24,33.7,85,2.52,1,0.03
0420d84f,2019-2020,ENG,1. Premier League,12th,Everton,30,20.4,23,1.13,3,0.15
042e8a49,2019-2020,GER,1. Bundesliga,1st,Bayern Munich,23,16.7,76,4.54,10,0.6
0489bb30,2019-2020,ITA,1. Serie A,9th,Hellas Verona,17,7.6,19,2.51,0,0
048a1cbc,2019-2020,GER,1. Bundesliga,2nd,Dortmund,25,25.9,66,2.54,8,0.31
04965583,2019-2020,ESP,1. La Liga,16th,Alavés,29,24.1,71,2.95,9,0.37
04ac8285,2019-2020,ESP,1. La Liga,9th,Valencia,30,23.3,3,0.13,1,0.04
04e17fd5,2019-2020,ESP,1. La Liga,18th,Leganés,22,15.4,24,1.56,5,0.32
04e17fd5,2019-2020,ESP,1. La Liga,4th,Sevilla,22,8.8,6,0.68,0,0
05439de2,2019-2020,GER,1. Bundesliga,1st,Bayern Munich,27,27.8,38,1.37,2,0.07
054849d2,2019-2020,GER,1. Bundesliga,15th,Augsburg,22,7.5,5,0.67,0,0
056d2d95,2019-2020,GER,1. Bundesliga,11th,Union Berlin,32,31.8,78,2.45,9,0.28
05d548d8,2019-2020,GER,1. Bundesliga,2nd,Dortmund,30,28.7,22,0.77,5,0.17
05e19d6a,2019-2020,ITA,1. Serie A,6th,Milan,22,32.3,72,2.23,4,0.12
05f99a4a,2019-2020,GER,1. Bundesliga,13th,Mainz 05,19,2.8,4,1.42,0,0
070a3904,2019-2020,ESP,1. La Liga,20th,Espanyol,25,29.5,62,2.1,3,0.1
0728bebe,2019-2020,ITA,1. Serie A,10th,Fiorentina,22,29.7,98,3.3,6,0.2
0745b37d,2019-2020,ENG,1. Premier League,20th,Norwich City,29,32.1,55,1.72,4,0.12
07767f42,2019-2020,ITA,1. Serie A,8th,Sassuolo,34,15.5,21,1.35,0,0
07802f7f,2019-2020,ENG,1. Premier League,11th,Southampton,27,31.2,91,2.92,13,0.42
080440a4,2019-2020,GER,1. Bundesliga,9th,Eint Frankfurt,26,30.2,28,0.93,1,0.03
0821331c,2019-2020,ITA,1. Serie A,12th,Bologna,25,24.5,8,0.33,1,0.04
08511d65,2019-2020,ESP,1. La Liga,1st,Real Madrid,33,33.5,20,0.6,2,0.06
08593525,2019-2020,GER,1. Bundesliga,6th,Hoffenheim,23,14.6,16,1.1,3,0.21
085e71a7,2019-2020,ITA,1. Serie A,10th,Fiorentina,21,31,7,0.23,1,0.03
088ca1bd,2019-2020,GER,1. Bundesliga,8th,Freiburg,29,31.5,67,2.13,2,0.06
08990838,2019-2020,ITA,1. Serie A,4th,Lazio,23,3.6,1,0.27,0,0
08aa9cd1,2019-2020,ITA,1. Serie A,17th,Genoa,20,24.8,43,1.73,6,0.24
08f5afaa,2019-2020,ITA,1. Serie A,6th,Milan,20,35.6,1,0.03,0,0
091795f2,2019-2020,ITA,1. Serie A,12th,Bologna,19,1.4,0,0,0,0
09538fdb,2019-2020,ITA,1. Serie A,13th,Udinese,26,28.5,54,1.89,4,0.14
0959c2a2,2019-2020,ESP,1. La Liga,1st,Real Madrid,21,21.2,43,2.03,8,0.38
099e666f,2019-2020,GER,1. Bundesliga,12th,Schalke 04,22,30.2,31,1.03,3,0.1
09a9e921,2019-2020,ESP,1. La Liga,5th,Villarreal,32,7.6,12,1.57,2,0.26
0a3065c8,2019-2020,ITA,1. Serie A,12th,Bologna,26,11.2,16,1.43,0,0
0a3d6d2b,2019-2020,GER,1. Bundesliga,1st,Bayern Munich,19,0.1,0,0,0,0
0a3f6cde,2019-2020,GER,1. Bundesliga,18th,Paderborn 07,25,27.4,80,2.91,5,0.18
0a447501,2019-2020,ITA,1. Serie A,17th,Genoa,23,15.4,38,2.47,6,0.39
0a483542,2019-2020,ITA,1. Serie A,8th,Sassuolo,23,18.3,28,1.53,6,0.33
0ab1f153,2019-2020,ITA,1. Serie A,1st,Juventus,31,29.5,104,3.53,10,0.34
0ac94a23,2019-2020,ESP,1. La Liga,9th,Valencia,28,10.3,21,2.04,4,0.39
0ae4e09a,2019-2020,ESP,1. La Liga,12th,Levante,28,25.2,41,1.63,4,0.16
0b33f6ad,2019-2020,ESP,1. La Liga,13th,Valladolid,20,30.3,4,0.13,2,0.07
0b5a292a,2019-2020,ITA,1. Serie A,7th,Napoli,28,21.8,76,3.48,4,0.18
0b90bb97,2019-2020,ESP,1. La Liga,17th,Celta Vigo,23,21.6,49,2.27,7,0.32
0ba976e4,2019-2020,ESP,1. La Liga,2nd,Barcelona,16,11.4,38,3.33,3,0.26
0bc4e720,2019-2020,ESP,1. La Liga,9th,Valencia,22,4.6,11,2.37,1,0.22
0c2ac3cb,2019-2020,ESP,1. La Liga,2nd,Barcelona,26,2.1,13,6.29,0,0
0c2ac3cb,2019-2020,ESP,1. La Liga,17th,Celta Vigo,26,23.5,63,2.69,6,0.26
0c61c77c,2019-2020,GER,1. Bundesliga,10th,Hertha BSC,21,22.6,66,2.92,11,0.49
0cc5f4a5,2019-2020,GER,1. Bundesliga,7th,Wolfsburg,20,1.5,6,4.12,0,0
0ccac09c,2019-2020,ITA,1. Serie A,19th,Brescia,26,35.2,63,1.79,3,0.09
0d077b88,2019-2020,ITA,1. Serie A,8th,Sassuolo,27,10.3,25,2.43,5,0.49
0d422df7,2019-2020,ITA,1. Serie A,9th,Hellas Verona,28,35,3,0.09,0,0
0d4ceb32,2019-2020,ENG,1. Premier League,10th,Burnley,27,9.1,21,2.31,3,0.33
0d55d942,2019-2020,GER,1. Bundesliga,8th,Freiburg,27,23.2,2,0.09,0,0
0d82903c,2019-2020,ITA,1. Serie A,1st,Juventus,28,26.5,71,2.68,6,0.23
0db169ae,2019-2020,ITA,1. Serie A,19th,Brescia,19,33.5,117,3.49,13,0.39
0db5d2c8,2019-2020,GER,1. Bundesliga,17th,Düsseldorf,29,5.5,2,0.36,1,0.18
0dfce079,2019-2020,ITA,1. Serie A,9th,Hellas Verona,23,3,0,0,0,0
0e0102eb,2019-2020,GER,1. Bundesliga,7th,Wolfsburg,20,0.9,1,1.11,0,0
0e4fef6e,2019-2020,GER,1. Bundesliga,9th,Eint Frankfurt,25,3.7,5,1.36,0,0
0e50f929,2019-2020,ESP,1. La Liga,10th,Osasuna,29,12.9,23,1.78,2,0.16
0e7ccfc4,2019-2020,ESP,1. La Liga,20th,Espanyol,28,3,11,3.68,0,0
0ef89a37,2019-2020,GER,1. Bundesliga,1st,Bayern Munich,27,15.7,78,4.98,11,0.7
0fbecd11,2019-2020,GER,1. Bundesliga,9th,Eint Frankfurt,25,16.1,40,2.49,5,0.31
10072610,2019-2020,ENG,1. Premier League,2nd,Manchester City,36,3.9,0,0,0,0
101da2b5,2019-2020,ENG,1. Premier League,2nd,Manchester City,34,26.6,27,1.01,5,0.19
1025db8e,2019-2020,GER,1. Bundesliga,15th,Augsburg,28,18.3,10,0.55,2,0.11
106bca06,2019-2020,GER,1. Bundesliga,12th,Schalke 04,25,15.9,27,1.7,3,0.19
10b9fa99,2019-2020,GER,1. Bundesliga,3rd,RB Leipzig,18,0.9,0,0,0,0
10dc46f0,2019-2020,ITA,1. Serie A,16th,Torino,32,36,3,0.08,0,0
10e7f486,2019-2020,ITA,1. Serie A,8th,Sassuolo,21,11.3,29,2.57,3,0.27
111c3236,2019-2020,ENG,1. Premier League,12th,Everton,29,13.2,18,1.36,2,0.15
112521d1,2019-2020,ESP,1. La Liga,20th,Espanyol,21,12.1,23,1.9,2,0.17
119b9a8e,2019-2020,ENG,1. Premier League,2nd,Manchester City,25,12.2,8,0.66,0,0
11b9265b,2019-2020,ESP,1. La Liga,5th,Villarreal,27,16.3,19,1.16,2,0.12
11fd2b75,2019-2020,GER,1. Bundesliga,12th,Schalke 04,26,22.5,17,0.76,2,0.09
1238a3f9,2019-2020,GER,1. Bundesliga,10th,Hertha BSC,24,10.7,18,1.69,1,0.09
1238a3f9,2019-2020,GER,1. Bundesliga,16th,Werder Bremen,24,5.1,8,1.56,0,0
1265a93a,2019-2020,ENG,1. Premier League,4th,Chelsea,19,16.8,48,2.85,4,0.24
1295552e,2019-2020,ITA,1. Serie A,8th,Sassuolo,20,14.1,31,2.19,4,0.28
129af0db,2019-2020,ESP,1. La Liga,3rd,Atlético Madrid,26,23.3,55,2.36,5,0.21
12c50af5,2019-2020,ESP,1. La Liga,17th,Celta Vigo,25,18.1,57,3.15,5,0.28
130a7a3f,2019-2020,ITA,1. Serie A,6th,Milan,24,13.4,66,4.91,6,0.45
13203c45,2019-2020,GER,1. Bundesliga,7th,Wolfsburg,26,26.3,48,1.83,5,0.19
132ac341,2019-2020,ESP,1. La Liga,10th,Osasuna,30,29,10,0.34,0,0
149c5f5d,2019-2020,ITA,1. Serie A,11th,Parma,21,10.5,15,1.42,1,0.09
149c5f5d,2019-2020,ITA,1. Serie A,13th,Udinese,21,0.9,3,3.38,0,0
14b8fcdf,2019-2020,ITA,1. Serie A,1st,Juventus,25,7.7,3,0.39,1,0.13
157d29b6,2019-2020,ITA,1. Serie A,18th,Lecce,29,9.2,37,4.04,4,0.44
15b287da,2019-2020,GER,1. Bundesliga,9th,Eint Frankfurt,22,21.9,87,3.98,11,0.5
15d0c248,2019-2020,ITA,1. Serie A,4th,Lazio,22,22.5,15,0.67,6,0.27
15ea812b,2019-2020,ENG,1. Premier League,10th,Burnley,26,38,27,0.71,7,0.18
15f3ec41,2019-2020,ENG,1. Premier League,4th,Chelsea,18,9.6,45,4.69,6,0.63
162efffd,2019-2020,ITA,1. Serie A,13th,Udinese,25,31.4,141,4.5,16,0.51
16657b95,2019-2020,ITA,1. Serie A,5th,Roma,24,18,42,2.34,5,0.28
16aa3654,2019-2020,ESP,1. La Liga,19th,Mallorca,18,25.7,91,3.54,18,0.7
16b9d5cf,2019-2020,ITA,1. Serie A,7th,Napoli,27,20,13,0.65,1,0.05
16bb656a,2019-2020,ITA,1. Serie A,9th,Hellas Verona,24,7.7,5,0.65,0,0
16ceb862,2019-2020,ENG,1. Premier League,4th,Chelsea,32,11,20,1.81,4,0.36
16daec92,2019-2020,GER,1. Bundesliga,9th,Eint Frankfurt,24,11.6,31,2.66,3,0.26
16e9d0ea,2019-2020,ESP,1. La Liga,15th,Betis,26,25.2,58,2.3,5,0.2
173061c0,2019-2020,ITA,1. Serie A,11th,Parma,29,28.9,47,1.62,7,0.24
17376543,2019-2020,GER,1. Bundesliga,11th,Union Berlin,31,33,4,0.12,0,0
174651c8,2019-2020,ESP,1. La Liga,8th,Getafe,29,10.5,18,1.72,0,0
1770bd68,2019-2020,ITA,1. Serie A,13th,Udinese,25,27.3,72,2.64,2,0.07
178ae8f8,2019-2020,ENG,1. Premier League,7th,Wolves,22,25.4,91,3.59,6,0.24
17f3620a,2019-2020,GER,1. Bundesliga,10th,Hertha BSC,24,10.1,21,2.08,5,0.5
17f3620a,2019-2020,ITA,1. Serie A,6th,Milan,24,13.1,28,2.13,3,0.23
1840e36d,2019-2020,ESP,1. La Liga,1st,Real Madrid,27,34,1,0.03,0,0
1880614f,2019-2020,ITA,1. Serie A,5th,Roma,22,9.7,48,4.95,2,0.21
18abe173,2019-2020,ESP,1. La Liga,17th,Celta Vigo,23,27.8,13,0.47,2,0.07
18b896d6,2019-2020,ENG,1. Premier League,4th,Chelsea,26,19,9,0.47,0,0
1900032e,2019-2020,ENG,1. Premier League,11th,Southampton,26,16.6,6,0.36,1,0.06
1961b2aa,2019-2020,ENG,1. Premier League,12th,Everton,26,16.2,29,1.79,2,0.12
19709006,2019-2020,ESP,1. La Liga,18th,Leganés,21,21.3,69,3.24,5,0.24
197640fd,2019-2020,ITA,1. Serie A,3rd,Atalanta,23,19.7,45,2.29,7,0.36
19b776e9,2019-2020,ESP,1. La Liga,9th,Valencia,27,1.9,6,3.18,0,0
19e4eab9,2019-2020,ITA,1. Serie A,13th,Udinese,23,24.6,10,0.41,2,0.08
1ae30132,2019-2020,ENG,1. Premier League,10th,Burnley,34,21,20,0.95,1,0.05
1ae836b1,2019-2020,GER,1. Bundesliga,14th,Köln,21,6.9,19,2.74,7,1.01
1b84dbe1,2019-2020,ENG,1. Premier League,12th,Everton,26,33.7,104,3.09,10,0.3
1bacc518,2019-2020,ESP,1. La Liga,2nd,Barcelona,22,23.5,52,2.21,9,0.38
1bda5842,2019-2020,ESP,1. La Liga,6th,Real Sociedad,27,26.6,70,2.63,12,0.45
1bf33a9a,2019-2020,ENG,1. Premier League,4th,Chelsea,20,19.1,79,4.13,13,0.68
1bf811d4,2019-2020,ENG,1. Premier League,20th,Norwich City,25,14.4,20,1.39,0,0
1c7012b8,2019-2020,ENG,1. Premier League,16th,West Ham,20,38,47,1.24,7,0.18
1cadaf34,2019-2020,ITA,1. Serie A,3rd,Atalanta,18,0.2,1,5.29,0,0
1cb49278,2019-2020,ENG,1. Premier League,4th,Chelsea,23,19.5,11,0.57,1,0.05
1cbe4984,2019-2020,GER,1. Bundesliga,7th,Wolfsburg,24,4.2,15,3.55,1,0.24
1d0bb7e4,2019-2020,ITA,1. Serie A,3rd,Atalanta,19,3.1,2,0.64,0,0
1d1691ad,2019-2020,GER,1. Bundesliga,1st,Bayern Munich,23,1.7,5,2.96,0,0
1d1691ad,2019-2020,ESP,1. La Liga,1st,Real Madrid,23,3.8,10,2.62,2,0.52
1d8e9add,2019-2020,GER,1. Bundesliga,6th,Hoffenheim,27,10.7,4,0.37,0,0
1d8e9add,2019-2020,GER,1. Bundesliga,16th,Werder Bremen,27,12.3,7,0.57,0,0
1daec722,2019-2020,ESP,1. La Liga,8th,Getafe,21,36,93,2.59,9,0.25
1ea5f91c,2019-2020,ITA,1. Serie A,15th,Sampdoria,23,23.3,67,2.88,7,0.3
1ecb65be,2019-2020,ENG,1. Premier League,12th,Everton,30,14.3,32,2.24,4,0.28
1ef37668,2019-2020,ENG,1. Premier League,10th,Burnley,30,20.9,24,1.15,4,0.19
1f079188,2019-2020,ESP,1. La Liga,5th,Villarreal,28,21.2,29,1.37,4,0.19
1f44ac21,2019-2020,GER,1. Bundesliga,2nd,Dortmund,19,11.8,25,2.12,7,0.59
1fb1c435,2019-2020,ESP,1. La Liga,9th,Valencia,28,20.9,44,2.11,12,0.57
1fca9171,2019-2020,ITA,1. Serie A,20th,SPAL,25,12,41,3.41,2,0.17
1fda91b3,2019-2020,GER,1. Bundesliga,6th,Hoffenheim,17,0.6,0,0,0,0
1fe0492d,2019-2020,ESP,1. La Liga,16th,Alavés,23,29.6,37,1.25,6,0.2
1fe67e86,2019-2020,ESP,1. La Liga,11th,Athletic Club,31,6.3,2,0.32,0,0
20030c06,2019-2020,GER,1. Bundesliga,3rd,RB Leipzig,26,9.5,13,1.37,0,0
200e89e1,2019-2020,ESP,1. La Liga,6th,Real Sociedad,17,4.9,19,3.87,0,0
20730eae,2019-2020,ITA,1. Serie A,6th,Milan,20,15.6,59,3.78,7,0.45
20b3a502,2019-2020,ITA,1. Serie A,12th,Bologna,21,7.8,20,2.58,1,0.13
20b9f052,2019-2020,ITA,1. Serie A,5th,Roma,24,32,2,0.06,0,0
21166ff4,2019-2020,ENG,1. Premier League,5th,Leicester City,23,33.7,14,0.42,0,0
2146785a,2019-2020,ITA,1. Serie A,6th,Milan,22,18,28,1.55,5,0.28
21512407,2019-2020,ESP,1. La Liga,3rd,Atlético Madrid,28,22,69,3.14,8,0.36
217875a4,2019-2020,ITA,1. Serie A,14th,Cagliari,19,12.9,5,0.39,0,0
217c93a1,2019-2020,GER,1. Bundesliga,10th,Hertha BSC,17,0.4,0,0,0,0
21a66f6a,2019-2020,ENG,1. Premier League,6th,Tottenham,26,28.7,54,1.88,6,0.21
2200181e,2019-2020,GER,1. Bundesliga,17th,Düsseldorf,24,30.3,31,1.02,3,0.1
228b0d9d,2019-2020,ESP,1. La Liga,6th,Real Sociedad,21,10.9,8,0.73,1,0.09
228f73ae,2019-2020,ITA,1. Serie A,7th,Napoli,25,2,10,5.11,0,0
22919e97,2019-2020,GER,1. Bundesliga,6th,Hoffenheim,26,8.3,20,2.41,4,0.48
229cd98a,2019-2020,GER,1. Bundesliga,15th,Augsburg,21,4.1,7,1.72,4,0.98
230a2fac,2019-2020,ITA,1. Serie A,7th,Napoli,25,33,62,1.88,5,0.15
2327c29e,2019-2020,ESP,1. La Liga,12th,Levante,27,7.3,22,3.03,0,0
2334478a,2019-2020,ITA,1. Serie A,17th,Genoa,26,13.9,28,2.01,4,0.29
240d3a0b,2019-2020,ESP,1. La Liga,11th,Athletic Club,29,33.7,25,0.74,1,0.03
246d153b,2019-2020,ITA,1. Serie A,16th,Torino,22,23.1,46,1.99,7,0.3
24f59bb2,2019-2020,ESP,1. La Liga,2nd,Barcelona,22,11.3,15,1.33,3,0.27
253a06b9,2019-2020,ESP,1. La Liga,10th,Osasuna,25,17.7,50,2.83,7,0.4
254147d4,2019-2020,ENG,1. Premier League,11th,Southampton,21,10.3,40,3.88,6,0.58
25ab9c9c,2019-2020,GER,1. Bundesliga,8th,Freiburg,28,15.2,17,1.12,1,0.07
2628fd2b,2019-2020,ENG,1. Premier League,8th,Arsenal,27,29.4,1,0.03,0,0
2691c772,2019-2020,ENG,1. Premier League,10th,Burnley,29,15,21,1.4,2,0.13
26db8853,2019-2020,ITA,1. Serie A,13th,Udinese,24,12.7,23,1.82,1,0.08
26f6dca8,2019-2020,ENG,1. Premier League,16th,West Ham,26,15.3,58,3.79,5,0.33
271b8617,2019-2020,GER,1. Bundesliga,11th,Union Berlin,23,19.1,28,1.47,4,0.21
2784f898,2019-2020,ESP,1. La Liga,1st,Real Madrid,21,11.4,4,0.35,0,0
27a013f7,2019-2020,ESP,1. La Liga,17th,Celta Vigo,27,32.1,7,0.22,3,0.09
27c01749,2019-2020,ENG,1. Premier League,15th,Brighton,19,14,25,1.79,5,0.36
282f75f3,2019-2020,ENG,1. Premier League,15th,Brighton,27,35.9,26,0.72,3,0.08
28a15394,2019-2020,ITA,1. Serie A,16th,Torino,36,1,0,0,0,0
28d596a0,2019-2020,ENG,1. Premier League,4th,Chelsea,24,33,1,0.03,0,0
291e3ec3,2019-2020,ENG,1. Premier League,20th,Norwich City,18,2.5,1,0.39,0,0
2928dca2,2019-2020,ENG,1. Premier League,7th,Wolves,26,38,13,0.34,0,0
2946f9a1,2019-2020,ESP,1. La Liga,1st,Real Madrid,29,4.9,7,1.44,0,0
29733c72,2019-2020,ENG,1. Premier League,3rd,Manchester Utd,31,8.4,38,4.51,2,0.24
2979c05a,2019-2020,GER,1. Bundesliga,18th,Paderborn 07,24,11.8,19,1.61,1,0.08
29b61deb,2019-2020,ESP,1. La Liga,16th,Alavés,26,12.1,10,0.83,2,0.17
2a0c8ba4,2019-2020,ESP,1. La Liga,4th,Sevilla,25,25,71,2.83,7,0.28
2a1beb34,2019-2020,ITA,1. Serie A,3rd,Atalanta,28,30.2,64,2.12,10,0.33
2a29eb9b,2019-2020,GER,1. Bundesliga,8th,Freiburg,26,2.3,1,0.43,1,0.43
2a6cd437,2019-2020,GER,1. Bundesliga,7th,Wolfsburg,21,10.3,4,0.39,0,0
2acd49b9,2019-2020,ENG,1. Premier League,6th,Tottenham,29,27.2,28,1.03,2,0.07
2b09d998,2019-2020,GER,1. Bundesliga,3rd,RB Leipzig,20,10.6,18,1.7,2,0.19
2b16cb1a,2019-2020,ENG,1. Premier League,13th,Newcastle Utd,22,20.7,88,4.25,10,0.48
2b622f01,2019-2020,ENG,1. Premier League,6th,Tottenham,26,24.9,87,3.49,8,0.32
2b91cf8e,2019-2020,ENG,1. Premier League,13th,Newcastle Utd,29,13.2,1,0.08,0,0
2baec6ce,2019-2020,ENG,1. Premier League,3rd,Manchester Utd,21,2.1,2,0.95,0,0
2bd83368,2019-2020,ENG,1. Premier League,12th,Everton,18,4.9,9,1.84,1,0.2
2bed3eab,2019-2020,ENG,1. Premier League,2nd,Manchester City,18,8.8,3,0.34,0,0
2bef2bca,2019-2020,ESP,1. La Liga,2nd,Barcelona,20,2.6,0,0,0,0
2c0558b8,2019-2020,GER,1. Bundesliga,1st,Bayern Munich,16,0,0,0,0,0
2c0f8e9e,2019-2020,ITA,1. Serie A,2nd,Inter,30,10.3,66,6.44,14,1.37
2ce2508a,2019-2020,ENG,1. Premier League,14th,Crystal Palace,28,27.9,46,1.65,3,0.11
2cfae697,2019-2020,ITA,1. Serie A,12th,Bologna,22,12,24,2,0,0
2d5f03bf,2019-2020,ENG,1. Premier League,20th,Norwich City,26,15.9,4,0.25,0,0
2d61d13a,2019-2020,GER,1. Bundesliga,12th,Schalke 04,19,19.7,9,0.46,2,0.1
2d970560,2019-2020,ITA,1. Serie A,3rd,Atalanta,25,29.1,71,2.44,12,0.41
2db2fd7b,2019-2020,GER,1. Bundesliga,1st,Bayern Munich,30,20,13,0.65,5,0.25
2e4f5f03,2019-2020,ENG,1. Premier League,1st,Liverpool,25,34.6,111,3.21,19,0.55
2e7ff968,2019-2020,GER,1. Bundesliga,2nd,Dortmund,31,3.2,0,0,0,0
2f3452eb,2019-2020,ITA,1. Serie A,7th,Napoli,25,16.5,36,2.19,3,0.18
2f3e911a,2019-2020,GER,1. Bundesliga,13th,Mainz 05,22,19.9,49,2.46,2,0.1
2f557579,2019-2020,ITA,1. Serie A,7th,Napoli,28,31.2,151,4.84,15,0.48
2f7acede,2019-2020,ENG,1. Premier League,6th,Tottenham,23,24.7,38,1.54,5,0.2
2f90f6b8,2019-2020,ENG,1. Premier League,1st,Liverpool,33,10.4,23,2.21,4,0.38
2f965a72,2019-2020,ESP,1. La Liga,1st,Real Madrid,26,4,0,0,0,0
2ff964a0,2019-2020,ENG,1. Premier League,10th,Burnley,32,5.5,7,1.27,1,0.18
30223b33,2019-2020,ITA,1. Serie A,5th,Roma,36,5,0,0,0,0
3024e383,2019-2020,ESP,1. La Liga,14th,Eibar,29,26.2,51,1.94,5,0.19
302527b2,2019-2020,GER,1. Bundesliga,8th,Freiburg,23,20.2,8,0.4,2,0.1
30941e96,2019-2020,GER,1. Bundesliga,3rd,RB Leipzig,22,12.2,39,3.21,5,0.41
30c220c3,2019-2020,GER,1. Bundesliga,5th,Leverkusen,25,13,16,1.23,1,0.08
30f5ffa9,2019-2020,ITA,1. Serie A,2nd,Inter,24,29.2,26,0.89,2,0.07
32974271,2019-2020,ESP,1. La Liga,13th,Valladolid,28,29.5,50,1.69,6,0.2
32c0491f,2019-2020,ESP,1. La Liga,9th,Valencia,26,0.8,1,1.2,0,0
32f60ed8,2019-2020,ENG,1. Premier League,7th,Wolves,19,1.4,3,2.09,0,0
3312f911,2019-2020,ENG,1. Premier League,14th,Crystal Palace,26,11.5,13,1.13,2,0.17
3353737a,2019-2020,ESP,1. La Liga,4th,Sevilla,22,27.9,67,2.4,8,0.29
335fa267,2019-2020,ESP,1. La Liga,2nd,Barcelona,27,26,52,2,9,0.35
3376a776,2019-2020,GER,1. Bundesliga,10th,Hertha BSC,24,14,7,0.5,2,0.14
339fe0e8,2019-2020,ITA,1. Serie A,4th,Lazio,24,38,7,0.18,1,0.03
33a61a52,2019-2020,ESP,1. La Liga,12th,Levante,27,20.5,23,1.12,2,0.1
33b8d077,2019-2020,ITA,1. Serie A,2nd,Inter,26,30,97,3.23,16,0.53
33ecf462,2019-2020,ITA,1. Serie A,9th,Hellas Verona,25,19.7,50,2.54,7,0.36
343c0d52,2019-2020,ITA,1. Serie A,14th,Cagliari,24,32.5,43,1.32,6,0.18
34a0f5ff,2019-2020,GER,1. Bundesliga,10th,Hertha BSC,21,14.5,26,1.79,4,0.28
34e12499,2019-2020,GER,1. Bundesliga,8th,Freiburg,19,4.1,5,1.21,0,0
34e393f2,2019-2020,ESP,1. La Liga,15th,Betis,25,10.4,9,0.87,1,0.1
34e4343c,2019-2020,GER,1. Bundesliga,14th,Köln,31,12.6,13,1.03,2,0.16
3515d404,2019-2020,ENG,1. Premier League,11th,Southampton,24,38,106,2.79,6,0.16
355c883a,2019-2020,ESP,1. La Liga,16th,Alavés,23,23.3,23,0.99,3,0.13
356c9002,2019-2020,ITA,1. Serie A,2nd,Inter,32,22.1,78,3.52,13,0.59
3594a357,2019-2020,ESP,1. La Liga,6th,Real Sociedad,19,0.3,3,9.31,1,3.1
35dd6d80,2019-2020,ITA,1. Serie A,17th,Genoa,32,22.8,34,1.49,1,0.04
360d70f8,2019-2020,ESP,1. La Liga,19th,Mallorca,28,24.3,44,1.81,2,0.08
3624ce4c,2019-2020,ESP,1. La Liga,7th,Granada,31,32,45,1.4,8,0.25
3631ad41,2019-2020,ENG,1. Premier League,16th,West Ham,18,4.9,2,0.41,0,0
3672b352,2019-2020,ESP,1. La Liga,10th,Osasuna,19,0.1,1,9,0,0
36a3ff67,2019-2020,GER,1. Bundesliga,2nd,Dortmund,30,16.6,53,3.19,8,0.48
36c2ca73,2019-2020,ENG,1. Premier League,11th,Southampton,29,28,4,0.14,0,0
3727dd3c,2019-2020,ENG,1. Premier League,13th,Newcastle Utd,27,23.5,60,2.55,6,0.25
3745e8bd,2019-2020,GER,1. Bundesliga,11th,Union Berlin,28,3.7,14,3.82,3,0.82
374ee424,2019-2020,ESP,1. La Liga,6th,Real Sociedad,24,25,4,0.16,0,0
379652be,2019-2020,ESP,1. La Liga,20th,Espanyol,21,12.4,28,2.26,1,0.08
37e103f8,2019-2020,ESP,1. La Liga,8th,Getafe,19,4.2,7,1.67,2,0.48
37f1cf47,2019-2020,ESP,1. La Liga,11th,Athletic Club,27,31.9,48,1.5,5,0.16
37f606f0,2019-2020,GER,1. Bundesliga,6th,Hoffenheim,21,12.6,41,3.25,4,0.32
38126309,2019-2020,ESP,1. La Liga,19th,Mallorca,23,18.8,42,2.24,5,0.27
38c7feef,2019-2020,ENG,1. Premier League,1st,Liverpool,25,16.5,42,2.55,4,0.24
38ce1150,2019-2020,ESP,1. La Liga,13th,Valladolid,22,0.7,1,1.53,0,0
38ceb24a,2019-2020,ENG,1. Premier League,15th,Brighton,24,22.3,79,3.54,8,0.36
3902e91b,2019-2020,ESP,1. La Liga,12th,Levante,25,13.7,19,1.38,1,0.07
3935e52e,2019-2020,ENG,1. Premier League,8th,Arsenal,26,18.9,18,0.95,2,0.11
39583cfd,2019-2020,ENG,1. Premier League,19th,Watford,25,23.3,93,3.99,10,0.43
3a233281,2019-2020,GER,1. Bundesliga,5th,Leverkusen,21,12.1,41,3.39,8,0.66
3a24769f,2019-2020,ENG,1. Premier League,4th,Chelsea,25,12.3,47,3.83,5,0.41
3a949a25,2019-2020,ENG,1. Premier League,13th,Newcastle Utd,30,38,2,0.05,0,0
3a9c4b7b,2019-2020,ESP,1. La Liga,10th,Osasuna,24,25.9,36,1.39,1,0.04
3aa4a3be,2019-2020,ESP,1. La Liga,15th,Betis,25,22.6,36,1.6,5,0.22
3ae14ed1,2019-2020,ENG,1. Premier League,17th,Aston Villa,24,21.7,47,2.17,2,0.09
3b333ac3,2019-2020,ITA,1. Serie A,3rd,Atalanta,25,26.2,91,3.48,9,0.34
3b61c9ec,2019-2020,ITA,1. Serie A,14th,Cagliari,20,21.2,48,2.26,8,0.38
3b8674e6,2019-2020,ITA,1. Serie A,1st,Juventus,22,24.4,76,3.11,10,0.41
3bb625ac,2019-2020,GER,1. Bundesliga,13th,Mainz 05,23,16.5,32,1.94,1,0.06
3bb7af3b,2019-2020,ITA,1. Serie A,17th,Genoa,27,1.9,8,4.29,0,0
3bb7af3b,2019-2020,ITA,1. Serie A,18th,Lecce,27,10.5,57,5.42,6,0.57
3bb7b8b4,2019-2020,ENG,1. Premier League,2nd,Manchester City,25,34.1,4,0.12,1,0.03
3bb7f478,2019-2020,ITA,1. Serie A,5th,Roma,33,31.7,112,3.53,18,0.57
3c16d927,2019-2020,ESP,1. La Liga,19th,Mallorca,20,16.6,29,1.74,3,0.18
3c16d927,2019-2020,ESP,1. La Liga,4th,Sevilla,20,0.4,0,0,0,0
3c6089ab,2019-2020,GER,1. Bundesliga,1st,Bayern Munich,29,25.1,136,5.43,28,1.12
3ca7254a,2019-2020,ENG,1. Premier League,4th,Chelsea,32,7.3,34,4.63,4,0.54
3cd3b384,2019-2020,ITA,1. Serie A,15th,Sampdoria,24,12.6,40,3.17,3,0.24
3cd9e95a,2019-2020,GER,1. Bundesliga,14th,Köln,26,34,3,0.09,1,0.03
3cefcaef,2019-2020,ESP,1. La Liga,1st,Real Madrid,24,20.1,42,2.09,7,0.35
3d50bcdb,2019-2020,ENG,1. Premier League,12th,Everton,19,9.5,29,3.06,2,0.21
3d688b46,2019-2020,ESP,1. La Liga,7th,Granada,21,16.7,15,0.9,2,0.12
3e42f707,2019-2020,ESP,1. La Liga,10th,Osasuna,25,31,17,0.55,2,0.06
3e9e06cb,2019-2020,ENG,1. Premier League,19th,Watford,29,26.2,12,0.46,0,0
3ea50f67,2019-2020,ENG,1. Premier League,5th,Leicester City,21,23.1,77,3.33,15,0.65
3ead85f9,2019-2020,ITA,1. Serie A,6th,Milan,24,34.3,30,0.87,3,0.09
3eb0f2df,2019-2020,GER,1. Bundesliga,10th,Hertha BSC,28,25.1,84,3.35,6,0.24
3eb22ec9,2019-2020,ENG,1. Premier League,2nd,Manchester City,24,22.6,95,4.21,12,0.53
3ecc11d8,2019-2020,ESP,1. La Liga,11th,Athletic Club,24,31.2,19,0.61,1,0.03
3ee0dd59,2019-2020,ESP,1. La Liga,6th,Real Sociedad,20,5.8,10,1.57,0,0
3eeb80e0,2019-2020,GER,1. Bundesliga,15th,Augsburg,21,5.1,8,1.58,2,0.39
3eed9821,2019-2020,ESP,1. La Liga,2nd,Barcelona,25,10.5,5,0.47,2,0.19
3ef0a2d7,2019-2020,ITA,1. Serie A,10th,Fiorentina,19,0.1,0,0,0,0
3effaa34,2019-2020,GER,1. Bundesliga,9th,Eint Frankfurt,23,17.5,54,3.09,6,0.34
3effaa34,2019-2020,ITA,1. Serie A,6th,Milan,23,0.7,1,1.5,0,0
3f10bd22,2019-2020,ESP,1. La Liga,4th,Sevilla,33,37.4,95,2.54,14,0.37
3f2d59fe,2019-2020,ENG,1. Premier League,8th,Arsenal,27,13.4,3,0.22,1,0.07
3f79a1c8,2019-2020,ESP,1. La Liga,14th,Eibar,26,18.6,18,0.97,3,0.16
3faa1780,2019-2020,GER,1. Bundesliga,6th,Hoffenheim,28,3.8,5,1.32,1,0.26
3faa1780,2019-2020,ENG,1. Premier League,20th,Norwich City,28,7.7,14,1.81,0,0
3fc45c73,2019-2020,ESP,1. La Liga,11th,Athletic Club,28,33,24,0.73,3,0.09
407feb71,2019-2020,ESP,1. La Liga,1st,Real Madrid,19,0.7,2,2.77,0,0
4112ace5,2019-2020,ESP,1. La Liga,11th,Athletic Club,18,0.8,1,1.23,0,0
4115ce4e,2019-2020,ENG,1. Premier League,11th,Southampton,23,34,13,0.38,1,0.03
41b3069f,2019-2020,ESP,1. La Liga,20th,Espanyol,23,11.6,3,0.26,0,0
41c12f75,2019-2020,ESP,1. La Liga,8th,Getafe,21,20.8,22,1.06,3,0.14
41f32541,2019-2020,ESP,1. La Liga,4th,Sevilla,32,29.5,31,1.05,3,0.1
41ff002d,2019-2020,ENG,1. Premier League,7th,Wolves,20,0.1,0,0,0,0
42130443,2019-2020,GER,1. Bundesliga,17th,Düsseldorf,24,17,5,0.29,1,0.06
42276181,2019-2020,ESP,1. La Liga,9th,Valencia,32,17.6,30,1.71,6,0.34
43458538,2019-2020,ENG,1. Premier League,18th,Bournemouth,27,22.3,57,2.55,8,0.36
437f2b00,2019-2020,GER,1. Bundesliga,6th,Hoffenheim,19,16.6,52,3.13,4,0.24
43a166b4,2019-2020,ENG,1. Premier League,1st,Liverpool,24,8,22,2.76,3,0.38
43f71e77,2019-2020,ESP,1. La Liga,8th,Getafe,37,21,60,2.86,10,0.48
441197b8,2019-2020,GER,1. Bundesliga,9th,Eint Frankfurt,19,19.1,18,0.94,2,0.1
44150beb,2019-2020,ESP,1. La Liga,6th,Real Sociedad,18,0.9,0,0,0,0
442b56fa,2019-2020,GER,1. Bundesliga,13th,Mainz 05,21,26.1,65,2.49,10,0.38
4431aed2,2019-2020,ITA,1. Serie A,4th,Lazio,29,35.2,113,3.21,21,0.6
4442fbcd,2019-2020,ESP,1. La Liga,12th,Levante,27,17.4,13,0.75,3,0.17
44510fde,2019-2020,ITA,1. Serie A,17th,Genoa,22,7.3,12,1.64,0,0
4468ec10,2019-2020,ENG,1. Premier League,5th,Leicester City,23,6.9,29,4.2,6,0.87
44781702,2019-2020,ENG,1. Premier League,6th,Tottenham,26,15.9,17,1.07,0,0
44ac04e9,2019-2020,ITA,1. Serie A,2nd,Inter,27,14.2,30,2.11,4,0.28
44bfb6c5,2019-2020,ENG,1. Premier League,7th,Wolves,22,34,64,1.88,5,0.15
44eb9093,2019-2020,ITA,1. Serie A,2nd,Inter,30,15.6,16,1.03,0,0
450ab6fc,2019-2020,ENG,1. Premier League,13th,Newcastle Utd,25,23.1,7,0.3,0,0
4535e4bb,2019-2020,ENG,1. Premier League,15th,Brighton,27,38,4,0.11,3,0.08
45963054,2019-2020,ENG,1. Premier League,5th,Leicester City,32,33.7,64,1.9,11,0.33
45a03961,2019-2020,GER,1. Bundesliga,1st,Bayern Munich,23,31,43,1.39,8,0.26
45af8a54,2019-2020,ESP,1. La Liga,1st,Real Madrid,23,3.7,11,2.95,1,0.27
45b9b619,2019-2020,ITA,1. Serie A,4th,Lazio,24,22.2,110,4.95,14,0.63
45db685d,2019-2020,ENG,1. Premier League,4th,Chelsea,27,26.4,66,2.5,6,0.23
45e17712,2019-2020,ESP,1. La Liga,7th,Granada,26,12.4,11,0.88,0,0
45e17712,2019-2020,ENG,1. Premier League,19th,Watford,26,0.7,1,1.53,0,0
4601e194,2019-2020,ESP,1. La Liga,2nd,Barcelona,30,24.3,45,1.85,5,0.21
4611e028,2019-2020,ITA,1. Serie A,10th,Fiorentina,25,32.8,123,3.75,10,0.31
466824fb,2019-2020,ESP,1. La Liga,10th,Osasuna,33,25.8,36,1.4,2,0.08
466fb2c5,2019-2020,ENG,1. Premier League,18th,Bournemouth,21,37,3,0.08,0,0
46a8347f,2019-2020,ESP,1. La Liga,3rd,Atlético Madrid,27,4,3,0.75,1,0.25
46fa7204,2019-2020,ITA,1. Serie A,10th,Fiorentina,20,0.7,6,8.44,1,1.41
46fa7204,2019-2020,ITA,1. Serie A,17th,Genoa,20,7.4,31,4.19,2,0.27
47064058,2019-2020,GER,1. Bundesliga,6th,Hoffenheim,29,30,3,0.1,0,0
471f16b3,2019-2020,ENG,1. Premier League,20th,Norwich City,27,33,59,1.79,2,0.06
47369df8,2019-2020,ENG,1. Premier League,10th,Burnley,23,8.9,14,1.57,1,0.11
4737cebe,2019-2020,ESP,1. La Liga,6th,Real Sociedad,24,13,56,4.32,7,0.54
474ecac8,2019-2020,ESP,1. La Liga,12th,Levante,30,26.4,11,0.42,2,0.08
4806ec67,2019-2020,ENG,1. Premier League,12th,Everton,25,38,6,0.16,0,0
487d9b09,2019-2020,ESP,1. La Liga,15th,Betis,32,7.1,19,2.67,3,0.42
48a5a5d6,2019-2020,ENG,1. Premier League,8th,Arsenal,18,7.4,7,0.95,0,0
48b3dd60,2019-2020,ESP,1. La Liga,2nd,Barcelona,22,13.1,28,2.13,8,0.61
48d5bd33,2019-2020,ITA,1. Serie A,3rd,Atalanta,26,17.1,115,6.74,9,0.53
48e89655,2019-2020,ESP,1. La Liga,20th,Espanyol,30,0.6,0,0,0,0
49296448,2019-2020,GER,1. Bundesliga,1st,Bayern Munich,24,31.3,128,4.09,18,0.57
493924a7,2019-2020,GER,1. Bundesliga,7th,Wolfsburg,24,18.8,36,1.91,7,0.37
4958bfb2,2019-2020,ESP,1. La Liga,1st,Real Madrid,27,30.4,74,2.43,6,0.2
495945ef,2019-2020,ENG,1. Premier League,10th,Burnley,29,35,93,2.66,8,0.23
49d028db,2019-2020,ESP,1. La Liga,15th,Betis,22,7.6,3,0.4,0,0
49fe9070,2019-2020,GER,1. Bundesliga,3rd,RB Leipzig,23,31.1,117,3.77,19,0.61
4a478107,2019-2020,ESP,1. La Liga,12th,Levante,32,28,66,2.36,6,0.21
4a56052c,2019-2020,ITA,1. Serie A,5th,Roma,26,29.2,73,2.5,7,0.24
4a5a45c7,2019-2020,ITA,1. Serie A,5th,Roma,23,23.3,135,5.79,20,0.86
4a633cfe,2019-2020,ESP,1. La Liga,10th,Osasuna,27,6,2,0.34,0,0
4ab53cdb,2019-2020,ENG,1. Premier League,10th,Burnley,30,22.4,31,1.38,5,0.22
4accb7e0,2019-2020,ESP,1. La Liga,10th,Osasuna,27,24.9,48,1.92,4,0.16
4b029b31,2019-2020,ITA,1. Serie A,17th,Genoa,25,8.7,9,1.03,1,0.11
4b3e1a38,2019-2020,ITA,1. Serie A,9th,Hellas Verona,25,35.9,30,0.84,3,0.08
4b40d9ca,2019-2020,ENG,1. Premier League,10th,Burnley,27,38,8,0.21,0,0
4b511457,2019-2020,ENG,1. Premier League,11th,Southampton,27,20.7,33,1.6,0,0
4bcf39f6,2019-2020,ENG,1. Premier League,15th,Brighton,22,30.7,71,2.31,6,0.2
4bd00a50,2019-2020,GER,1. Bundesliga,5th,Leverkusen,20,1.3,1,0.79,0,0
4bd414c1,2019-2020,ESP,1. La Liga,5th,Villarreal,33,36,16,0.44,1,0.03
4c2e9442,2019-2020,ESP,1. La Liga,9th,Valencia,22,23.8,33,1.39,3,0.13
4c370d81,2019-2020,ENG,1. Premier League,1st,Liverpool,27,33.2,97,2.92,19,0.57
4c3a6744,2019-2020,ITA,1. Serie A,5th,Roma,20,16.8,53,3.15,4,0.24
4c5b14d2,2019-2020,ESP,1. La Liga,15th,Betis,38,22.9,109,4.76,10,0.44
4c5b714f,2019-2020,ENG,1. Premier League,12th,Everton,27,20.3,37,1.83,4,0.2
4c62d0c8,2019-2020,ITA,1. Serie A,17th,Genoa,26,21,2,0.1,0,0
4c6facae,2019-2020,GER,1. Bundesliga,9th,Eint Frankfurt,22,19.4,45,2.32,6,0.31
4c78b5ed,2019-2020,ITA,1. Serie A,4th,Lazio,32,20.1,37,1.84,2,0.1
4cde5509,2019-2020,ITA,1. Serie A,6th,Milan,37,15.1,58,3.83,7,0.46
4d034881,2019-2020,ENG,1. Premier League,2nd,Manchester City,31,16.1,51,3.16,8,0.5
4d1666ff,2019-2020,ESP,1. La Liga,4th,Sevilla,20,25.7,14,0.55,3,0.12
4d224fe8,2019-2020,ESP,1. La Liga,1st,Real Madrid,27,34.3,54,1.57,7,0.2
4d8cd038,2019-2020,ESP,1. La Liga,1st,Real Madrid,21,4.8,7,1.47,2,0.42
4dbd0916,2019-2020,ESP,1. La Liga,3rd,Atlético Madrid,23,10.3,20,1.95,1,0.1
4e1d5e59,2019-2020,ITA,1. Serie A,10th,Fiorentina,21,0.1,0,0,0,0
4e204552,2019-2020,GER,1. Bundesliga,2nd,Dortmund,20,0.8,1,1.32,1,1.32
4e204552,2019-2020,GER,1. Bundesliga,6th,Hoffenheim,20,4.3,23,5.29,2,0.46
4e219ad2,2019-2020,ITA,1. Serie A,6th,Milan,25,15.1,74,4.9,5,0.33
4e219ad2,2019-2020,ESP,1. La Liga,4th,Sevilla,25,8.7,34,3.9,4,0.46
4e6dbac4,2019-2020,ITA,1. Serie A,4th,Lazio,24,33.7,103,3.06,12,0.36
4e9a0555,2019-2020,ENG,1. Premier League,10th,Burnley,27,27.1,50,1.85,4,0.15
4f28a6ff,2019-2020,ESP,1. La Liga,2nd,Barcelona,24,26.9,14,0.52,3,0.11
4f2908e5,2019-2020,ITA,1. Serie A,8th,Sassuolo,35,16.8,7,0.42,2,0.12
4f974391,2019-2020,ENG,1. Premier League,16th,West Ham,29,30.3,46,1.52,2,0.07
4fb9c88f,2019-2020,ENG,1. Premier League,1st,Liverpool,18,1.4,3,2.14,1,0.71
507c7bdf,2019-2020,ENG,1. Premier League,3rd,Manchester Utd,24,13.2,58,4.4,12,0.91
50871bcc,2019-2020,GER,1. Bundesliga,2nd,Dortmund,26,26.4,104,3.93,20,0.76
50e6dc35,2019-2020,GER,1. Bundesliga,13th,Mainz 05,22,11.7,15,1.28,3,0.26
5128bde4,2019-2020,ITA,1. Serie A,9th,Hellas Verona,28,36,105,2.92,17,0.47
51a3c4c8,2019-2020,ESP,1. La Liga,3rd,Atlético Madrid,30,23.4,12,0.51,2,0.09
51b41c5c,2019-2020,ENG,1. Premier League,12th,Everton,29,11.1,17,1.53,1,0.09
51cf8561,2019-2020,ENG,1. Premier League,2nd,Manchester City,22,14.2,31,2.19,3,0.21
52611641,2019-2020,ENG,1. Premier League,8th,Arsenal,23,16.8,29,1.73,2,0.12
5271c8f1,2019-2020,ENG,1. Premier League,2nd,Manchester City,25,16.6,36,2.17,6,0.36
528492ea,2019-2020,ITA,1. Serie A,10th,Fiorentina,26,9.9,20,2.03,2,0.2
528492ea,2019-2020,ITA,1. Serie A,8th,Sassuolo,26,9.4,27,2.88,6,0.64
5294a83f,2019-2020,ITA,1. Serie A,4th,Lazio,26,34.6,205,5.93,28,0.81
529f49ab,2019-2020,ESP,1. La Liga,3rd,Atlético Madrid,26,28.3,50,1.77,9,0.32
52ec54d0,2019-2020,ITA,1. Serie A,1st,Juventus,32,34.2,28,0.82,2,0.06
53070b63,2019-2020,GER,1. Bundesliga,5th,Leverkusen,19,3.4,13,3.85,4,1.18
5313ed43,2019-2020,ITA,1. Serie A,13th,Udinese,24,25,91,3.64,8,0.32
531a4aa8,2019-2020,ENG,1. Premier League,11th,Southampton,20,8.7,7,0.81,0,0
532e1e4f,2019-2020,ESP,1. La Liga,5th,Villarreal,22,33,17,0.51,2,0.06
536cebe5,2019-2020,GER,1. Bundesliga,9th,Eint Frankfurt,25,1,4,4,0,0
536cebe5,2019-2020,ITA,1. Serie A,6th,Milan,25,15.5,58,3.74,9,0.58
539230cf,2019-2020,ITA,1. Serie A,2nd,Inter,31,5.8,2,0.34,0,0
53a0e358,2019-2020,ITA,1. Serie A,8th,Sassuolo,24,27.7,117,4.22,14,0.51
53af52f3,2019-2020,ENG,1. Premier League,5th,Leicester City,32,38,5,0.13,0,0
53cad200,2019-2020,ENG,1. Premier League,4th,Chelsea,29,35.9,80,2.23,7,0.2
53de807a,2019-2020,ITA,1. Serie A,4th,Lazio,32,25.6,22,0.86,0,0
53e07d0b,2019-2020,GER,1. Bundesliga,13th,Mainz 05,31,12.7,32,2.51,5,0.39
54b4dc4e,2019-2020,GER,1. Bundesliga,5th,Leverkusen,26,17.5,74,4.23,10,0.57
54e4866f,2019-2020,GER,1. Bundesliga,8th,Freiburg,26,18,74,4.12,10,0.56
54e4866f,2019-2020,GER,1. Bundesliga,6th,Hoffenheim,26,0.2,0,0,0,0
54e53b7e,2019-2020,ITA,1. Serie A,11th,Parma,26,6.5,29,4.43,3,0.46
54e53b7e,2019-2020,ITA,1. Serie A,15th,Sampdoria,26,7.4,29,3.91,2,0.27
55126f3b,2019-2020,ESP,1. La Liga,3rd,Atlético Madrid,27,30,94,3.14,8,0.27
555d5edd,2019-2020,GER,1. Bundesliga,5th,Leverkusen,22,20.6,89,4.31,9,0.44
555f3a0b,2019-2020,ESP,1. La Liga,3rd,Atlético Madrid,24,13.5,7,0.52,0,0
563a68ad,2019-2020,ITA,1. Serie A,12th,Bologna,31,19.8,32,1.61,1,0.05
56413b1f,2019-2020,GER,1. Bundesliga,5th,Leverkusen,30,23.5,42,1.78,4,0.17
56f7a928,2019-2020,ENG,1. Premier League,5th,Leicester City,22,31.4,95,3.02,9,0.29
570bb4b9,2019-2020,ITA,1. Serie A,8th,Sassuolo,19,17.4,66,3.78,6,0.34
5722eced,2019-2020,GER,1. Bundesliga,1st,Bayern Munich,19,3.4,14,4.1,3,0.88
57be54ec,2019-2020,ESP,1. La Liga,11th,Athletic Club,21,5.9,3,0.51,0,0
57df7a11,2019-2020,ENG,1. Premier League,16th,West Ham,25,10.4,10,0.96,1,0.1
57e3f0c7,2019-2020,ENG,1. Premier League,8th,Arsenal,24,22.3,66,2.96,9,0.4
582a5247,2019-2020,GER,1. Bundesliga,15th,Augsburg,22,1.1,3,2.81,1,0.94
58a9a4d9,2019-2020,ESP,1. La Liga,4th,Sevilla,24,17.7,41,2.31,7,0.39
58afe001,2019-2020,ESP,1. La Liga,8th,Getafe,23,34.1,37,1.09,4,0.12
58eee997,2019-2020,ENG,1. Premier League,3rd,Manchester Utd,17,14.7,36,2.45,7,0.48
59b7d823,2019-2020,ESP,1. La Liga,11th,Athletic Club,26,6.9,14,2.02,2,0.29
59be3a74,2019-2020,ITA,1. Serie A,4th,Lazio,19,0.7,6,8.71,1,1.45
59e4b92e,2019-2020,GER,1. Bundesliga,15th,Augsburg,25,29.4,25,0.85,4,0.14
59e6e5bf,2019-2020,ENG,1. Premier League,12th,Everton,22,29.2,56,1.92,2,0.07
5a2cb25d,2019-2020,ITA,1. Serie A,9th,Hellas Verona,22,32.4,75,2.31,5,0.15
5a4280b1,2019-2020,ENG,1. Premier League,10th,Burnley,28,6.3,2,0.32,1,0.16
5a626448,2019-2020,ESP,1. La Liga,5th,Villarreal,25,25.8,60,2.33,10,0.39
5a7301ae,2019-2020,ENG,1. Premier League,7th,Wolves,24,31.1,19,0.61,1,0.03
5aa53281,2019-2020,ITA,1. Serie A,5th,Roma,23,30.4,24,0.79,5,0.16
5aaef9ef,2019-2020,ITA,1. Serie A,11th,Parma,32,21.5,47,2.19,10,0.47
5ab0ea87,2019-2020,ESP,1. La Liga,2nd,Barcelona,31,27.6,57,2.07,11,0.4
5acc4a10,2019-2020,ENG,1. Premier League,19th,Watford,31,29.2,44,1.51,3,0.1
5bd72174,2019-2020,ITA,1. Serie A,8th,Sassuolo,31,32.6,93,2.86,16,0.49
5c2b4f07,2019-2020,ENG,1. Premier League,6th,Tottenham,26,30,48,1.6,5,0.17
5c397195,2019-2020,ITA,1. Serie A,8th,Sassuolo,23,4.3,10,2.34,1,0.23
5c4bf6ba,2019-2020,GER,1. Bundesliga,13th,Mainz 05,24,21.5,2,0.09,0,0
5c4dc0ff,2019-2020,ESP,1. La Liga,1st,Real Madrid,25,0.5,2,4,1,2
5c7845f6,2019-2020,ESP,1. La Liga,6th,Real Sociedad,22,29.3,13,0.44,1,0.03
5c96b017,2019-2020,ESP,1. La Liga,10th,Osasuna,26,24.3,98,4.03,7,0.29
5ca20b7a,2019-2020,ESP,1. La Liga,6th,Real Sociedad,27,28.3,31,1.1,8,0.28
5cbd1eb0,2019-2020,ENG,1. Premier League,14th,Crystal Palace,19,2.2,5,2.31,0,0
5cdddffa,2019-2020,ENG,1. Premier League,6th,Tottenham,22,11.2,28,2.5,2,0.18
5ce0b5ba,2019-2020,ESP,1. La Liga,6th,Real Sociedad,29,2.4,2,0.83,0,0
5ceba7fc,2019-2020,ESP,1. La Liga,5th,Villarreal,26,11,23,2.08,5,0.45
5cec2487,2019-2020,ENG,1. Premier League,15th,Brighton,28,21.1,38,1.8,3,0.14
5d4f7d61,2019-2020,GER,1. Bundesliga,3rd,RB Leipzig,23,14.4,37,2.57,5,0.35
5d8d7454,2019-2020,ENG,1. Premier League,17th,Aston Villa,24,22.7,32,1.41,4,0.18
5d8e331f,2019-2020,GER,1. Bundesliga,8th,Freiburg,29,30.9,44,1.42,2,0.06
5dcf3e90,2019-2020,ESP,1. La Liga,11th,Athletic Club,22,33.2,4,0.12,0,0
5ddb8f9f,2019-2020,GER,1. Bundesliga,9th,Eint Frankfurt,26,15.4,40,2.59,10,0.65
5dfc6ad5,2019-2020,GER,1. Bundesliga,2nd,Dortmund,30,24.9,29,1.16,9,0.36
5e861944,2019-2020,ITA,1. Serie A,2nd,Inter,25,2.9,21,7.3,0,0
5e861944,2019-2020,ITA,1. Serie A,7th,Napoli,25,8.3,39,4.72,4,0.48
5ea8ef20,2019-2020,ENG,1. Premier League,8th,Arsenal,20,19.4,34,1.75,2,0.1
5eae500a,2019-2020,ITA,1. Serie A,2nd,Inter,26,33.1,102,3.08,12,0.36
5ed9b537,2019-2020,GER,1. Bundesliga,3rd,RB Leipzig,20,6.3,3,0.47,0,0
5eecec3d,2019-2020,ENG,1. Premier League,2nd,Manchester City,25,12.5,11,0.88,0,0
5efc5389,2019-2020,ITA,1. Serie A,14th,Cagliari,25,14.9,13,0.87,2,0.13
5fa57166,2019-2020,ITA,1. Serie A,9th,Hellas Verona,19,0.1,0,0,0,0
5fd5ed86,2019-2020,ITA,1. Serie A,16th,Torino,22,25.2,14,0.56,0,0
601ef102,2019-2020,ITA,1. Serie A,13th,Udinese,29,26.8,68,2.53,7,0.26
6025fab1,2019-2020,ESP,1. La Liga,1st,Real Madrid,33,22.2,89,4.01,16,0.72
603116a7,2019-2020,ESP,1. La Liga,1st,Real Madrid,31,14.4,50,3.47,7,0.49
603cb947,2019-2020,GER,1. Bundesliga,6th,Hoffenheim,28,15.8,50,3.16,9,0.57
605eb473,2019-2020,ESP,1. La Liga,19th,Mallorca,34,36,3,0.08,0,0
610aa1e9,2019-2020,GER,1. Bundesliga,18th,Paderborn 07,19,14,5,0.36,2,0.14
61220da2,2019-2020,ESP,1. La Liga,12th,Levante,26,35.1,134,3.82,12,0.34
61b3978f,2019-2020,ITA,1. Serie A,15th,Sampdoria,27,26.7,29,1.09,2,0.07
61b62b33,2019-2020,ESP,1. La Liga,7th,Granada,24,13.5,39,2.88,2,0.15
6213fd82,2019-2020,ITA,1. Serie A,20th,SPAL,24,21.4,43,2.01,4,0.19
62437b4f,2019-2020,ITA,1. Serie A,13th,Udinese,23,3.8,19,5.01,0,0
62437b4f,2019-2020,ENG,1. Premier League,19th,Watford,23,0.8,0,0,0,0
6250083a,2019-2020,ENG,1. Premier League,6th,Tottenham,18,0.9,0,0,0,0
6265208f,2019-2020,ESP,1. La Liga,16th,Alavés,29,30.9,60,1.94,13,0.42
626fab5f,2019-2020,GER,1. Bundesliga,15th,Augsburg,23,13.1,11,0.84,2,0.15
62ab9184,2019-2020,GER,1. Bundesliga,7th,Wolfsburg,25,9.2,15,1.63,0,0
62ba5881,2019-2020,GER,1. Bundesliga,16th,Werder Bremen,25,1,0,0,0,0
635f2732,2019-2020,GER,1. Bundesliga,13th,Mainz 05,25,25.2,67,2.66,10,0.4
63f04c6c,2019-2020,ESP,1. La Liga,15th,Betis,23,15,27,1.8,0,0
6421ec64,2019-2020,ENG,1. Premier League,1st,Liverpool,27,2.1,4,1.95,0,0
6434f10d,2019-2020,ENG,1. Premier League,2nd,Manchester City,23,27.6,65,2.35,3,0.11
649b01d8,2019-2020,ITA,1. Serie A,15th,Sampdoria,22,36,2,0.06,0,0
64ba07c0,2019-2020,GER,1. Bundesliga,13th,Mainz 05,21,6.4,11,1.72,1,0.16
64cd167d,2019-2020,ITA,1. Serie A,17th,Genoa,25,21.9,22,1,3,0.14
64e8ed6d,2019-2020,ESP,1. La Liga,12th,Levante,22,23.8,61,2.57,11,0.46
64f69877,2019-2020,GER,1. Bundesliga,5th,Leverkusen,27,22.7,75,3.3,15,0.66
652d4c37,2019-2020,GER,1. Bundesliga,1st,Bayern Munich,24,7.1,31,4.37,5,0.71
6613c819,2019-2020,ENG,1. Premier League,16th,West Ham,24,11.6,8,0.69,1,0.09
66385c46,2019-2020,GER,1. Bundesliga,13th,Mainz 05,23,19.8,61,3.09,6,0.3
6639e500,2019-2020,ENG,1. Premier League,3rd,Manchester Utd,23,16.5,56,3.4,6,0.36
66b76d44,2019-2020,ENG,1. Premier League,20th,Norwich City,22,27.4,138,5.04,9,0.33
6763373d,2019-2020,ESP,1. La Liga,13th,Valladolid,19,2.6,3,1.16,0,0
67669ce7,2019-2020,ESP,1. La Liga,7th,Granada,23,3,2,0.67,0,0
677da306,2019-2020,GER,1. Bundesliga,15th,Augsburg,21,21.8,6,0.27,0,0
67cdbc0e,2019-2020,ESP,1. La Liga,2nd,Barcelona,32,18.6,49,2.64,8,0.43
67f649be,2019-2020,ITA,1. Serie A,17th,Genoa,22,17,4,0.24,2,0.12
68252d6d,2019-2020,ITA,1. Serie A,3rd,Atalanta,31,18.5,132,7.14,21,1.14
6928979a,2019-2020,ITA,1. Serie A,2nd,Inter,22,22.4,55,2.46,5,0.22
69374ff5,2019-2020,GER,1. Bundesliga,5th,Leverkusen,31,19.9,32,1.61,4,0.2
697295b1,2019-2020,ESP,1. La Liga,14th,Eibar,28,19.7,9,0.46,0,0
699fb8db,2019-2020,GER,1. Bundesliga,8th,Freiburg,25,27,18,0.67,2,0.07
69cbc8b6,2019-2020,ESP,1. La Liga,20th,Espanyol,28,17,11,0.65,1,0.06
69cbc8b6,2019-2020,ESP,1. La Liga,8th,Getafe,28,17,5,0.29,0,0
6a99e0b1,2019-2020,ESP,1. La Liga,11th,Athletic Club,25,32.7,81,2.48,9,0.28
6aa3e78b,2019-2020,ENG,1. Premier League,6th,Tottenham,19,3.8,4,1.05,1,0.26
6adbc307,2019-2020,ENG,1. Premier League,11th,Southampton,25,27.2,16,0.59,3,0.11
6b47c5db,2019-2020,ENG,1. Premier League,5th,Leicester City,22,29.7,39,1.31,4,0.13
6bb2c084,2019-2020,ESP,1. La Liga,5th,Villarreal,23,28.7,57,1.99,7,0.24
6bba916f,2019-2020,GER,1. Bundesliga,18th,Paderborn 07,19,2,3,1.53,1,0.51
6bd5cd5d,2019-2020,GER,1. Bundesliga,7th,Wolfsburg,27,17.7,14,0.79,0,0
6bd603db,2019-2020,ENG,1. Premier League,12th,Everton,23,1.5,0,0,0,0
6c203af0,2019-2020,ENG,1. Premier League,15th,Brighton,22,14,11,0.79,0,0
6c6a3300,2019-2020,GER,1. Bundesliga,16th,Werder Bremen,23,25.2,86,3.42,10,0.4
6c7762c3,2019-2020,ENG,1. Premier League,6th,Tottenham,21,0.8,1,1.32,0,0
6c811eb7,2019-2020,ESP,1. La Liga,2nd,Barcelona,21,1.9,2,1.05,1,0.52
6c811eb7,2019-2020,ESP,1. La Liga,15th,Betis,21,8.2,13,1.59,1,0.12
6ca5ec4b,2019-2020,ENG,1. Premier League,12th,Everton,23,17.7,44,2.48,2,0.11
6cafd68d,2019-2020,GER,1. Bundesliga,6th,Hoffenheim,29,7.8,6,0.77,2,0.26
6cc47ae1,2019-2020,ENG,1. Premier League,15th,Brighton,25,1,1,1.05,0,0
6cc47ae1,2019-2020,GER,1. Bundesliga,6th,Hoffenheim,25,5.9,11,1.87,2,0.34
6cc97b6a,2019-2020,ITA,1. Serie A,11th,Parma,24,7.1,10,1.4,2,0.28
6cdd8245,2019-2020,ENG,1. Premier League,19th,Watford,29,10.8,31,2.87,1,0.09
6ce1f46f,2019-2020,ESP,1. La Liga,1st,Real Madrid,29,29.5,105,3.56,7,0.24
6d5701f2,2019-2020,ENG,1. Premier League,12th,Everton,24,25.4,15,0.59,2,0.08
6d8f8441,2019-2020,ESP,1. La Liga,12th,Levante,32,11,17,1.55,0,0
6e058f06,2019-2020,ITA,1. Serie A,8th,Sassuolo,19,2.9,12,4.09,0,0
6e33125f,2019-2020,ENG,1. Premier League,11th,Southampton,20,3.1,3,0.97,1,0.32
6e4df551,2019-2020,ITA,1. Serie A,3rd,Atalanta,31,31.6,203,6.43,32,1.01
6eaed4eb,2019-2020,ENG,1. Premier League,13th,Newcastle Utd,28,4.9,1,0.2,0,0
6ec6fde0,2019-2020,GER,1. Bundesliga,6th,Hoffenheim,24,12.7,4,0.32,0,0
6ecbddf6,2019-2020,GER,1. Bundesliga,15th,Augsburg,20,28.1,61,2.17,5,0.18
6eee05f1,2019-2020,ITA,1. Serie A,3rd,Atalanta,26,30.9,26,0.84,1,0.03
6f51e382,2019-2020,ESP,1. La Liga,2nd,Barcelona,27,36,6,0.17,2,0.06
6f5ead86,2019-2020,ITA,1. Serie A,11th,Parma,25,26.9,63,2.34,11,0.41
6f5f82c0,2019-2020,ESP,1. La Liga,6th,Real Sociedad,22,7.9,14,1.76,0,0
6f7d826d,2019-2020,ENG,1. Premier League,17th,Aston Villa,21,29,44,1.52,3,0.1
6fe90922,2019-2020,GER,1. Bundesliga,1st,Bayern Munich,30,13.4,39,2.91,7,0.52
70678132,2019-2020,GER,1. Bundesliga,15th,Augsburg,22,7.5,16,2.15,2,0.27
70678132,2019-2020,GER,1. Bundesliga,10th,Hertha BSC,22,3.5,1,0.29,0,0
70d74ece,2019-2020,ESP,1. La Liga,1st,Real Madrid,31,34.9,118,3.38,17,0.49
70dcf94d,2019-2020,GER,1. Bundesliga,8th,Freiburg,25,19.1,45,2.35,4,0.21
70f8e0bd,2019-2020,ESP,1. La Liga,19th,Mallorca,31,33.8,78,2.31,9,0.27
7111d552,2019-2020,ESP,1. La Liga,1st,Real Madrid,19,15.2,54,3.56,6,0.4
719384c1,2019-2020,ESP,1. La Liga,7th,Granada,31,10.8,36,3.33,6,0.55
71b47ab9,2019-2020,ESP,1. La Liga,19th,Mallorca,20,16.5,42,2.54,6,0.36
71dc23da,2019-2020,ITA,1. Serie A,17th,Genoa,22,19.1,36,1.89,5,0.26
71ef519e,2019-2020,ENG,1. Premier League,13th,Newcastle Utd,29,14.6,44,3.01,2,0.14
7242b495,2019-2020,GER,1. Bundesliga,17th,Düsseldorf,27,22.9,36,1.58,2,0.09
72a99e38,2019-2020,ESP,1. La Liga,15th,Betis,27,8.7,20,2.29,0,0
73000a79,2019-2020,GER,1. Bundesliga,5th,Leverkusen,24,10.1,16,1.58,1,0.1
7314bba4,2019-2020,ENG,1. Premier League,15th,Brighton,27,13.8,5,0.36,0,0
73683fa9,2019-2020,ESP,1. La Liga,20th,Espanyol,37,35.9,5,0.14,1,0.03
74419746,2019-2020,ITA,1. Serie A,2nd,Inter,35,35,5,0.14,1,0.03
7460ca0d,2019-2020,ESP,1. La Liga,9th,Valencia,30,33.6,107,3.18,11,0.33
74b2cd7e,2019-2020,ENG,1. Premier League,16th,West Ham,31,31,10,0.32,0,0
74e12f1e,2019-2020,ENG,1. Premier League,10th,Burnley,30,29,24,0.83,2,0.07
75645f0e,2019-2020,ESP,1. La Liga,15th,Betis,26,21.4,27,1.26,4,0.19
758dd7f0,2019-2020,ENG,1. Premier League,13th,Newcastle Utd,25,17.8,14,0.79,3,0.17
75a72a99,2019-2020,ENG,1. Premier League,5th,Leicester City,25,28,59,2.11,8,0.29
75b86fb3,2019-2020,ITA,1. Serie A,2nd,Inter,20,21.3,31,1.45,2,0.09
75bd85ea,2019-2020,ESP,1. La Liga,19th,Mallorca,35,28.5,95,3.33,5,0.18
75f2c59f,2019-2020,ENG,1. Premier League,19th,Watford,28,18.3,42,2.29,1,0.05
76b2817e,2019-2020,GER,1. Bundesliga,14th,Köln,24,25.9,40,1.55,4,0.15
76eca7e2,2019-2020,ENG,1. Premier League,14th,Crystal Palace,32,3,1,0.33,0,0
774cf58b,2019-2020,ENG,1. Premier League,20th,Norwich City,19,36,55,1.53,3,0.08
77cf6852,2019-2020,ENG,1. Premier League,13th,Newcastle Utd,24,11.3,4,0.35,1,0.09
77e84962,2019-2020,GER,1. Bundesliga,1st,Bayern Munich,28,19.7,57,2.9,8,0.41
780e3631,2019-2020,ITA,1. Serie A,9th,Hellas Verona,22,27.7,49,1.77,3,0.11
78841da9,2019-2020,ITA,1. Serie A,7th,Napoli,32,24.1,98,4.06,9,0.37
79083382,2019-2020,ITA,1. Serie A,5th,Roma,28,1.5,0,0,0,0
792ffa71,2019-2020,GER,1. Bundesliga,14th,Köln,17,0.2,0,0,0,0
79300479,2019-2020,ESP,1. La Liga,6th,Real Sociedad,20,28.1,116,4.13,15,0.53
79443529,2019-2020,ITA,1. Serie A,10th,Fiorentina,19,16.7,38,2.28,1,0.06
7956236f,2019-2020,ENG,1. Premier League,8th,Arsenal,26,8.6,0,0,0,0
79b0d6a0,2019-2020,ENG,1. Premier League,7th,Wolves,31,38,4,0.11,0,0
79c0821a,2019-2020,ENG,1. Premier League,4th,Chelsea,25,23,64,2.78,7,0.3
79c84d1c,2019-2020,ENG,1. Premier League,16th,West Ham,22,10.2,28,2.75,5,0.49
79c90e45,2019-2020,GER,1. Bundesliga,6th,Hoffenheim,27,27.5,62,2.26,8,0.29
79ca3e23,2019-2020,GER,1. Bundesliga,10th,Hertha BSC,24,5,17,3.42,2,0.4
79ca3e23,2019-2020,ENG,1. Premier League,20th,Norwich City,24,8,26,3.23,2,0.25
7a11550b,2019-2020,ENG,1. Premier League,1st,Liverpool,22,22.3,16,0.72,4,0.18
7a1f2c08,2019-2020,ENG,1. Premier League,14th,Crystal Palace,22,8.5,5,0.59,0,0
7a2e46a8,2019-2020,ENG,1. Premier League,1st,Liverpool,26,28.3,4,0.14,1,0.04
7a538238,2019-2020,ESP,1. La Liga,7th,Granada,29,8,12,1.5,0,0
7b075c75,2019-2020,ITA,1. Serie A,17th,Genoa,27,7.1,1,0.14,0,0
7b4de647,2019-2020,ITA,1. Serie A,6th,Milan,32,1.4,0,0,0,0
7b5ab7f2,2019-2020,ESP,1. La Liga,18th,Leganés,18,6.2,23,3.71,1,0.16
7b5ab7f2,2019-2020,ESP,1. La Liga,4th,Sevilla,18,0.7,2,2.77,0,0
7b5f516f,2019-2020,ITA,1. Serie A,3rd,Atalanta,28,0.1,0,0,0,0
7ba1f1ef,2019-2020,ITA,1. Serie A,3rd,Atalanta,20,0.2,0,0,0,0
7ba6d84e,2019-2020,ENG,1. Premier League,3rd,Manchester Utd,28,38,2,0.05,0,0
7c104bb7,2019-2020,GER,1. Bundesliga,3rd,RB Leipzig,21,3.4,13,3.79,0,0
7c3ed041,2019-2020,GER,1. Bundesliga,2nd,Dortmund,20,1.5,0,0,0,0
7c473e12,2019-2020,GER,1. Bundesliga,10th,Hertha BSC,28,27.1,6,0.22,1,0.04
7c56da38,2019-2020,GER,1. Bundesliga,3rd,RB Leipzig,21,21.4,107,5,22,1.03
7d2d3329,2019-2020,ENG,1. Premier League,5th,Leicester City,21,9.9,12,1.21,1,0.1
7d3e7da6,2019-2020,GER,1. Bundesliga,1st,Bayern Munich,30,1,0,0,0,0
7d50454d,2019-2020,ITA,1. Serie A,14th,Cagliari,29,13.8,6,0.43,1,0.07
7dcf86f6,2019-2020,ESP,1. La Liga,17th,Celta Vigo,31,36.2,107,2.95,12,0.33
7eb97a8e,2019-2020,ITA,1. Serie A,12th,Bologna,27,25.2,105,4.16,11,0.44
7ec7738e,2019-2020,ITA,1. Serie A,14th,Cagliari,24,3.9,6,1.55,0,0
7ed4921e,2019-2020,ITA,1. Serie A,13th,Udinese,25,28.6,11,0.38,0,0
7edfbb8a,2019-2020,ENG,1. Premier League,4th,Chelsea,21,14.3,14,0.98,0,0
7f203b54,2019-2020,ESP,1. La Liga,8th,Getafe,27,3.4,1,0.29,0,0
7f267d66,2019-2020,ITA,1. Serie A,14th,Cagliari,23,0,0,0,0,0
7f267d66,2019-2020,ITA,1. Serie A,18th,Lecce,23,8,14,1.76,1,0.13
7f3b388c,2019-2020,ENG,1. Premier League,1st,Liverpool,25,23.1,34,1.47,3,0.13
7f4c7c9f,2019-2020,ESP,1. La Liga,12th,Levante,30,27,37,1.37,5,0.19
7f609bfc,2019-2020,GER,1. Bundesliga,6th,Hoffenheim,22,25.6,23,0.9,2,0.08
7f78ad23,2019-2020,ITA,1. Serie A,6th,Milan,26,4.3,5,1.17,0,0
7fa4e703,2019-2020,GER,1. Bundesliga,2nd,Dortmund,16,3.9,16,4.06,4,1.01
7fcc71d8,2019-2020,ENG,1. Premier League,7th,Wolves,23,3.2,11,3.43,2,0.62
7fe12375,2019-2020,GER,1. Bundesliga,15th,Augsburg,32,10,1,0.1,0,0
7fe90ccd,2019-2020,ITA,1. Serie A,5th,Roma,27,5,10,1.99,3,0.6
7fec31a0,2019-2020,ENG,1. Premier League,18th,Bournemouth,29,14,18,1.28,1,0.07
801831fe,2019-2020,ITA,1. Serie A,6th,Milan,17,0.3,0,0,0,0
808d48f3,2019-2020,ESP,1. La Liga,9th,Valencia,31,15.4,18,1.17,0,0
80f36c88,2019-2020,GER,1. Bundesliga,6th,Hoffenheim,29,30.4,90,2.96,9,0.3
810e3c74,2019-2020,ENG,1. Premier League,3rd,Manchester Utd,26,10.4,40,3.85,4,0.39
81255c03,2019-2020,ITA,1. Serie A,14th,Cagliari,27,35,74,2.11,11,0.31
817c6964,2019-2020,ITA,1. Serie A,6th,Milan,25,6,21,3.52,2,0.34
819aa8e7,2019-2020,ENG,1. Premier League,5th,Leicester City,26,22.3,72,3.23,13,0.58
819b3158,2019-2020,ENG,1. Premier League,2nd,Manchester City,28,22.4,75,3.34,4,0.18
81d5c497,2019-2020,ESP,1. La Liga,5th,Villarreal,18,0.9,1,1.08,0,0
81f0781e,2019-2020,ESP,1. La Liga,5th,Villarreal,27,30.5,95,3.12,17,0.56
82328faf,2019-2020,ITA,1. Serie A,5th,Roma,22,1,0,0,0,0
82927de4,2019-2020,ENG,1. Premier League,16th,West Ham,23,24.1,48,1.99,9,0.37
82b1198a,2019-2020,ITA,1. Serie A,7th,Napoli,30,16.3,2,0.12,0,0
82e34b69,2019-2020,ENG,1. Premier League,19th,Watford,31,24.7,51,2.06,5,0.2
82efe6fa,2019-2020,ITA,1. Serie A,5th,Roma,20,6.8,3,0.44,1,0.15
833fb62e,2019-2020,ESP,1. La Liga,13th,Valladolid,24,14.5,34,2.34,2,0.14
834d0be5,2019-2020,GER,1. Bundesliga,5th,Leverkusen,26,13,29,2.22,2,0.15
8397a50c,2019-2020,ENG,1. Premier League,17th,Aston Villa,26,32.2,13,0.4,2,0.06
839c14e1,2019-2020,ENG,1. Premier League,8th,Arsenal,27,2.8,3,1.08,1,0.36
839c14e1,2019-2020,ENG,1. Premier League,11th,Southampton,27,14.5,24,1.65,3,0.21
83d074ff,2019-2020,ENG,1. Premier League,15th,Brighton,20,3.9,11,2.81,0,0
84399660,2019-2020,ESP,1. La Liga,15th,Betis,26,2.9,3,1.02,1,0.34
8455ad90,2019-2020,ESP,1. La Liga,9th,Valencia,18,5,13,2.58,2,0.4
8494acc4,2019-2020,GER,1. Bundesliga,9th,Eint Frankfurt,30,9.3,9,0.97,1,0.11
8494acc4,2019-2020,GER,1. Bundesliga,3rd,RB Leipzig,30,4.6,3,0.65,0,0
849c826a,2019-2020,ENG,1. Premier League,16th,West Ham,29,11,35,3.18,6,0.54
84f55b4a,2019-2020,ESP,1. La Liga,3rd,Atlético Madrid,17,0,1,22.5,0,0
854ee61a,2019-2020,ITA,1. Serie A,8th,Sassuolo,28,10.9,24,2.2,6,0.55
85613cf0,2019-2020,ITA,1. Serie A,7th,Napoli,25,19.4,47,2.42,6,0.31
8593f88c,2019-2020,GER,1. Bundesliga,8th,Freiburg,26,33.7,119,3.54,14,0.42
861e0116,2019-2020,GER,1. Bundesliga,6th,Hoffenheim,25,4.4,11,2.49,0,0
862a1c15,2019-2020,ENG,1. Premier League,13th,Newcastle Utd,25,33.6,80,2.38,2,0.06
8650af85,2019-2020,ITA,1. Serie A,8th,Sassuolo,27,21.1,23,1.09,2,0.09
86695068,2019-2020,ENG,1. Premier League,5th,Leicester City,25,12.6,23,1.83,4,0.32
867239d3,2019-2020,ENG,1. Premier League,3rd,Manchester Utd,26,13.4,58,4.34,7,0.52
8696bc90,2019-2020,ESP,1. La Liga,4th,Sevilla,23,13.9,40,2.88,4,0.29
86dd77d1,2019-2020,ENG,1. Premier League,2nd,Manchester City,29,26.6,49,1.84,6,0.23
86e119e0,2019-2020,GER,1. Bundesliga,7th,Wolfsburg,25,31.3,121,3.86,13,0.41
873619c6,2019-2020,ESP,1. La Liga,3rd,Atlético Madrid,18,0.3,0,0,0,0
8778c910,2019-2020,GER,1. Bundesliga,1st,Bayern Munich,33,33,2,0.06,0,0
87935cf3,2019-2020,ENG,1. Premier League,14th,Crystal Palace,29,10.3,1,0.1,0,0
8794e251,2019-2020,ITA,1. Serie A,1st,Juventus,24,21.2,51,2.4,6,0.28
88050721,2019-2020,ESP,1. La Liga,11th,Athletic Club,23,19.9,48,2.42,5,0.25
881ef58c,2019-2020,ITA,1. Serie A,5th,Roma,30,5.7,22,3.85,1,0.18
88d4144a,2019-2020,GER,1. Bundesliga,10th,Hertha BSC,22,21,35,1.67,4,0.19
88e357ef,2019-2020,GER,1. Bundesliga,1st,Bayern Munich,24,24.4,98,4.02,17,0.7
88f130ed,2019-2020,ESP,1. La Liga,2nd,Barcelona,19,0.9,0,0,0,0
88f130ed,2019-2020,GER,1. Bundesliga,12th,Schalke 04,19,4.1,2,0.49,0,0
892d5bb1,2019-2020,ENG,1. Premier League,2nd,Manchester City,28,21.6,140,6.48,31,1.44
89976232,2019-2020,ITA,1. Serie A,16th,Torino,27,29.8,33,1.11,1,0.03
89ac64a6,2019-2020,GER,1. Bundesliga,2nd,Dortmund,24,25.7,10,0.39,3,0.12
89b2c8a9,2019-2020,ITA,1. Serie A,7th,Napoli,32,18.8,97,5.17,14,0.75
89d10e53,2019-2020,ENG,1. Premier League,13th,Newcastle Utd,29,9.6,7,0.73,1,0.1
89d10e53,2019-2020,ENG,1. Premier League,6th,Tottenham,29,9.9,16,1.61,0,0
89e4b358,2019-2020,ENG,1. Premier League,19th,Watford,30,27.6,5,0.18,1,0.04
89f951b5,2019-2020,ESP,1. La Liga,2nd,Barcelona,31,17.7,42,2.38,5,0.28
8a7ff278,2019-2020,ENG,1. Premier League,14th,Crystal Palace,29,26.5,8,0.3,1,0.04
8aafd64f,2019-2020,ESP,1. La Liga,3rd,Atlético Madrid,19,19.4,50,2.58,4,0.21
8abd0c03,2019-2020,ITA,1. Serie A,13th,Udinese,28,6.6,8,1.21,2,0.3
8aec0537,2019-2020,ENG,1. Premier League,15th,Brighton,28,20,93,4.66,7,0.35
8b04d6c1,2019-2020,ENG,1. Premier League,11th,Southampton,23,30.6,64,2.09,5,0.16
8b609c34,2019-2020,ITA,1. Serie A,16th,Torino,18,1.5,5,3.41,1,0.68
8b625720,2019-2020,ESP,1. La Liga,16th,Alavés,21,2.6,0,0,0,0
8b6e0db2,2019-2020,GER,1. Bundesliga,15th,Augsburg,20,4.2,3,0.72,0,0
8b788c01,2019-2020,ENG,1. Premier League,3rd,Manchester Utd,23,29.2,95,3.26,19,0.65
8b8a56ce,2019-2020,ITA,1. Serie A,3rd,Atalanta,30,3.2,1,0.31,1,0.31
8b8a56ce,2019-2020,ITA,1. Serie A,6th,Milan,30,13.8,2,0.15,0,0
8b95acda,2019-2020,ITA,1. Serie A,15th,Sampdoria,26,30.8,23,0.75,3,0.1
8bc8829a,2019-2020,ITA,1. Serie A,2nd,Inter,17,0.8,2,2.65,1,1.32
8c3c640c,2019-2020,ESP,1. La Liga,6th,Real Sociedad,22,33.9,87,2.57,16,0.47
8c63fae5,2019-2020,ITA,1. Serie A,10th,Fiorentina,20,2.6,8,3.1,0,0
8c65eb5f,2019-2020,ITA,1. Serie A,13th,Udinese,31,18.3,42,2.29,1,0.05
8c725b43,2019-2020,ITA,1. Serie A,10th,Fiorentina,28,31.4,20,0.64,4,0.13
8cabdc1e,2019-2020,ITA,1. Serie A,8th,Sassuolo,32,31,8,0.26,0,0
8cc29864,2019-2020,ITA,1. Serie A,15th,Sampdoria,29,7.8,1,0.13,0,0
8cfc2f69,2019-2020,ESP,1. La Liga,8th,Getafe,32,15.6,35,2.24,6,0.38
8d3c902d,2019-2020,ENG,1. Premier League,14th,Crystal Palace,29,28.1,16,0.57,1,0.04
8d47bb39,2019-2020,ESP,1. La Liga,7th,Granada,23,24.5,16,0.65,3,0.12
8d78e732,2019-2020,GER,1. Bundesliga,1st,Bayern Munich,30,30.7,102,3.33,15,0.49
8da74c05,2019-2020,ITA,1. Serie A,3rd,Atalanta,25,2.3,10,4.27,3,1.28
8db394aa,2019-2020,ESP,1. La Liga,16th,Alavés,29,21.1,6,0.28,0,0
8df7a2fb,2019-2020,ENG,1. Premier League,10th,Burnley,29,32,21,0.66,2,0.06
8e088e04,2019-2020,ESP,1. La Liga,10th,Osasuna,21,5.2,7,1.34,1,0.19
8e235926,2019-2020,GER,1. Bundesliga,15th,Augsburg,25,3.4,9,2.67,1,0.3
8e235926,2019-2020,GER,1. Bundesliga,12th,Schalke 04,25,9.2,15,1.63,1,0.11
8e48dc61,2019-2020,ESP,1. La Liga,6th,Real Sociedad,22,10.4,16,1.53,0,0
8e92be30,2019-2020,ESP,1. La Liga,6th,Real Sociedad,19,16.7,33,1.97,5,0.3
8eb55dbb,2019-2020,GER,1. Bundesliga,11th,Union Berlin,24,6,15,2.5,3,0.5
8f056768,2019-2020,GER,1. Bundesliga,7th,Wolfsburg,21,19.1,36,1.88,4,0.21
8f29e08b,2019-2020,ESP,1. La Liga,10th,Osasuna,23,2,0,0,0,0
8f3565b3,2019-2020,ESP,1. La Liga,19th,Mallorca,28,30.7,46,1.5,6,0.2
8f5e92a6,2019-2020,ESP,1. La Liga,1st,Real Madrid,18,11.3,31,2.74,1,0.09
8f62b6ee,2019-2020,ENG,1. Premier League,6th,Tottenham,32,20.1,1,0.05,0,0
8f866fe8,2019-2020,ITA,1. Serie A,15th,Sampdoria,27,22.6,80,3.54,8,0.35
8f898ba8,2019-2020,ESP,1. La Liga,18th,Leganés,28,13.5,29,2.15,3,0.22
8f8c6934,2019-2020,ESP,1. La Liga,8th,Getafe,26,38,5,0.13,0,0
8fef5412,2019-2020,ITA,1. Serie A,6th,Milan,25,19.2,25,1.3,2,0.1
90339309,2019-2020,GER,1. Bundesliga,13th,Mainz 05,22,23.5,9,0.38,1,0.04
9038c2a1,2019-2020,ESP,1. La Liga,8th,Getafe,25,13.1,41,3.14,7,0.54
9050ddc4,2019-2020,ENG,1. Premier League,13th,Newcastle Utd,25,16.6,35,2.11,6,0.36
9085dd7c,2019-2020,ITA,1. Serie A,14th,Cagliari,26,14.9,27,1.81,4,0.27
90f91999,2019-2020,ENG,1. Premier League,17th,Aston Villa,24,25.7,96,3.74,9,0.35
914ab9a1,2019-2020,ENG,1. Premier League,19th,Watford,28,25,7,0.28,2,0.08
919dd4b1,2019-2020,ITA,1. Serie A,4th,Lazio,16,0,0,0,0,0
921f6058,2019-2020,ITA,1. Serie A,3rd,Atalanta,29,27.6,16,0.58,2,0.07
9228b07c,2019-2020,ENG,1. Premier League,12th,Everton,21,22.5,24,1.07,0,0
92432bc6,2019-2020,GER,1. Bundesliga,3rd,RB Leipzig,21,8.4,37,4.4,3,0.36
924f9191,2019-2020,GER,1. Bundesliga,11th,Union Berlin,24,10.3,15,1.46,0,0
92948149,2019-2020,GER,1. Bundesliga,10th,Hertha BSC,23,20.9,25,1.2,7,0.34
92b4758e,2019-2020,ITA,1. Serie A,13th,Udinese,24,17.2,10,0.58,0,0
92d83c27,2019-2020,ITA,1. Serie A,12th,Bologna,20,11.7,42,3.6,3,0.26
92e7e919,2019-2020,ENG,1. Premier League,6th,Tottenham,27,27.5,95,3.45,21,0.76
93090f69,2019-2020,ESP,1. La Liga,7th,Granada,24,34.3,5,0.15,1,0.03
9328b835,2019-2020,ENG,1. Premier League,16th,West Ham,34,23.5,0,0,0,0
933d3b51,2019-2020,ITA,1. Serie A,16th,Torino,26,9.5,3,0.32,1,0.11
935e6b8f,2019-2020,ENG,1. Premier League,1st,Liverpool,29,24.9,45,1.81,6,0.24
93a50d2c,2019-2020,GER,1. Bundesliga,17th,Düsseldorf,24,11.1,7,0.63,2,0.18
93b891d1,2019-2020,ITA,1. Serie A,4th,Lazio,30,15.6,42,2.69,9,0.58
93cf32a8,2019-2020,ITA,1. Serie A,16th,Torino,29,29.9,9,0.3,1,0.03
9413b19f,2019-2020,ITA,1. Serie A,7th,Napoli,22,21.7,1,0.05,0,0
94816803,2019-2020,ITA,1. Serie A,10th,Fiorentina,20,5.7,23,4.03,4,0.7
94b2001f,2019-2020,ITA,1. Serie A,1st,Juventus,28,16,36,2.25,4,0.25
94c18565,2019-2020,GER,1. Bundesliga,14th,Köln,26,17.3,71,4.09,6,0.35
952a03fe,2019-2020,ITA,1. Serie A,13th,Udinese,32,16.7,5,0.3,3,0.18
9591723b,2019-2020,ITA,1. Serie A,3rd,Atalanta,18,0,1,90,0,0
9592289a,2019-2020,ITA,1. Serie A,16th,Torino,28,18.2,24,1.32,3,0.16
95facda1,2019-2020,ITA,1. Serie A,14th,Cagliari,23,32.2,86,2.67,6,0.19
962e54cb,2019-2020,GER,1. Bundesliga,9th,Eint Frankfurt,24,14.3,40,2.81,6,0.42
963829d0,2019-2020,ESP,1. La Liga,5th,Villarreal,27,17.2,63,3.67,6,0.35
96640846,2019-2020,ITA,1. Serie A,16th,Torino,31,1,0,0,0,0
9674002f,2019-2020,ENG,1. Premier League,4th,Chelsea,20,31.9,117,3.67,17,0.53
967f34d3,2019-2020,ESP,1. La Liga,17th,Celta Vigo,24,32.9,1,0.03,0,0
96e0490d,2019-2020,ITA,1. Serie A,11th,Parma,29,29.8,39,1.31,3,0.1
970b8574,2019-2020,ITA,1. Serie A,9th,Hellas Verona,21,5.8,18,3.11,4,0.69
970b8574,2019-2020,ITA,1. Serie A,2nd,Inter,21,0.3,0,0,0,0
97220da2,2019-2020,ENG,1. Premier League,4th,Chelsea,17,0.1,0,0,0,0
97333cf5,2019-2020,ENG,1. Premier League,11th,Southampton,27,19.1,50,2.62,9,0.47
97572117,2019-2020,ESP,1. La Liga,8th,Getafe,31,26.9,18,0.67,2,0.07
97852360,2019-2020,ESP,1. La Liga,16th,Alavés,27,26.2,4,0.15,0,0
983ff2c7,2019-2020,ITA,1. Serie A,10th,Fiorentina,24,9.5,16,1.68,2,0.21
984a5a64,2019-2020,ENG,1. Premier League,11th,Southampton,22,7.8,7,0.9,1,0.13
984a5a64,2019-2020,ENG,1. Premier League,6th,Tottenham,22,2.7,6,2.24,0,0
989d5705,2019-2020,ENG,1. Premier League,10th,Burnley,27,21.5,27,1.26,1,0.05
98d2c2c4,2019-2020,ITA,1. Serie A,3rd,Atalanta,27,26,65,2.5,7,0.27
9907b1c8,2019-2020,ITA,1. Serie A,5th,Roma,20,16.7,65,3.89,10,0.6
9939e168,2019-2020,ESP,1. La Liga,10th,Osasuna,21,16.6,22,1.32,1,0.06
9970da54,2019-2020,ESP,1. La Liga,16th,Alavés,22,3,0,0,0,0
997fff07,2019-2020,ITA,1. Serie A,7th,Napoli,22,5.9,5,0.85,0,0
99813635,2019-2020,ENG,1. Premier League,1st,Liverpool,31,4.2,9,2.12,1,0.24
99be8fb5,2019-2020,GER,1. Bundesliga,11th,Union Berlin,28,10.5,17,1.61,6,0.57
99bebd12,2019-2020,ESP,1. La Liga,16th,Alavés,27,1.1,2,1.87,0,0
99de6b6f,2019-2020,GER,1. Bundesliga,6th,Hoffenheim,30,23,19,0.83,6,0.26
9a104dee,2019-2020,ENG,1. Premier League,14th,Crystal Palace,28,2,2,1.02,0,0
9a104dee,2019-2020,ENG,1. Premier League,12th,Everton,28,3.2,7,2.16,0,0
9a28eba4,2019-2020,ENG,1. Premier League,7th,Wolves,23,28.9,99,3.42,15,0.52
9a2e0ccc,2019-2020,GER,1. Bundesliga,3rd,RB Leipzig,27,12.7,51,4.02,4,0.32
9a64e67e,2019-2020,ESP,1. La Liga,6th,Real Sociedad,22,26.6,11,0.41,1,0.04
9a9c05db,2019-2020,ENG,1. Premier League,10th,Burnley,30,17,18,1.06,1,0.06
9ab16552,2019-2020,GER,1. Bundesliga,9th,Eint Frankfurt,35,21.9,23,1.05,2,0.09
9b6f7fd5,2019-2020,ITA,1. Serie A,6th,Milan,21,12.3,46,3.75,3,0.24
9c94165b,2019-2020,ENG,1. Premier League,3rd,Manchester Utd,24,19.3,42,2.18,1,0.05
9d4c45d6,2019-2020,ITA,1. Serie A,12th,Bologna,28,27.4,105,3.83,11,0.4
9d66fbe3,2019-2020,ESP,1. La Liga,7th,Granada,34,26.1,43,1.65,8,0.31
9dbb75ca,2019-2020,ENG,1. Premier League,8th,Arsenal,28,20.8,60,2.88,15,0.72
9dc96f10,2019-2020,ITA,1. Serie A,3rd,Atalanta,17,0.3,1,3.33,0,0
9deaf2c8,2019-2020,ENG,1. Premier League,17th,Aston Villa,21,6.1,20,3.28,3,0.49
9e098912,2019-2020,ESP,1. La Liga,3rd,Atlético Madrid,21,0,0,0,0,0
9e1035f8,2019-2020,ESP,1. La Liga,9th,Valencia,19,25,56,2.24,8,0.32
9e1577aa,2019-2020,ITA,1. Serie A,2nd,Inter,26,17.5,57,3.26,12,0.69
9e525177,2019-2020,ENG,1. Premier League,3rd,Manchester Utd,21,34.1,47,1.38,6,0.18
9f0ea33f,2019-2020,ESP,1. La Liga,5th,Villarreal,30,34,3,0.09,1,0.03
9f1893b9,2019-2020,ENG,1. Premier League,16th,West Ham,26,16.6,58,3.49,8,0.48
9f323c71,2019-2020,ESP,1. La Liga,11th,Athletic Club,30,6,11,1.83,1,0.17
9f472354,2019-2020,ENG,1. Premier League,11th,Southampton,32,15.5,31,2,3,0.19
9f5a610b,2019-2020,ITA,1. Serie A,15th,Sampdoria,24,2,0,0,0,0
9f7c837d,2019-2020,ENG,1. Premier League,20th,Norwich City,21,29.4,11,0.37,1,0.03
9f8e9423,2019-2020,ESP,1. La Liga,1st,Real Madrid,26,31.4,11,0.35,1,0.03
9f979eb2,2019-2020,GER,1. Bundesliga,14th,Köln,22,6.9,4,0.58,0,0
9fbbcf39,2019-2020,ENG,1. Premier League,7th,Wolves,29,30.1,24,0.8,1,0.03
9fec8860,2019-2020,GER,1. Bundesliga,16th,Werder Bremen,25,10.3,20,1.95,1,0.1
a01c3d54,2019-2020,ESP,1. La Liga,12th,Levante,28,36,4,0.11,0,0
a0255c67,2019-2020,ESP,1. La Liga,5th,Villarreal,20,2.8,8,2.85,1,0.36
a0415710,2019-2020,GER,1. Bundesliga,14th,Köln,19,18.6,26,1.4,3,0.16
a0666d3e,2019-2020,ENG,1. Premier League,19th,Watford,24,25,51,2.04,3,0.12
a08b974a,2019-2020,ESP,1. La Liga,4th,Sevilla,25,30.5,65,2.13,8,0.26
a0b4bb3e,2019-2020,ESP,1. La Liga,1st,Real Madrid,27,13.1,43,3.28,7,0.53
a111cf41,2019-2020,ITA,1. Serie A,13th,Udinese,25,38,3,0.08,0,0
a1232f4e,2019-2020,ENG,1. Premier League,3rd,Manchester Utd,25,1.7,1,0.6,0,0
a167537f,2019-2020,GER,1. Bundesliga,2nd,Dortmund,23,24.5,77,3.15,19,0.78
a179d516,2019-2020,ENG,1. Premier League,4th,Chelsea,37,5,0,0,0,0
a1d5bd30,2019-2020,ENG,1. Premier League,3rd,Manchester Utd,21,29.4,92,3.13,19,0.65
a29b1131,2019-2020,ENG,1. Premier League,6th,Tottenham,21,7.8,26,3.32,1,0.13
a2a85828,2019-2020,GER,1. Bundesliga,17th,Düsseldorf,21,0.9,0,0,0,0
a2b105e0,2019-2020,ENG,1. Premier League,13th,Newcastle Utd,21,15.3,32,2.09,3,0.2
a300ac7e,2019-2020,ESP,1. La Liga,16th,Alavés,30,27.7,91,3.28,9,0.32
a35134ae,2019-2020,ESP,1. La Liga,19th,Mallorca,27,9,6,0.66,0,0
a36084cd,2019-2020,ITA,1. Serie A,12th,Bologna,17,0.2,2,8.57,0,0
a39bb753,2019-2020,ESP,1. La Liga,1st,Real Madrid,28,12,49,4.09,8,0.67
a3b03921,2019-2020,ENG,1. Premier League,8th,Arsenal,19,9.5,33,3.47,3,0.32
a3d94a58,2019-2020,ITA,1. Serie A,17th,Genoa,21,28.6,23,0.8,4,0.14
a3ddb1b9,2019-2020,GER,1. Bundesliga,14th,Köln,27,12.9,56,4.34,10,0.77
a3ddb1b9,2019-2020,GER,1. Bundesliga,12th,Schalke 04,27,3.9,4,1.02,0,0
a40819d9,2019-2020,ITA,1. Serie A,9th,Hellas Verona,19,21.7,10,0.46,2,0.09
a4971d84,2019-2020,ESP,1. La Liga,8th,Getafe,27,34,11,0.32,0,0
a4995f48,2019-2020,ESP,1. La Liga,10th,Osasuna,26,18.4,5,0.27,0,0
a4ac4b8f,2019-2020,ENG,1. Premier League,7th,Wolves,28,22,8,0.36,1,0.05
a4e85758,2019-2020,ITA,1. Serie A,10th,Fiorentina,21,6.8,4,0.59,0,0
a4e85758,2019-2020,ITA,1. Serie A,20th,SPAL,21,14.9,18,1.21,1,0.07
a4effc55,2019-2020,GER,1. Bundesliga,2nd,Dortmund,20,10.9,11,1.01,1,0.09
a4fe8cda,2019-2020,ITA,1. Serie A,10th,Fiorentina,21,9.3,18,1.93,3,0.32
a4fe8cda,2019-2020,ENG,1. Premier League,7th,Wolves,21,3.3,2,0.61,0,0
a5296e55,2019-2020,ITA,1. Serie A,7th,Napoli,25,32.5,131,4.03,12,0.37
a53649b7,2019-2020,ENG,1. Premier League,8th,Arsenal,20,7,12,1.71,1,0.14
a53b661f,2019-2020,GER,1. Bundesliga,6th,Hoffenheim,25,23.4,58,2.48,7,0.3
a55d8df5,2019-2020,ESP,1. La Liga,18th,Leganés,23,13.6,32,2.36,1,0.07
a58bb1e1,2019-2020,ESP,1. La Liga,1st,Real Madrid,30,12.1,33,2.73,7,0.58
a5ce09f2,2019-2020,GER,1. Bundesliga,16th,Werder Bremen,26,0.8,3,3.65,1,1.22
a5ec3ede,2019-2020,GER,1. Bundesliga,13th,Mainz 05,25,8.9,10,1.12,0,0
a6154613,2019-2020,ESP,1. La Liga,2nd,Barcelona,32,22.2,74,3.33,17,0.77
a65ce836,2019-2020,GER,1. Bundesliga,2nd,Dortmund,25,10.6,14,1.32,2,0.19
a65ce836,2019-2020,ITA,1. Serie A,1st,Juventus,25,3.2,7,2.22,0,0
a6951bf8,2019-2020,ESP,1. La Liga,9th,Valencia,28,21.2,17,0.8,2,0.09
a69cc629,2019-2020,ITA,1. Serie A,15th,Sampdoria,18,0.8,5,5.92,0,0
a69e4806,2019-2020,ITA,1. Serie A,7th,Napoli,24,11.4,47,4.13,3,0.26
a6de370d,2019-2020,ESP,1. La Liga,15th,Betis,28,35.1,138,3.93,14,0.4
a6de6361,2019-2020,ENG,1. Premier League,17th,Aston Villa,33,19.9,0,0,0,0
a70b8345,2019-2020,GER,1. Bundesliga,9th,Eint Frankfurt,26,9,0,0,0,0
a712ca2b,2019-2020,ENG,1. Premier League,16th,West Ham,22,30.7,9,0.29,1,0.03
a73c8f95,2019-2020,GER,1. Bundesliga,5th,Leverkusen,20,11.8,6,0.51,0,0
a7813ac4,2019-2020,GER,1. Bundesliga,13th,Mainz 05,31,19,85,4.48,4,0.21
a7a9d95a,2019-2020,GER,1. Bundesliga,2nd,Dortmund,25,5.9,14,2.38,3,0.51
a7a9d95a,2019-2020,ESP,1. La Liga,5th,Villarreal,25,10.3,16,1.56,3,0.29
a83d8b0c,2019-2020,ESP,1. La Liga,5th,Villarreal,21,9.9,33,3.34,4,0.4
a8542814,2019-2020,ESP,1. La Liga,3rd,Atlético Madrid,29,12.5,37,2.97,3,0.24
a8a3d139,2019-2020,ENG,1. Premier League,17th,Aston Villa,26,0.1,0,0,0,0
a8a874f1,2019-2020,ITA,1. Serie A,8th,Sassuolo,21,28.7,93,3.24,8,0.28
a8d4428b,2019-2020,GER,1. Bundesliga,16th,Werder Bremen,19,15.7,29,1.84,7,0.44
a8f21b9f,2019-2020,ESP,1. La Liga,2nd,Barcelona,21,5.3,15,2.84,6,1.13
a8f21b9f,2019-2020,ITA,1. Serie A,5th,Roma,21,6.3,29,4.61,6,0.95
a92ab7be,2019-2020,GER,1. Bundesliga,8th,Freiburg,26,10,0,0,0,0
a96e5dc0,2019-2020,ITA,1. Serie A,8th,Sassuolo,24,24.3,43,1.77,4,0.16
a9dc785c,2019-2020,ESP,1. La Liga,2nd,Barcelona,30,2,1,0.5,0,0
aa0ac32d,2019-2020,ESP,1. La Liga,12th,Levante,30,5.4,4,0.74,1,0.19
aad48be9,2019-2020,GER,1. Bundesliga,10th,Hertha BSC,24,19.2,11,0.57,0,0
aad53e64,2019-2020,ESP,1. La Liga,10th,Osasuna,22,3.5,10,2.88,2,0.58
aae9d04a,2019-2020,ITA,1. Serie A,9th,Hellas Verona,27,35.9,60,1.67,4,0.11
ab070c55,2019-2020,ENG,1. Premier League,14th,Crystal Palace,28,14,39,2.78,6,0.43
ab13a5aa,2019-2020,ENG,1. Premier League,14th,Crystal Palace,32,35,3,0.09,1,0.03
ab1ca213,2019-2020,ITA,1. Serie A,9th,Hellas Verona,33,31.2,104,3.44,7,0.23
ab4449d6,2019-2020,ITA,1. Serie A,12th,Bologna,28,37,5,0.14,1,0.03
ab651565,2019-2020,ENG,1. Premier League,11th,Southampton,25,30.7,96,3.13,6,0.2
ab700320,2019-2020,GER,1. Bundesliga,10th,Hertha BSC,20,5.9,19,3.2,0,0
abb3bb95,2019-2020,ESP,1. La Liga,4th,Sevilla,28,22.9,35,1.53,5,0.22
abe66106,2019-2020,ENG,1. Premier League,6th,Tottenham,27,13.5,48,3.56,8,0.59
ac05f970,2019-2020,ENG,1. Premier League,16th,West Ham,29,19.6,59,3,7,0.36
ac295d9e,2019-2020,ESP,1. La Liga,14th,Eibar,27,35,8,0.23,0,0
ac4003af,2019-2020,ITA,1. Serie A,3rd,Atalanta,27,5.8,0,0,0,0
ac73ec79,2019-2020,GER,1. Bundesliga,3rd,RB Leipzig,21,19.8,37,1.87,6,0.3
ac7e640b,2019-2020,ITA,1. Serie A,3rd,Atalanta,25,10.7,3,0.28,1,0.09
ac861941,2019-2020,ENG,1. Premier League,6th,Tottenham,25,14.9,10,0.67,1,0.07
ad00b1a8,2019-2020,GER,1. Bundesliga,14th,Köln,24,12.9,25,1.94,1,0.08
ad1ffcfd,2019-2020,ESP,1. La Liga,5th,Villarreal,31,29.4,25,0.85,3,0.1
ad3389d5,2019-2020,GER,1. Bundesliga,5th,Leverkusen,29,34,6,0.18,1,0.03
ad6df2d5,2019-2020,ITA,1. Serie A,1st,Juventus,29,25.3,96,3.79,9,0.36
aded8e6f,2019-2020,ITA,1. Serie A,5th,Roma,17,0.7,1,1.53,1,1.53
adfc9123,2019-2020,ESP,1. La Liga,2nd,Barcelona,32,34.4,12,0.35,1,0.03
ae44e8e2,2019-2020,GER,1. Bundesliga,3rd,RB Leipzig,21,8.3,25,3.01,2,0.24
ae4e2852,2019-2020,ITA,1. Serie A,1st,Juventus,26,5.2,11,2.1,1,0.19
ae7058f9,2019-2020,ITA,1. Serie A,15th,Sampdoria,21,6.3,1,0.16,0,0
aed746df,2019-2020,ESP,1. La Liga,16th,Alavés,29,9.6,13,1.35,0,0
aeed5c06,2019-2020,GER,1. Bundesliga,5th,Leverkusen,20,19.7,67,3.4,10,0.51
afb0c500,2019-2020,GER,1. Bundesliga,12th,Schalke 04,22,25.7,3,0.12,0,0
b05e2dbd,2019-2020,ESP,1. La Liga,9th,Valencia,24,22.1,22,1,3,0.14
b0616e3d,2019-2020,ESP,1. La Liga,4th,Sevilla,29,8.6,12,1.4,1,0.12
b0a0698b,2019-2020,GER,1. Bundesliga,14th,Köln,29,24.5,15,0.61,3,0.12
b0b4fd3e,2019-2020,ENG,1. Premier League,17th,Aston Villa,23,35.9,186,5.18,15,0.42
b0c71810,2019-2020,ENG,1. Premier League,11th,Southampton,25,8.5,40,4.71,3,0.35
b0f7e36c,2019-2020,ITA,1. Serie A,10th,Fiorentina,21,29.3,107,3.65,14,0.48
b0fce72c,2019-2020,ESP,1. La Liga,11th,Athletic Club,26,14.1,19,1.35,3,0.21
b1236c63,2019-2020,ITA,1. Serie A,13th,Udinese,29,13.9,34,2.45,3,0.22
b14d0c5d,2019-2020,ESP,1. La Liga,15th,Betis,29,13.1,7,0.54,1,0.08
b19db005,2019-2020,ESP,1. La Liga,2nd,Barcelona,22,4,18,4.54,2,0.5
b1cd37e6,2019-2020,GER,1. Bundesliga,9th,Eint Frankfurt,26,32.9,141,4.29,20,0.61
b217ef29,2019-2020,ENG,1. Premier League,1st,Liverpool,27,7.8,5,0.64,0,0
b233e8e4,2019-2020,ESP,1. La Liga,17th,Celta Vigo,27,17,2,0.12,0,0
b233e8e4,2019-2020,ITA,1. Serie A,15th,Sampdoria,27,7.4,5,0.68,0,0
b28bbd58,2019-2020,ENG,1. Premier League,14th,Crystal Palace,28,14.4,23,1.6,2,0.14
b2bc3b1f,2019-2020,ENG,1. Premier League,14th,Crystal Palace,26,36.4,106,2.91,7,0.19
b2d03887,2019-2020,ESP,1. La Liga,16th,Alavés,25,14.4,24,1.67,2,0.14
b2d03887,2019-2020,ENG,1. Premier League,14th,Crystal Palace,25,0.1,1,15,0,0
b2d0ec1b,2019-2020,ESP,1. La Liga,17th,Celta Vigo,32,3.6,15,4.17,2,0.56
b2d0ec1b,2019-2020,ESP,1. La Liga,4th,Sevilla,32,10,32,3.21,2,0.2
b2d31e83,2019-2020,ENG,1. Premier League,15th,Brighton,27,32,34,1.06,1,0.03
b3325a30,2019-2020,GER,1. Bundesliga,12th,Schalke 04,22,17.8,33,1.86,3,0.17
b3af9be1,2019-2020,ITA,1. Serie A,12th,Bologna,20,28.1,37,1.32,5,0.18
b3b7f5a6,2019-2020,GER,1. Bundesliga,9th,Eint Frankfurt,29,13.6,23,1.7,3,0.22
b400bde0,2019-2020,ENG,1. Premier League,2nd,Manchester City,24,29.5,117,3.97,11,0.37
b418dbd4,2019-2020,ESP,1. La Liga,11th,Athletic Club,33,31.9,45,1.41,4,0.13
b4a014b1,2019-2020,ESP,1. La Liga,4th,Sevilla,26,34.8,17,0.49,1,0.03
b4cf5806,2019-2020,GER,1. Bundesliga,11th,Union Berlin,28,29.8,46,1.54,7,0.23
b500b384,2019-2020,GER,1. Bundesliga,7th,Wolfsburg,28,13.3,32,2.4,7,0.52
b50ec54b,2019-2020,GER,1. Bundesliga,14th,Köln,24,6.9,24,3.47,1,0.14
b561db50,2019-2020,ENG,1. Premier League,7th,Wolves,28,36,87,2.42,12,0.33
b579e83d,2019-2020,ESP,1. La Liga,8th,Getafe,23,6.4,7,1.1,1,0.16
b5bdf144,2019-2020,ESP,1. La Liga,20th,Espanyol,29,2,0,0,0,0
b5bf1770,2019-2020,ITA,1. Serie A,16th,Torino,22,13.1,7,0.54,0,0
b5dd3469,2019-2020,ESP,1. La Liga,12th,Levante,26,22.1,21,0.95,3,0.14
b66315ae,2019-2020,ENG,1. Premier League,2nd,Manchester City,22,22.6,71,3.15,13,0.58
b6964eb6,2019-2020,ITA,1. Serie A,5th,Roma,29,28.5,24,0.84,4,0.14
b70bde8f,2019-2020,ITA,1. Serie A,2nd,Inter,23,8,42,5.23,7,0.87
b742cc0d,2019-2020,ESP,1. La Liga,15th,Betis,28,28,12,0.43,1,0.04
b77f44a4,2019-2020,GER,1. Bundesliga,11th,Union Berlin,23,31,24,0.77,2,0.06
b7a5bc86,2019-2020,ITA,1. Serie A,20th,SPAL,23,4.7,5,1.07,1,0.21
b7c99b9b,2019-2020,ESP,1. La Liga,16th,Alavés,29,29.5,16,0.54,3,0.1
b7ca5c51,2019-2020,ESP,1. La Liga,9th,Valencia,28,31.1,6,0.19,1,0.03
b7de5bad,2019-2020,ESP,1. La Liga,20th,Espanyol,19,14.1,26,1.84,0,0
b825a650,2019-2020,GER,1. Bundesliga,3rd,RB Leipzig,28,7.5,20,2.67,2,0.27
b827d5b3,2019-2020,ENG,1. Premier League,5th,Leicester City,29,9.6,26,2.7,5,0.52
b853e0ad,2019-2020,ENG,1. Premier League,3rd,Manchester Utd,26,24,85,3.54,1,0.04
b857bd29,2019-2020,ESP,1. La Liga,19th,Mallorca,27,30.8,13,0.42,0,0
b8a642fc,2019-2020,ESP,1. La Liga,5th,Villarreal,20,22.8,99,4.36,14,0.62
b8c1de25,2019-2020,ESP,1. La Liga,7th,Granada,30,16.7,14,0.84,0,0
b96b595c,2019-2020,ITA,1. Serie A,4th,Lazio,31,35.1,27,0.77,3,0.09
b9fbae28,2019-2020,ENG,1. Premier League,4th,Chelsea,28,19.2,53,2.75,1,0.05
ba3d3bea,2019-2020,ITA,1. Serie A,4th,Lazio,24,6.6,28,4.26,2,0.3
ba5004e1,2019-2020,ESP,1. La Liga,8th,Getafe,31,28.8,75,2.6,9,0.31
bad38a94,2019-2020,ESP,1. La Liga,20th,Espanyol,30,27.7,35,1.26,2,0.07
bb5fbd2b,2019-2020,ENG,1. Premier League,15th,Brighton,25,12.7,32,2.52,2,0.16
bba30585,2019-2020,ESP,1. La Liga,6th,Real Sociedad,25,25.9,14,0.54,2,0.08
bbafc0c4,2019-2020,ITA,1. Serie A,16th,Torino,32,19.6,58,2.95,8,0.41
bbd86530,2019-2020,GER,1. Bundesliga,11th,Union Berlin,24,25.2,44,1.75,4,0.16
bc61cc65,2019-2020,ESP,1. La Liga,10th,Osasuna,31,12,30,2.5,4,0.33
bc6f5f06,2019-2020,ESP,1. La Liga,4th,Sevilla,27,8,5,0.63,0,0
bc7dc64d,2019-2020,ENG,1. Premier League,8th,Arsenal,17,19.5,45,2.31,7,0.36
bcb2ccd8,2019-2020,GER,1. Bundesliga,3rd,RB Leipzig,29,32,4,0.12,2,0.06
bd142efb,2019-2020,GER,1. Bundesliga,5th,Leverkusen,23,23.2,12,0.52,2,0.09
bd527260,2019-2020,GER,1. Bundesliga,14th,Köln,26,9.4,21,2.23,3,0.32
bd6351cd,2019-2020,ENG,1. Premier League,2nd,Manchester City,25,13.4,44,3.28,2,0.15
bd992863,2019-2020,GER,1. Bundesliga,2nd,Dortmund,19,0.3,0,0,0,0
bdb624a3,2019-2020,ESP,1. La Liga,11th,Athletic Club,19,8.2,23,2.79,3,0.36
bdc74a8f,2019-2020,ITA,1. Serie A,5th,Roma,21,3.3,8,2.41,1,0.3
be170419,2019-2020,ESP,1. La Liga,11th,Athletic Club,22,17.5,5,0.29,1,0.06
be42a291,2019-2020,GER,1. Bundesliga,3rd,RB Leipzig,20,0.6,2,3.1,0,0
be927d03,2019-2020,ITA,1. Serie A,2nd,Inter,34,13.2,42,3.19,6,0.46
be927d03,2019-2020,ENG,1. Premier League,3rd,Manchester Utd,34,10.6,26,2.45,0,0
beb882a8,2019-2020,GER,1. Bundesliga,16th,Werder Bremen,22,31.7,69,2.18,7,0.22
bece776f,2019-2020,ESP,1. La Liga,15th,Betis,26,29.3,115,3.92,11,0.38
bee0bab1,2019-2020,GER,1. Bundesliga,5th,Leverkusen,29,15.8,48,3.03,8,0.51
bee704fc,2019-2020,ITA,1. Serie A,10th,Fiorentina,21,36.2,21,0.58,3,0.08
bf075f6b,2019-2020,GER,1. Bundesliga,8th,Freiburg,22,12.9,31,2.4,2,0.15
bf12926c,2019-2020,ESP,1. La Liga,15th,Betis,19,3.9,4,1.03,0,0
bf309d24,2019-2020,ITA,1. Serie A,5th,Roma,22,16.9,34,2.02,2,0.12
bf356094,2019-2020,ITA,1. Serie A,3rd,Atalanta,19,0.9,6,6.59,1,1.1
bf39bdec,2019-2020,ITA,1. Serie A,19th,Brescia,27,20.5,66,3.22,11,0.54
bf57eaab,2019-2020,ITA,1. Serie A,15th,Sampdoria,22,8.3,29,3.51,2,0.24
bf8fad51,2019-2020,ENG,1. Premier League,17th,Aston Villa,24,17.2,8,0.47,1,0.06
bfae110f,2019-2020,ENG,1. Premier League,17th,Aston Villa,22,19.8,27,1.36,3,0.15
bfb15d99,2019-2020,ESP,1. La Liga,12th,Levante,23,2,0,0,0,0
bfd381b3,2019-2020,ESP,1. La Liga,19th,Mallorca,23,32.3,25,0.78,1,0.03
bfdb33aa,2019-2020,ENG,1. Premier League,19th,Watford,21,22.5,71,3.15,10,0.44
c00097d2,2019-2020,ESP,1. La Liga,12th,Levante,24,2.1,2,0.94,0,0
c05dfb74,2019-2020,ESP,1. La Liga,11th,Athletic Club,26,26.5,76,2.87,6,0.23
c0617e2b,2019-2020,ENG,1. Premier League,8th,Arsenal,22,18.8,49,2.61,8,0.43
c067631c,2019-2020,ENG,1. Premier League,16th,West Ham,26,24.9,47,1.89,5,0.2
c0c7ff58,2019-2020,ITA,1. Serie A,7th,Napoli,23,29.8,112,3.76,12,0.4
c14bc029,2019-2020,ESP,1. La Liga,3rd,Atlético Madrid,24,34.1,52,1.52,2,0.06
c17bfb65,2019-2020,ENG,1. Premier League,13th,Newcastle Utd,22,29.8,58,1.95,3,0.1
c18d22f5,2019-2020,GER,1. Bundesliga,10th,Hertha BSC,32,8.5,14,1.64,3,0.35
c1949191,2019-2020,ENG,1. Premier League,12th,Everton,17,3.3,0,0,0,0
c1b7847c,2019-2020,GER,1. Bundesliga,3rd,RB Leipzig,22,23.5,52,2.21,18,0.77
c2009df3,2019-2020,GER,1. Bundesliga,14th,Köln,29,27,54,2,5,0.18
c2111b45,2019-2020,ESP,1. La Liga,7th,Granada,22,7,1,0.14,0,0
c2111b45,2019-2020,ENG,1. Premier League,7th,Wolves,22,1.8,0,0,0,0
c2211709,2019-2020,GER,1. Bundesliga,14th,Köln,24,29.7,52,1.75,8,0.27
c235e803,2019-2020,ITA,1. Serie A,6th,Milan,19,7.6,5,0.66,0,0
c316607a,2019-2020,ITA,1. Serie A,8th,Sassuolo,29,7.9,2,0.25,1,0.13
c375dfa5,2019-2020,ITA,1. Serie A,18th,Lecce,28,6.1,12,1.95,1,0.16
c3ee18ef,2019-2020,GER,1. Bundesliga,1st,Bayern Munich,23,10.2,8,0.78,2,0.2
c40b6180,2019-2020,ENG,1. Premier League,15th,Brighton,24,29.6,22,0.74,1,0.03
c41f7379,2019-2020,GER,1. Bundesliga,6th,Hoffenheim,34,4,1,0.25,0,0
c4e87b8b,2019-2020,GER,1. Bundesliga,7th,Wolfsburg,26,30.4,83,2.73,9,0.3
c50cee19,2019-2020,ITA,1. Serie A,12th,Bologna,19,8.4,21,2.49,3,0.36
c56dc39e,2019-2020,ITA,1. Serie A,3rd,Atalanta,28,29,41,1.41,10,0.35
c596fcb0,2019-2020,ENG,1. Premier League,18th,Bournemouth,27,32.3,58,1.8,7,0.22
c5adc293,2019-2020,ITA,1. Serie A,7th,Napoli,28,4.2,14,3.35,1,0.24
c5b7c315,2019-2020,ENG,1. Premier League,12th,Everton,26,28.4,10,0.35,1,0.04
c6608135,2019-2020,GER,1. Bundesliga,14th,Köln,19,0.2,2,8.57,0,0
c67cd65c,2019-2020,ESP,1. La Liga,12th,Levante,25,29,18,0.62,4,0.14
c691bfe2,2019-2020,ENG,1. Premier League,1st,Liverpool,27,30.5,109,3.57,16,0.52
c6e8cf1f,2019-2020,ITA,1. Serie A,16th,Torino,22,20.7,38,1.84,1,0.05
c707411f,2019-2020,ITA,1. Serie A,7th,Napoli,28,24.2,5,0.21,0,0
c7259b83,2019-2020,ITA,1. Serie A,13th,Udinese,22,22.8,69,3.03,4,0.18
c730da00,2019-2020,ITA,1. Serie A,5th,Roma,22,2.9,0,0,0,0
c7429db3,2019-2020,ESP,1. La Liga,10th,Osasuna,26,6,12,2.01,1,0.17
c77a8043,2019-2020,ESP,1. La Liga,7th,Granada,27,28.5,59,2.07,8,0.28
c78b352d,2019-2020,ESP,1. La Liga,9th,Valencia,20,2.9,4,1.39,1,0.35
c8387671,2019-2020,ENG,1. Premier League,1st,Liverpool,16,0.1,0,0,0,0
c89e8aae,2019-2020,GER,1. Bundesliga,7th,Wolfsburg,31,8,2,0.25,0,0
c8aa95da,2019-2020,ENG,1. Premier League,13th,Newcastle Utd,27,18.6,16,0.86,3,0.16
c8c60119,2019-2020,GER,1. Bundesliga,9th,Eint Frankfurt,23,16.6,30,1.81,5,0.3
c92e1a31,2019-2020,ENG,1. Premier League,5th,Leicester City,22,10.7,39,3.66,5,0.47
c931d9f9,2019-2020,ENG,1. Premier League,3rd,Manchester Utd,21,25.4,64,2.52,8,0.31
c951a6df,2019-2020,ENG,1. Premier League,13th,Newcastle Utd,24,24.7,30,1.21,4,0.16
c9cb972b,2019-2020,ESP,1. La Liga,9th,Valencia,28,14.7,1,0.07,0,0
c9e39d91,2019-2020,ESP,1. La Liga,17th,Celta Vigo,22,16.4,36,2.19,5,0.3
ca618d23,2019-2020,GER,1. Bundesliga,8th,Freiburg,25,27.6,67,2.43,15,0.54
ca6edaa0,2019-2020,ESP,1. La Liga,19th,Mallorca,14,0.1,0,0,0,0
ca8033cb,2019-2020,GER,1. Bundesliga,3rd,RB Leipzig,23,29.4,37,1.26,4,0.14
cac2537b,2019-2020,ESP,1. La Liga,12th,Levante,24,23.5,68,2.89,10,0.43
caffaf5a,2019-2020,ITA,1. Serie A,15th,Sampdoria,30,13.2,5,0.38,1,0.08
caffaf5a,2019-2020,ENG,1. Premier League,11th,Southampton,30,6.2,2,0.32,0,0
cb574619,2019-2020,ESP,1. La Liga,17th,Celta Vigo,28,21.8,28,1.28,2,0.09
cbac6ec9,2019-2020,GER,1. Bundesliga,13th,Mainz 05,21,12.5,1,0.08,0,0
cbdf7d5c,2019-2020,ESP,1. La Liga,3rd,Atlético Madrid,22,0.1,0,0,0,0
cc2d7ad5,2019-2020,ENG,1. Premier League,10th,Burnley,25,21.6,21,0.97,1,0.05
cc700722,2019-2020,ITA,1. Serie A,7th,Napoli,28,14.2,41,2.88,3,0.21
cc86b9a3,2019-2020,GER,1. Bundesliga,1st,Bayern Munich,24,16.8,56,3.33,15,0.89
cce181df,2019-2020,ESP,1. La Liga,9th,Valencia,26,20.1,18,0.9,1,0.05
cce9f582,2019-2020,ITA,1. Serie A,19th,Brescia,23,1.3,0,0,0,0
cce9f582,2019-2020,ITA,1. Serie A,8th,Sassuolo,23,1.6,1,0.62,0,0
cd0fa27b,2019-2020,ITA,1. Serie A,6th,Milan,25,30,132,4.39,15,0.5
cd1acf9d,2019-2020,ENG,1. Premier League,1st,Liverpool,20,35.3,151,4.28,23,0.65
cd82452e,2019-2020,GER,1. Bundesliga,15th,Augsburg,28,7.8,16,2.05,0,0
cda0b317,2019-2020,ESP,1. La Liga,15th,Betis,29,32.1,3,0.09,0,0
ce17b5eb,2019-2020,GER,1. Bundesliga,9th,Eint Frankfurt,29,22,3,0.14,0,0
ce30bfc8,2019-2020,ITA,1. Serie A,2nd,Inter,25,20,58,2.9,5,0.25
ce4246f5,2019-2020,ENG,1. Premier League,4th,Chelsea,24,26,14,0.54,0,0
ce5143da,2019-2020,ENG,1. Premier League,19th,Watford,28,9.1,9,0.99,1,0.11
ce8039aa,2019-2020,ESP,1. La Liga,20th,Espanyol,18,2,6,2.97,0,0
cea4ee8f,2019-2020,ENG,1. Premier League,6th,Tottenham,23,20.5,54,2.63,12,0.58
cee31595,2019-2020,ENG,1. Premier League,14th,Crystal Palace,31,34.3,60,1.75,8,0.23
cf007308,2019-2020,ITA,1. Serie A,7th,Napoli,19,12.6,45,3.57,3,0.24
cf1c23d8,2019-2020,ITA,1. Serie A,2nd,Inter,33,3,0,0,0,0
cf623c78,2019-2020,GER,1. Bundesliga,9th,Eint Frankfurt,27,5.7,9,1.59,1,0.18
cfbf9881,2019-2020,ITA,1. Serie A,12th,Bologna,24,16.7,15,0.9,3,0.18
d0042ab9,2019-2020,ENG,1. Premier League,12th,Everton,22,22.8,18,0.79,5,0.22
d023d70f,2019-2020,ITA,1. Serie A,15th,Sampdoria,24,22.4,64,2.85,10,0.45
d04b94db,2019-2020,ESP,1. La Liga,2nd,Barcelona,25,23.3,33,1.42,6,0.26
d080ed5e,2019-2020,ESP,1. La Liga,6th,Real Sociedad,23,34.9,80,2.29,8,0.23
d0b3ceb9,2019-2020,ENG,1. Premier League,19th,Watford,36,38,5,0.13,1,0.03
d0d8dd44,2019-2020,ITA,1. Serie A,2nd,Inter,27,31.4,23,0.73,3,0.1
d0dbca9f,2019-2020,ITA,1. Serie A,15th,Sampdoria,25,11.2,5,0.45,0,0
d0f72bf1,2019-2020,ENG,1. Premier League,7th,Wolves,22,2.1,0,0,0,0
d1273f09,2019-2020,GER,1. Bundesliga,12th,Schalke 04,31,25.5,85,3.34,6,0.24
d1661819,2019-2020,GER,1. Bundesliga,12th,Schalke 04,30,33.5,69,2.06,13,0.39
d183e9d6,2019-2020,ITA,1. Serie A,15th,Sampdoria,24,25.1,42,1.67,1,0.04
d1b060e2,2019-2020,ESP,1. La Liga,19th,Mallorca,26,3.1,2,0.65,0,0
d1b49282,2019-2020,ITA,1. Serie A,15th,Sampdoria,23,20.7,37,1.79,6,0.29
d2110326,2019-2020,ESP,1. La Liga,9th,Valencia,22,16,6,0.37,0,0
d2416c2e,2019-2020,GER,1. Bundesliga,3rd,RB Leipzig,25,13.6,35,2.58,9,0.66
d2424d1b,2019-2020,ENG,1. Premier League,5th,Leicester City,22,26.4,63,2.39,7,0.27
d248cd8f,2019-2020,GER,1. Bundesliga,3rd,RB Leipzig,20,26.2,29,1.11,5,0.19
d2aea9ac,2019-2020,ESP,1. La Liga,3rd,Atlético Madrid,21,0.1,0,0,0,0
d2c580ce,2019-2020,GER,1. Bundesliga,8th,Freiburg,19,1.9,2,1.03,0,0
d2ed99b4,2019-2020,ESP,1. La Liga,12th,Levante,17,0,0,0,0,0
d3112d86,2019-2020,GER,1. Bundesliga,18th,Paderborn 07,21,31.2,64,2.05,3,0.1
d37b0350,2019-2020,ITA,1. Serie A,14th,Cagliari,30,0.5,1,2,0,0
d38fdf53,2019-2020,ESP,1. La Liga,10th,Osasuna,21,33.1,76,2.3,10,0.3
d3b888e3,2019-2020,ITA,1. Serie A,14th,Cagliari,23,5.2,9,1.73,2,0.38
d3d758d8,2019-2020,ITA,1. Serie A,17th,Genoa,34,12.3,11,0.89,0,0
d3de9af0,2019-2020,ITA,1. Serie A,3rd,Atalanta,28,22.5,74,3.29,12,0.53
d4535821,2019-2020,ITA,1. Serie A,4th,Lazio,26,10.5,16,1.53,4,0.38
d4931a5a,2019-2020,ITA,1. Serie A,5th,Roma,31,6.3,13,2.05,1,0.16
d4a2533d,2019-2020,GER,1. Bundesliga,7th,Wolfsburg,21,18.6,82,4.42,7,0.38
d4c9725f,2019-2020,ITA,1. Serie A,6th,Milan,21,31.3,92,2.94,8,0.26
d5575935,2019-2020,GER,1. Bundesliga,17th,Düsseldorf,26,10.5,19,1.82,1,0.1
d5575935,2019-2020,ITA,1. Serie A,4th,Lazio,26,0.4,0,0,0,0
d557d734,2019-2020,ENG,1. Premier League,7th,Wolves,27,31.5,63,2,14,0.44
d56543a0,2019-2020,ENG,1. Premier League,18th,Bournemouth,25,23,67,2.92,6,0.26
d5dd5f1f,2019-2020,ENG,1. Premier League,8th,Arsenal,30,34.8,56,1.61,10,0.29
d6862409,2019-2020,GER,1. Bundesliga,15th,Augsburg,28,30.2,72,2.38,14,0.46
d6a889ea,2019-2020,ITA,1. Serie A,7th,Napoli,28,2.8,3,1.05,0,0
d6e53a3a,2019-2020,ITA,1. Serie A,1st,Juventus,19,27.2,9,0.33,2,0.07
d705ba44,2019-2020,ITA,1. Serie A,16th,Torino,25,33.4,100,2.99,12,0.36
d70ce98e,2019-2020,ESP,1. La Liga,2nd,Barcelona,32,32,219,6.84,35,1.09
d711d04f,2019-2020,ITA,1. Serie A,17th,Genoa,36,18.7,63,3.36,11,0.59
d733aa38,2019-2020,ESP,1. La Liga,10th,Osasuna,30,30.2,88,2.91,10,0.33
d7492450,2019-2020,ENG,1. Premier League,14th,Crystal Palace,29,17.2,9,0.52,1,0.06
d7553721,2019-2020,ENG,1. Premier League,6th,Tottenham,23,16.6,60,3.62,6,0.36
d781d855,2019-2020,GER,1. Bundesliga,1st,Bayern Munich,18,24.8,67,2.7,9,0.36
d7918b13,2019-2020,ITA,1. Serie A,9th,Hellas Verona,23,2.2,2,0.92,0,0
d79a8c87,2019-2020,ENG,1. Premier League,8th,Arsenal,23,6.5,2,0.31,0,0
d7d32194,2019-2020,ITA,1. Serie A,12th,Bologna,28,2.1,2,0.97,0,0
d7d32194,2019-2020,ITA,1. Serie A,17th,Genoa,28,1.7,5,3,0,0
d80b1835,2019-2020,ITA,1. Serie A,1st,Juventus,20,1,0,0,0,0
d83bbc54,2019-2020,ESP,1. La Liga,9th,Valencia,30,30.4,39,1.28,8,0.26
d85c238b,2019-2020,ITA,1. Serie A,9th,Hellas Verona,24,23.5,68,2.89,13,0.55
d87e2cae,2019-2020,ESP,1. La Liga,6th,Real Sociedad,27,22.3,46,2.06,5,0.22
d8931174,2019-2020,ENG,1. Premier League,3rd,Manchester Utd,26,38,31,0.82,0,0
d93c2511,2019-2020,ENG,1. Premier League,3rd,Manchester Utd,22,19.7,34,1.73,2,0.1
d9565625,2019-2020,ENG,1. Premier League,3rd,Manchester Utd,20,0.7,0,0,0,0
d9624b51,2019-2020,ITA,1. Serie A,10th,Fiorentina,27,9.3,4,0.43,0,0
d9764034,2019-2020,ESP,1. La Liga,16th,Alavés,25,1,0,0,0,0
d97f2e8d,2019-2020,ITA,1. Serie A,15th,Sampdoria,22,20.6,51,2.48,3,0.15
d995ed27,2019-2020,ITA,1. Serie A,6th,Milan,29,14.9,75,5.04,12,0.81
d9ba39fc,2019-2020,ENG,1. Premier League,18th,Bournemouth,26,25.9,51,1.97,6,0.23
da052c14,2019-2020,ENG,1. Premier League,14th,Crystal Palace,27,35,68,1.94,7,0.2
da27e268,2019-2020,ESP,1. La Liga,20th,Espanyol,22,33.4,60,1.8,4,0.12
da5a981b,2019-2020,ITA,1. Serie A,20th,SPAL,27,9.5,17,1.79,1,0.11
da7b447d,2019-2020,ENG,1. Premier League,6th,Tottenham,23,27,6,0.22,0,0
da974c7b,2019-2020,ITA,1. Serie A,7th,Napoli,28,23.4,21,0.9,1,0.04
db092d3b,2019-2020,ITA,1. Serie A,6th,Milan,21,27.6,68,2.46,4,0.14
db401046,2019-2020,GER,1. Bundesliga,7th,Wolfsburg,27,26,4,0.15,0,0
db4ed67b,2019-2020,GER,1. Bundesliga,2nd,Dortmund,23,6.2,15,2.42,3,0.48
db750822,2019-2020,ESP,1. La Liga,3rd,Atlético Madrid,29,13.6,39,2.86,3,0.22
db8f0eba,2019-2020,ESP,1. La Liga,20th,Espanyol,27,15.2,33,2.17,4,0.26
dbf053da,2019-2020,GER,1. Bundesliga,2nd,Dortmund,19,25.4,125,4.92,32,1.26
dc008610,2019-2020,ENG,1. Premier League,15th,Brighton,26,0.8,1,1.23,0,0
dc1c2fce,2019-2020,ITA,1. Serie A,16th,Torino,24,20.3,77,3.8,9,0.44
dc366c36,2019-2020,GER,1. Bundesliga,15th,Augsburg,26,24,2,0.08,0,0
dc3fa3b5,2019-2020,ITA,1. Serie A,7th,Napoli,27,10,18,1.8,1,0.1
dc3fa3b5,2019-2020,GER,1. Bundesliga,3rd,RB Leipzig,27,13.5,33,2.45,2,0.15
dc62b55d,2019-2020,GER,1. Bundesliga,10th,Hertha BSC,20,8.3,28,3.39,3,0.36
dc62b55d,2019-2020,GER,1. Bundesliga,3rd,RB Leipzig,20,3.1,14,4.52,1,0.32
dc6f5bdd,2019-2020,ENG,1. Premier League,8th,Arsenal,24,12.2,17,1.39,3,0.25
dd0daf32,2019-2020,ENG,1. Premier League,8th,Arsenal,30,1.2,6,4.82,0,0
dd0daf32,2019-2020,ITA,1. Serie A,5th,Roma,30,17,70,4.12,10,0.59
dd323728,2019-2020,ENG,1. Premier League,1st,Liverpool,18,2.6,4,1.57,0,0
dd669209,2019-2020,GER,1. Bundesliga,7th,Wolfsburg,27,17.6,47,2.67,8,0.45
de0f152c,2019-2020,ENG,1. Premier League,19th,Watford,25,20.2,20,0.99,1,0.05
de39485a,2019-2020,ESP,1. La Liga,3rd,Atlético Madrid,25,7,25,3.57,7,1
de5b5570,2019-2020,ENG,1. Premier League,17th,Aston Villa,25,20.4,18,0.88,1,0.05
dea698d9,2019-2020,ITA,1. Serie A,1st,Juventus,34,32.4,143,4.41,19,0.59
dee86451,2019-2020,ESP,1. La Liga,15th,Betis,27,9.9,14,1.41,1,0.1
def899bd,2019-2020,ENG,1. Premier League,3rd,Manchester Utd,27,1.5,0,0,0,0
df10e27c,2019-2020,ENG,1. Premier League,4th,Chelsea,18,2.2,6,2.78,1,0.46
df3cda47,2019-2020,ITA,1. Serie A,11th,Parma,19,32.6,139,4.27,16,0.49
df69b544,2019-2020,ESP,1. La Liga,2nd,Barcelona,28,28.3,59,2.08,10,0.35
df85d472,2019-2020,ITA,1. Serie A,12th,Bologna,28,8.6,27,3.16,3,0.35
df8b52a5,2019-2020,ESP,1. La Liga,15th,Betis,20,31.5,60,1.9,8,0.25
df8e7b62,2019-2020,GER,1. Bundesliga,17th,Düsseldorf,24,25.1,89,3.55,9,0.36
e0314d87,2019-2020,ITA,1. Serie A,3rd,Atalanta,33,6,5,0.83,1,0.17
e0314d87,2019-2020,ITA,1. Serie A,17th,Genoa,33,14.7,12,0.82,3,0.2
e06683ca,2019-2020,ENG,1. Premier League,1st,Liverpool,28,38,24,0.63,6,0.16
e082af5b,2019-2020,ENG,1. Premier League,11th,Southampton,23,10,0,0,0,0
e0921a4f,2019-2020,ITA,1. Serie A,1st,Juventus,25,23.9,149,6.22,23,0.96
e0b113a7,2019-2020,GER,1. Bundesliga,11th,Union Berlin,24,28.6,78,2.73,5,0.17
e0bc6fdc,2019-2020,ENG,1. Premier League,4th,Chelsea,24,11.4,28,2.46,0,0
e12b0b5b,2019-2020,GER,1. Bundesliga,9th,Eint Frankfurt,28,21.5,57,2.65,5,0.23
e14ec482,2019-2020,ITA,1. Serie A,12th,Bologna,22,29.8,111,3.73,12,0.4
e1b0a70d,2019-2020,ITA,1. Serie A,10th,Fiorentina,29,6.9,1,0.14,0,0
e1cbb531,2019-2020,ESP,1. La Liga,17th,Celta Vigo,24,15.4,26,1.69,2,0.13
e1cbb531,2019-2020,ITA,1. Serie A,7th,Napoli,24,8.4,16,1.91,1,0.12
e26fcca3,2019-2020,GER,1. Bundesliga,10th,Hertha BSC,22,7,4,0.57,1,0.14
e2716bd0,2019-2020,ENG,1. Premier League,2nd,Manchester City,33,20.3,112,5.52,20,0.99
e27da244,2019-2020,GER,1. Bundesliga,7th,Wolfsburg,26,24.7,14,0.57,1,0.04
e27de4fa,2019-2020,GER,1. Bundesliga,14th,Köln,18,14.6,21,1.44,1,0.07
e280527c,2019-2020,GER,1. Bundesliga,3rd,RB Leipzig,25,27.8,103,3.71,12,0.43
e288d4b3,2019-2020,ITA,1. Serie A,5th,Roma,28,11.1,24,2.17,2,0.18
e288d4b3,2019-2020,ESP,1. La Liga,9th,Valencia,28,8.4,7,0.84,0,0
e33c06cf,2019-2020,GER,1. Bundesliga,1st,Bayern Munich,23,7.1,7,0.98,2,0.28
e33f36d5,2019-2020,ITA,1. Serie A,13th,Udinese,29,24.7,16,0.65,0,0
e342ad68,2019-2020,ENG,1. Premier League,1st,Liverpool,27,32,120,3.76,16,0.5
e358587b,2019-2020,ENG,1. Premier League,17th,Aston Villa,36,12,1,0.08,0,0
e358587b,2019-2020,ITA,1. Serie A,6th,Milan,36,1,0,0,0,0
e3756e72,2019-2020,ITA,1. Serie A,3rd,Atalanta,19,0.2,0,0,0,0
e3a5814e,2019-2020,ENG,1. Premier League,8th,Arsenal,21,15.4,21,1.36,3,0.19
e3cceee6,2019-2020,ITA,1. Serie A,1st,Juventus,21,4.6,2,0.43,1,0.22
e3fabb0a,2019-2020,ESP,1. La Liga,20th,Espanyol,27,19.1,24,1.26,1,0.05
e42d61c7,2019-2020,GER,1. Bundesliga,2nd,Dortmund,20,30.2,81,2.69,18,0.6
e46012d4,2019-2020,ENG,1. Premier League,2nd,Manchester City,28,31,222,7.16,34,1.1
e49ce451,2019-2020,ESP,1. La Liga,17th,Celta Vigo,25,21.9,13,0.59,3,0.14
e514ab62,2019-2020,ENG,1. Premier League,17th,Aston Villa,23,25.5,56,2.2,5,0.2
e5478b87,2019-2020,GER,1. Bundesliga,13th,Mainz 05,21,5.4,12,2.24,0,0
e54bd0a2,2019-2020,ESP,1. La Liga,16th,Alavés,31,14.9,10,0.67,1,0.07
e5649a78,2019-2020,GER,1. Bundesliga,17th,Düsseldorf,25,14.1,51,3.62,6,0.43
e58a03c6,2019-2020,ENG,1. Premier League,13th,Newcastle Utd,28,9.4,12,1.27,2,0.21
e58cbfd5,2019-2020,ITA,1. Serie A,17th,Genoa,17,1.2,0,0,0,0
e599253a,2019-2020,ITA,1. Serie A,3rd,Atalanta,24,26.9,79,2.94,9,0.34
e5a35ae9,2019-2020,GER,1. Bundesliga,8th,Freiburg,23,14.1,37,2.63,6,0.43
e5a76dfe,2019-2020,ENG,1. Premier League,9th,Sheffield Utd,22,36,4,0.11,0,0
e5bf73f3,2019-2020,ITA,1. Serie A,3rd,Atalanta,20,2.1,12,5.68,2,0.95
e5bf73f3,2019-2020,ITA,1. Serie A,12th,Bologna,20,15,81,5.38,6,0.4
e5d01ecf,2019-2020,ENG,1. Premier League,19th,Watford,28,24.9,33,1.33,3,0.12
e5f63987,2019-2020,GER,1. Bundesliga,7th,Wolfsburg,28,8.5,20,2.34,3,0.35
e61b8aee,2019-2020,ENG,1. Premier League,8th,Arsenal,26,28.7,42,1.46,4,0.14
e63e122d,2019-2020,ITA,1. Serie A,12th,Bologna,19,0.8,1,1.18,0,0
e6bc67d7,2019-2020,ESP,1. La Liga,9th,Valencia,22,14.1,45,3.2,6,0.43
e6c15f6e,2019-2020,GER,1. Bundesliga,8th,Freiburg,20,0.4,0,0,0,0
e6c43eec,2019-2020,GER,1. Bundesliga,7th,Wolfsburg,28,22.9,29,1.27,2,0.09
e74f0e59,2019-2020,ITA,1. Serie A,16th,Torino,31,24.9,34,1.36,1,0.04
e778654a,2019-2020,ESP,1. La Liga,7th,Granada,21,26.3,50,1.9,9,0.34
e7ab4179,2019-2020,ESP,1. La Liga,8th,Getafe,24,3,0,0,0,0
e7ab4179,2019-2020,ESP,1. La Liga,12th,Levante,24,9,6,0.67,0,0
e7ca0439,2019-2020,ENG,1. Premier League,14th,Crystal Palace,30,17.6,5,0.28,1,0.06
e7d22eae,2019-2020,GER,1. Bundesliga,15th,Augsburg,29,5.3,8,1.52,1,0.19
e7d59f4f,2019-2020,GER,1. Bundesliga,12th,Schalke 04,22,23.4,86,3.68,10,0.43
e7fcf289,2019-2020,GER,1. Bundesliga,5th,Leverkusen,16,4.1,6,1.47,0,0
e82adcab,2019-2020,GER,1. Bundesliga,5th,Leverkusen,20,2,6,3.05,0,0
e85fb9b8,2019-2020,ITA,1. Serie A,1st,Juventus,34,2.2,2,0.89,0,0
e8832875,2019-2020,ENG,1. Premier League,19th,Watford,17,0.3,2,7.2,0,0
e897d8ba,2019-2020,ESP,1. La Liga,14th,Eibar,29,19.6,33,1.68,3,0.15
e8c930bb,2019-2020,ITA,1. Serie A,10th,Fiorentina,30,17.6,44,2.5,1,0.06
e9254eec,2019-2020,ENG,1. Premier League,20th,Norwich City,27,14,2,0.14,0,0
e94d79e3,2019-2020,ITA,1. Serie A,10th,Fiorentina,32,26.2,27,1.03,1,0.04
e97fd090,2019-2020,ENG,1. Premier League,4th,Chelsea,23,2.3,2,0.87,1,0.43
e9971f2d,2019-2020,ENG,1. Premier League,6th,Tottenham,20,5.8,2,0.34,0,0
e9ada8cf,2019-2020,ESP,1. La Liga,16th,Alavés,17,1,1,1,0,0
ea003d07,2019-2020,GER,1. Bundesliga,5th,Leverkusen,24,0,0,0,0,0
ea06dd97,2019-2020,ITA,1. Serie A,16th,Torino,27,14.2,29,2.04,2,0.14
ea6bc03a,2019-2020,GER,1. Bundesliga,8th,Freiburg,23,30.1,31,1.03,0,0
ea83bfa6,2019-2020,ESP,1. La Liga,7th,Granada,25,35,6,0.17,1,0.03
ea9b2ef9,2019-2020,ESP,1. La Liga,7th,Granada,32,25.5,6,0.24,1,0.04
eac044ad,2019-2020,GER,1. Bundesliga,6th,Hoffenheim,27,8.5,30,3.52,3,0.35
eac044ad,2019-2020,ESP,1. La Liga,4th,Sevilla,27,0.3,1,3.46,0,0
ead61f73,2019-2020,GER,1. Bundesliga,12th,Schalke 04,19,8.7,19,2.19,1,0.12
eaeca114,2019-2020,ENG,1. Premier League,18th,Bournemouth,24,27.8,13,0.47,2,0.07
eb2fe5b6,2019-2020,ITA,1. Serie A,3rd,Atalanta,28,14,74,5.29,7,0.5
eb3dd471,2019-2020,ESP,1. La Liga,16th,Alavés,25,18.2,27,1.49,1,0.06
eb58eef0,2019-2020,ENG,1. Premier League,1st,Liverpool,28,32.6,46,1.41,3,0.09
eb7822d7,2019-2020,ENG,1. Premier League,3rd,Manchester Utd,30,17.6,43,2.45,4,0.23
ecc77652,2019-2020,ESP,1. La Liga,12th,Levante,21,0.4,1,2.73,0,0
eccbe56a,2019-2020,ITA,1. Serie A,8th,Sassuolo,27,18.1,72,3.97,10,0.55
ecd8c01e,2019-2020,ESP,1. La Liga,12th,Levante,28,20.8,59,2.83,7,0.34
ed1e53f3,2019-2020,ENG,1. Premier League,2nd,Manchester City,19,10,45,4.5,8,0.8
ed5c5fa3,2019-2020,ESP,1. La Liga,17th,Celta Vigo,20,20.3,29,1.43,0,0
ed6ea4d9,2019-2020,ESP,1. La Liga,7th,Granada,26,23.7,84,3.55,10,0.42
ed9f7cfe,2019-2020,ESP,1. La Liga,3rd,Atlético Madrid,21,26.6,31,1.16,2,0.08
eda40760,2019-2020,ITA,1. Serie A,5th,Roma,33,30.4,102,3.36,5,0.16
ee251371,2019-2020,ITA,1. Serie A,6th,Milan,20,7.6,25,3.29,1,0.13
ee38d9c5,2019-2020,ENG,1. Premier League,5th,Leicester City,22,29.2,168,5.76,12,0.41
ee4f2f3b,2019-2020,ITA,1. Serie A,15th,Sampdoria,36,25.3,77,3.05,8,0.32
ee833569,2019-2020,ITA,1. Serie A,20th,SPAL,30,26,4,0.15,0,0
ee8508c0,2019-2020,ESP,1. La Liga,3rd,Atlético Madrid,26,37.7,2,0.05,0,0
ee923664,2019-2020,ESP,1. La Liga,17th,Celta Vigo,26,14.7,17,1.15,1,0.07
ee93c1a9,2019-2020,ITA,1. Serie A,1st,Juventus,25,17.5,62,3.55,1,0.06
ef322658,2019-2020,ESP,1. La Liga,15th,Betis,32,22.7,59,2.6,7,0.31
ef619b0b,2019-2020,ITA,1. Serie A,1st,Juventus,28,11.7,44,3.77,4,0.34
ef94dc2f,2019-2020,ITA,1. Serie A,9th,Hellas Verona,30,14.4,19,1.32,2,0.14
f03f284b,2019-2020,ESP,1. La Liga,20th,Espanyol,29,27.3,31,1.14,4,0.15
f058ed1f,2019-2020,ITA,1. Serie A,8th,Sassuolo,38,5,0,0,0,0
f08490a6,2019-2020,ENG,1. Premier League,18th,Bournemouth,22,7,8,1.14,0,0
f090a37a,2019-2020,ESP,1. La Liga,2nd,Barcelona,19,5.7,20,3.53,2,0.35
f0da930c,2019-2020,ESP,1. La Liga,3rd,Atlético Madrid,24,19.5,9,0.46,0,0
f0f7f62f,2019-2020,ITA,1. Serie A,3rd,Atalanta,24,32,3,0.09,0,0
f1bed920,2019-2020,ESP,1. La Liga,18th,Leganés,25,21.5,52,2.42,3,0.14
f1bed920,2019-2020,ESP,1. La Liga,6th,Real Sociedad,25,0.1,0,0,0,0
f1cfc209,2019-2020,ITA,1. Serie A,16th,Torino,31,30,48,1.6,3,0.1
f1f1f238,2019-2020,ITA,1. Serie A,9th,Hellas Verona,24,30.4,7,0.23,0,0
f2308b33,2019-2020,ESP,1. La Liga,18th,Leganés,25,30.9,46,1.49,3,0.1
f23f9d20,2019-2020,ENG,1. Premier League,20th,Norwich City,31,36,2,0.06,1,0.03
f25b010f,2019-2020,ENG,1. Premier League,13th,Newcastle Utd,30,29.1,10,0.34,3,0.1
f25c8e3a,2019-2020,ENG,1. Premier League,1st,Liverpool,24,9.1,32,3.53,5,0.55
f26834c7,2019-2020,GER,1. Bundesliga,13th,Mainz 05,27,19.2,58,3.02,9,0.47
f2bf1b0f,2019-2020,ENG,1. Premier League,11th,Southampton,23,12.3,25,2.03,5,0.41
f2c6ac01,2019-2020,ESP,1. La Liga,19th,Mallorca,23,35.4,14,0.4,1,0.03
f2dd9a21,2019-2020,GER,1. Bundesliga,15th,Augsburg,24,9.8,11,1.12,3,0.3
f35430a4,2019-2020,GER,1. Bundesliga,12th,Schalke 04,26,15.2,5,0.33,0,0
f3b1d9a2,2019-2020,ESP,1. La Liga,8th,Getafe,23,0.7,1,1.36,0,0
f4290206,2019-2020,ENG,1. Premier League,4th,Chelsea,28,15.9,47,2.96,6,0.38
f45f9427,2019-2020,ITA,1. Serie A,10th,Fiorentina,25,27.6,64,2.32,8,0.29
f4e433d4,2019-2020,ENG,1. Premier League,15th,Brighton,18,6.5,10,1.53,2,0.31
f4e433d4,2019-2020,ENG,1. Premier League,4th,Chelsea,18,0.4,1,2.81,0,0
f4ec4fd0,2019-2020,ITA,1. Serie A,10th,Fiorentina,32,6.7,19,2.85,2,0.3
f503ea63,2019-2020,ITA,1. Serie A,15th,Sampdoria,30,26.5,57,2.15,7,0.26
f554e29b,2019-2020,ITA,1. Serie A,14th,Cagliari,25,16,1,0.06,0,0
f573a8bf,2019-2020,ENG,1. Premier League,19th,Watford,23,0.8,4,5.14,0,0
f586779e,2019-2020,ENG,1. Premier League,4th,Chelsea,21,24.6,50,2.03,10,0.41
f5a00fa4,2019-2020,ENG,1. Premier League,7th,Wolves,32,34.5,112,3.24,10,0.29
f5deef4c,2019-2020,ENG,1. Premier League,3rd,Manchester Utd,25,34.4,17,0.49,2,0.06
f61c7c4e,2019-2020,ITA,1. Serie A,10th,Fiorentina,36,15.7,83,5.3,10,0.64
f63d8a4b,2019-2020,ENG,1. Premier League,20th,Norwich City,21,27.7,74,2.68,5,0.18
f6798fc3,2019-2020,ESP,1. La Liga,4th,Sevilla,28,5.5,2,0.36,1,0.18
f6a06749,2019-2020,ITA,1. Serie A,1st,Juventus,29,0.2,0,0,0,0
f6ac68c1,2019-2020,ESP,1. La Liga,3rd,Atlético Madrid,28,22,5,0.23,0,0
f6bdc830,2019-2020,GER,1. Bundesliga,11th,Union Berlin,22,21.5,5,0.23,0,0
f7036e1c,2019-2020,ITA,1. Serie A,2nd,Inter,21,27.2,94,3.45,14,0.51
f7223718,2019-2020,ITA,1. Serie A,4th,Lazio,26,18.6,21,1.13,4,0.22
f72293fc,2019-2020,ENG,1. Premier League,10th,Burnley,28,6.9,23,3.33,3,0.43
f76e6b4e,2019-2020,ENG,1. Premier League,1st,Liverpool,32,9.7,2,0.21,0,0
f7aa75bd,2019-2020,GER,1. Bundesliga,10th,Hertha BSC,27,15.5,36,2.32,7,0.45
f7c12fbf,2019-2020,ESP,1. La Liga,9th,Valencia,19,5.5,1,0.18,0,0
f7dc2ae5,2019-2020,ESP,1. La Liga,6th,Real Sociedad,25,16.8,10,0.6,3,0.18
f7e2af2c,2019-2020,ITA,1. Serie A,14th,Cagliari,18,4.1,2,0.49,0,0
f833a830,2019-2020,ENG,1. Premier League,1st,Liverpool,24,2.8,3,1.08,0,0
f86cabbd,2019-2020,GER,1. Bundesliga,10th,Hertha BSC,21,16.2,11,0.68,2,0.12
f874dd44,2019-2020,ENG,1. Premier League,8th,Arsenal,24,12.9,14,1.09,0,0
f8d41a8c,2019-2020,ITA,1. Serie A,13th,Udinese,17,0,0,0,0,0
f8eca1b6,2019-2020,ESP,1. La Liga,13th,Valladolid,22,26,56,2.15,6,0.23
f8fcd2a5,2019-2020,ENG,1. Premier League,5th,Leicester City,31,37.6,23,0.61,4,0.11
f91e81c9,2019-2020,ITA,1. Serie A,13th,Udinese,28,31,52,1.68,4,0.13
f93e6e94,2019-2020,GER,1. Bundesliga,8th,Freiburg,30,27.1,55,2.03,7,0.26
f972644c,2019-2020,GER,1. Bundesliga,15th,Augsburg,21,25.3,56,2.21,6,0.24
f9acca3a,2019-2020,GER,1. Bundesliga,5th,Leverkusen,26,21.1,30,1.42,7,0.33
f9acf8bf,2019-2020,ESP,1. La Liga,19th,Mallorca,22,15.1,28,1.85,2,0.13
f9e7c4ac,2019-2020,GER,1. Bundesliga,15th,Augsburg,30,10.7,32,2.98,4,0.37
fa031b34,2019-2020,ENG,1. Premier League,12th,Everton,22,34.1,80,2.35,9,0.26
fa274d97,2019-2020,GER,1. Bundesliga,2nd,Dortmund,26,6.6,11,1.67,2,0.3
fa661778,2019-2020,GER,1. Bundesliga,10th,Hertha BSC,24,15.7,33,2.11,5,0.32
fb5d47b3,2019-2020,ESP,1. La Liga,5th,Villarreal,28,21.8,31,1.42,3,0.14
fb77bfef,2019-2020,ITA,1. Serie A,20th,SPAL,23,13.2,5,0.38,0,0
fb77bfef,2019-2020,ITA,1. Serie A,16th,Torino,23,2.7,1,0.36,0,0
fbbc8e15,2019-2020,GER,1. Bundesliga,15th,Augsburg,22,4.2,7,1.65,1,0.24
fbd6378b,2019-2020,ESP,1. La Liga,15th,Betis,27,28.6,17,0.59,1,0.03
fc027d02,2019-2020,ENG,1. Premier League,5th,Leicester City,18,3,15,5.06,1,0.34
fc15fb84,2019-2020,ENG,1. Premier League,10th,Burnley,19,37.1,103,2.78,14,0.38
fc4f85b1,2019-2020,ITA,1. Serie A,2nd,Inter,33,18.1,25,1.38,3,0.17
fcab00a0,2019-2020,ENG,1. Premier League,17th,Aston Villa,28,17,57,3.34,7,0.41
fce2302c,2019-2020,ENG,1. Premier League,8th,Arsenal,22,11,11,1,3,0.27
fd51b456,2019-2020,ESP,1. La Liga,1st,Real Madrid,28,9.4,33,3.5,6,0.64
fd53759d,2019-2020,GER,1. Bundesliga,14th,Köln,17,6.2,4,0.65,1,0.16
fd771f95,2019-2020,ESP,1. La Liga,2nd,Barcelona,28,4.5,8,1.77,1,0.22
fd771f95,2019-2020,ESP,1. La Liga,18th,Leganés,28,21.5,43,2,5,0.23
fdd60087,2019-2020,ESP,1. La Liga,3rd,Atlético Madrid,27,12,21,1.76,2,0.17
fe012aca,2019-2020,ITA,1. Serie A,8th,Sassuolo,22,27.9,94,3.37,13,0.47
fe471a89,2019-2020,ITA,1. Serie A,19th,Brescia,24,5.9,0,0,0,0
fe641c1a,2019-2020,GER,1. Bundesliga,2nd,Dortmund,27,9.2,9,0.98,2,0.22
fed17f5a,2019-2020,ESP,1. La Liga,9th,Valencia,22,23,33,1.44,6,0.26
fed7cb61,2019-2020,GER,1. Bundesliga,5th,Leverkusen,20,27.3,117,4.29,13,0.48
ff182fdc,2019-2020,GER,1. Bundesliga,6th,Hoffenheim,27,3,11,3.68,0,0
ff527768,2019-2020,ENG,1. Premier League,16th,West Ham,32,29.7,73,2.46,8,0.27
ff800ed8,2019-2020,ITA,1. Serie A,10th,Fiorentina,21,29.4,68,2.31,5,0.17
ff98492b,2019-2020,GER,1. Bundesliga,6th,Hoffenheim,23,29,90,3.11,11,0.38
ffa90327,2019-2020,ENG,1. Premier League,17th,Aston Villa,24,22.8,57,2.5,6,0.26
ffacd3d5,2019-2020,ESP,1. La Liga,3rd,Atlético Madrid,18,3.6,7,1.94,0,0
ffbbc83b,2019-2020,GER,1. Bundesliga,6th,Hoffenheim,23,26.8,59,2.21,4,0.15
