goals,shotsTotal,shotsOnTarget,pensMade,playerFullName,ca,str,tec,fin,cnt,city,country,squad,comp,id
1,21,4,0,Marco Benassi,137,12,13,12,14,Province of Modena,Italy,Fiorentina,1. Serie A,0
0,7,1,0,Nemanja Gudelj,136,14,13,10,13,Belgrade,Serbia,Sevilla,1. La Liga,1
0,2,0,0,Julian Ryerson,116,13,13,9,10,Lyngdal,Norway,Union Berlin,1. Bundesliga,2
1,19,4,0,Ryan Bertrand,138,12,14,10,13,Southwark,England,Southampton,1. Premier League,3
3,32,7,0,Weston McKennie,150,15,12,9,12,Little Elm,Texas,Schalke 04,1. Bundesliga,4
5,44,17,0,Ángel Correa,154,10,17,13,12,Rosario,Argentina,Atlético Madrid,1. La Liga,5
11,51,20,3,Jaime Mata,140,14,13,16,13,Madrid,Spain,Getafe,1. La Liga,6
3,14,5,0,Marcos Llorente,147,15,13,7,13,Madrid,Spain,Atlético Madrid,1. La Liga,7
0,16,9,0,Manuel Lazzari,149,8,13,8,13,Valdagno,Italy,Lazio,1. Serie A,8
1,11,4,0,Ezri Konsa,128,12,13,4,12,London,England,Aston Villa,1. Premier League,9
2,54,14,0,Simone Verdi,143,11,15,12,11,Broni,Italy,Torino,1. Serie A,10
4,37,15,0,Kingsley Coman,153,10,14,11,11,Paris,France,Bayern Munich,1. Bundesliga,11
1,22,7,0,Eddie Salcedo,118,10,13,12,11,Genoa,Italy,Hellas Verona,1. Serie A,12
8,40,15,0,Raphaël Guerreiro,148,7,14,10,14,Le Blanc-Mesnil,France,Dortmund,1. Bundesliga,13
2,22,9,0,Aleix Vidal,138,9,13,10,13,Valls,Spain,Alavés,1. La Liga,14
4,21,8,0,Youssef En-Nesyri,139,12,14,14,11,Fes-Medina,Morocco,Sevilla,1. La Liga,15
4,39,18,0,Youssef En-Nesyri,139,12,14,14,11,Fes-Medina,Morocco,Leganés,1. La Liga,16
1,18,7,0,David Alaba,168,11,15,10,16,Vienna,Austria,Bayern Munich,1. Bundesliga,17
1,2,1,0,Iago,128,11,13,11,12,Monte Azul Paulista,Brazil,Augsburg,1. Bundesliga,18
0,5,3,0,Christopher Trimmel,118,13,8,10,14,Oberpullendorf,Austria,Union Berlin,1. Bundesliga,19
1,23,4,0,Mats Hummels,166,16,15,10,15,Bergisch Gladbach,Germany,Dortmund,1. Bundesliga,20
4,37,11,2,Franck Kessié,150,18,10,12,12,Ouragahio,Côte d'Ivoire,Milan,1. Serie A,21
1,7,2,0,Jonathan Burkardt,115,9,12,14,8,Darmstadt,Germany,Mainz 05,1. Bundesliga,22
3,48,11,0,Gaetano Castrovilli,140,11,15,13,13,Canosa di Puglia,Italy,Fiorentina,1. Serie A,23
0,9,0,0,Francesco Magnanelli,128,13,12,7,16,Umbertide,Italy,Sassuolo,1. Serie A,24
22,90,35,1,Danny Ings,150,14,14,16,14,Winchester,England,Southampton,1. Premier League,25
8,45,17,0,Martin Hinteregger,134,16,9,7,11,Feldkirchen,Austria,Eint Frankfurt,1. Bundesliga,26
4,17,7,0,Mattia Bani,127,15,12,8,12,Borgo San Lorenzo,Italy,Bologna,1. Serie A,27
11,35,11,6,Sergio Ramos,172,16,14,13,10,Camas,Spain,Real Madrid,1. La Liga,28
5,43,16,0,Jonathan Schmid,131,10,12,13,12,Strasbourg,France,Freiburg,1. Bundesliga,29
0,3,0,0,Denis Vavro,133,16,8,10,13,Žilina,Slovakia,Lazio,1. Serie A,30
5,51,16,1,Andrea Pinamonti,128,11,13,14,9,Cles,Italy,Genoa,1. Serie A,31
0,0,0,0,Gianluigi Donnarumma,160,16,6,1,14,Castellammare di Stabia,Italy,Milan,1. Serie A,32
0,0,0,0,Gabriele Corbo,105,13,11,8,11,NULL,NULL,Bologna,1. Serie A,33
10,83,34,0,Kevin Lasagna,131,11,12,13,12,San Benedetto Po,Italy,Udinese,1. Serie A,34
2,23,11,0,Federico Valverde,150,15,14,11,13,Montevideo,Uruguay,Real Madrid,1. La Liga,35
2,17,6,0,Carlos Bacca,135,14,13,16,14,Barranquilla,Colombia,Villarreal,1. La Liga,36
0,0,0,0,Mitchell Dijks,134,18,13,7,12,Gemeente Purmerend,Netherlands,Bologna,1. Serie A,37
6,41,20,0,Antonio Sanabria,127,12,15,14,9,San Lorenzo,Paraguay,Genoa,1. Serie A,38
0,20,8,0,Giorgos Kyriakopoulos,123,14,13,9,11,Pátrai,Greece,Sassuolo,1. Serie A,39
2,20,5,0,Juan Cuadrado,157,9,13,10,11,Bogotá,Colombia,Juventus,1. Serie A,40
1,21,7,0,Denis Cheryshev,137,11,14,13,14,Nizhny Novgorod,Russia,Valencia,1. La Liga,41
11,53,20,4,Roger Martí,138,12,12,16,14,Torrent,Spain,Levante,1. La Liga,42
1,7,1,0,Mohammed Salisu,115,13,9,8,9,Benin,Benin,Valladolid,1. La Liga,43
0,32,10,0,Mário Rui,141,11,13,9,13,Sines Municipality,Portugal,Napoli,1. Serie A,44
6,48,14,0,Santi Mina,141,11,11,15,14,Vigo,Spain,Celta Vigo,1. La Liga,45
7,33,12,0,Ansu Fati,148,9,16,14,13,Bissau,Guinea-Bissau,Barcelona,1. La Liga,46
2,8,3,0,Manu Vallejo,133,12,14,15,12,Chiclana de la Frontera,Spain,Valencia,1. La Liga,47
7,38,18,0,Dodi Lukebakio,138,11,14,13,8,Asse,Belgium,Hertha BSC,1. Bundesliga,48
1,10,5,0,Mehdi Bourabia,128,13,14,10,12,Dijon,France,Sassuolo,1. Serie A,49
0,0,0,0,Alexander Schwolow,135,13,10,2,16,Wiesbaden,Germany,Freiburg,1. Bundesliga,50
1,17,5,0,Alex Sandro,162,16,16,12,11,Catanduva,Brazil,Juventus,1. Serie A,51
1,27,7,0,Sandro Tonali,134,13,14,8,13,Lodi,Italy,Brescia,1. Serie A,52
0,7,0,0,Lucas Torró,123,15,11,7,14,Cocentaina,Spain,Eint Frankfurt,1. Bundesliga,53
8,56,26,1,Philippe Coutinho,165,8,19,14,12,Rio de Janeiro,Brazil,Bayern Munich,1. Bundesliga,54
0,27,11,0,Dominik Kohr,130,15,10,7,14,Trier,Germany,Eint Frankfurt,1. Bundesliga,55
0,0,0,0,Claudio Bravo,125,9,13,8,12,Buin,Chile,Manchester City,1. Premier League,56
0,17,2,0,Fernandinho,165,14,16,11,18,Londrina,Brazil,Manchester City,1. Premier League,57
0,0,0,0,Jeffrey Gouweleeuw,133,12,13,8,11,Gemeente Heemskerk,Netherlands,Augsburg,1. Bundesliga,58
0,14,3,0,Alessandro Schöpf,141,7,13,11,12,Umhausen,Austria,Schalke 04,1. Bundesliga,59
0,1,0,0,Ethan Ampadu,126,12,12,6,11,Exeter,England,RB Leipzig,1. Bundesliga,60
1,11,4,0,Rogério,131,11,13,7,14,Nobres,Brazil,Sassuolo,1. Serie A,61
0,3,0,0,Fabian Delph,135,15,12,12,13,Bradford,England,Everton,1. Premier League,62
1,4,1,0,Aymeric Laporte,170,14,15,8,17,Agen,France,Manchester City,1. Premier League,63
0,9,3,0,Alberto Moreno,138,13,14,5,10,Seville,Spain,Villarreal,1. La Liga,64
0,10,2,0,Omar Mascarell,135,13,15,8,12,Santa Cruz de Tenerife,Spain,Schalke 04,1. Bundesliga,65
0,13,5,0,Davie Selke,135,14,11,13,13,Schorndorf,Germany,Werder Bremen,1. Bundesliga,66
1,19,3,0,Davie Selke,135,14,11,13,13,Schorndorf,Germany,Hertha BSC,1. Bundesliga,67
0,18,3,0,Reece James,141,15,13,7,14,London,England,Chelsea,1. Premier League,68
2,13,7,0,Mert Müldür,128,13,12,8,13,Vienna,Austria,Sassuolo,1. Serie A,69
12,64,27,2,Álvaro Morata,155,12,15,13,12,Madrid,Spain,Atlético Madrid,1. La Liga,70
1,19,9,0,Denis Suárez,142,11,16,12,11,Salceda de Caselas,Spain,Celta Vigo,1. La Liga,71
2,31,8,0,Samu Castillejo,141,7,15,11,12,Barcelona,Spain,Milan,1. Serie A,72
1,19,4,0,Jérôme Roussillon,139,14,11,11,14,Sarcelles,France,Wolfsburg,1. Bundesliga,73
0,0,0,0,Giuseppe Pezzella,124,12,10,6,13,Naples,Italy,Udinese,1. Serie A,74
0,3,1,0,Giuseppe Pezzella,124,12,10,6,13,Naples,Italy,Parma,1. Serie A,75
0,6,2,0,Daniele Rugani,143,15,12,9,13,Lucca,Italy,Juventus,1. Serie A,76
2,48,19,0,Daichi Kamada,126,7,15,12,10,Ehime,Japan,Eint Frankfurt,1. Bundesliga,77
1,8,1,0,Luiz Felipe,142,15,12,5,11,Colina,Brazil,Lazio,1. Serie A,78
2,20,4,0,James Tarkowski,136,12,12,8,14,Manchester,England,Burnley,1. Premier League,79
1,22,4,0,Callum Hudson-Odoi,145,10,15,9,11,Wandsworth,England,Chelsea,1. Premier League,80
7,86,30,0,Rodrigo De Paul,148,10,16,12,11,Sarandí,Argentina,Udinese,1. Serie A,81
1,29,9,0,Bryan Cristante,146,14,14,13,13,San Vito al Tagliamento,Italy,Roma,1. Serie A,82
4,54,25,0,Takefusa Kubo,125,8,15,13,13,Kanagawa,Japan,Mallorca,1. La Liga,83
8,39,19,0,Olivier Giroud,150,18,14,15,14,Chambéry,France,Chelsea,1. Premier League,84
3,31,8,0,Riccardo Gagliolo,134,15,8,9,13,Porto Maurizio,Italy,Parma,1. Serie A,85
3,19,7,0,David Timor,125,13,15,12,11,Carcaixent,Spain,Getafe,1. La Liga,86
2,16,4,0,Ken Sema,130,15,13,10,12,Norrköping,Sweden,Udinese,1. Serie A,87
7,69,26,0,Diogo Jota,147,9,14,15,10,Massarelos,Portugal,Wolves,1. Premier League,88
0,1,1,0,Thibaut Courtois,162,13,13,2,14,Bree,Belgium,Real Madrid,1. La Liga,89
3,26,9,0,Cengiz Ünder,144,6,15,12,12,Sındırgı,Turkey,Roma,1. Serie A,90
0,10,1,0,Joseph Aidoo,131,15,11,4,13,Accra,Ghana,Celta Vigo,1. La Liga,91
2,11,3,0,Antonio Rüdiger,156,18,11,7,12,Land Berlin,Germany,Chelsea,1. Premier League,92
1,10,5,0,Jannik Vestergaard,128,18,10,7,12,Copenhagen,Denmark,Southampton,1. Premier League,93
0,5,0,0,André Gomes,146,14,17,11,11,Grijó,Portugal,Everton,1. Premier League,94
1,17,4,0,Timothy Castagne,142,11,13,10,14,Arlon,Belgium,Atalanta,1. Serie A,95
1,5,3,0,Rubén Sobrino,128,13,11,14,13,Daimiel,Spain,Valencia,1. La Liga,96
1,8,2,0,Rodrigo Becão,132,13,9,6,16,Salvador,Brazil,Udinese,1. Serie A,97
0,12,5,0,Phil Bardsley,123,14,11,9,15,Salford,England,Burnley,1. Premier League,98
0,29,5,0,Lucas Digne,149,13,15,8,12,Meaux,France,Everton,1. Premier League,99
2,4,4,0,Frenkie de Jong,164,10,16,10,15,Arkel,Netherlands,Barcelona,1. La Liga,100
7,40,15,0,Portu,144,11,14,14,14,Murcia,Spain,Real Sociedad,1. La Liga,101
9,62,25,0,Christian Pulisic,150,7,15,13,10,Easton,Pennsylvania,Chelsea,1. Premier League,102
1,30,9,0,Declan Rice,138,13,12,9,13,London,England,West Ham,1. Premier League,103
0,1,0,0,Roberto Piccoli,98,13,10,12,6,Bergamo,Italy,Atalanta,1. Serie A,104
0,7,2,0,Andreas Christensen,147,11,13,9,13,Lillerød,Denmark,Chelsea,1. Premier League,105
0,3,1,0,Paulo Otávio,117,10,12,8,11,Ourinhos,Brazil,Wolfsburg,1. Bundesliga,106
0,1,0,0,Bosko Sutalo,107,11,12,6,12,Metković,Croatia,Atalanta,1. Serie A,107
0,2,0,0,Álvaro Odriozola,154,12,15,9,14,San Sebastian,Spain,Real Madrid,1. La Liga,108
0,0,0,0,Álvaro Odriozola,154,12,15,9,14,San Sebastian,Spain,Bayern Munich,1. Bundesliga,109
0,1,0,0,Kevin Vogt,139,16,11,7,13,Witten,Germany,Werder Bremen,1. Bundesliga,110
0,0,0,0,Kevin Vogt,139,16,11,7,13,Witten,Germany,Hoffenheim,1. Bundesliga,111
1,31,6,0,Marc Cucurella,139,11,13,8,13,Alella,Spain,Getafe,1. La Liga,112
2,41,9,0,Jakub Jankto,131,10,12,12,12,Prague,Czech Republic,Sampdoria,1. Serie A,113
2,28,10,0,Theo Walcott,131,9,14,11,12,Stanmore,England,Everton,1. Premier League,114
0,14,4,0,Erik Pieters,128,12,14,7,14,Gemeente Tiel,Netherlands,Burnley,1. Premier League,115
2,6,3,0,Rubén Peña,138,9,12,9,12,Ávila,Spain,Villarreal,1. La Liga,116
13,35,20,0,Erling Haaland,166,17,14,18,13,Leeds,England,Dortmund,1. Bundesliga,117
4,39,14,0,Rodrigo,154,12,16,13,9,Rio de Janeiro,Brazil,Valencia,1. La Liga,118
0,0,0,0,Melayro Bogarde,82,10,12,8,8,Rotterdam,Netherlands,Hoffenheim,1. Bundesliga,119
0,20,8,0,Rubén Duarte,129,11,12,7,13,Almería,Spain,Alavés,1. La Liga,120
0,3,0,0,Mikel Balenziaga,133,13,11,5,14,Zumarraga,Spain,Athletic Club,1. La Liga,121
1,7,3,0,Willi Orban,138,13,10,8,15,Kreisfreie Stadt Kaiserslautern,Germany,RB Leipzig,1. Bundesliga,122
0,15,5,0,Ander Barrenetxea,137,13,15,12,14,San Sebastian,Spain,Real Sociedad,1. La Liga,123
6,45,15,0,Rafael Leão,148,14,15,13,10,Almada,Portugal,Milan,1. Serie A,124
0,10,1,0,Nicolás Domínguez,135,11,15,12,14,Mariano J. Haedo,Argentina,Bologna,1. Serie A,125
1,13,2,0,Davide Calabria,139,10,12,6,11,Brescia,Italy,Milan,1. Serie A,126
0,3,0,0,Kieran Trippier,142,12,14,8,12,Bury,England,Atlético Madrid,1. La Liga,127
0,1,0,0,Sebastian Walukiewicz,113,14,10,5,12,Gorzów Wielkopolski,Poland,Cagliari,1. Serie A,128
0,0,0,0,Lazar Samardzic,95,6,12,10,7,Berlin,Germany,Hertha BSC,1. Bundesliga,129
18,78,34,2,Harry Kane,183,14,16,19,15,Walthamstow,England,Tottenham,1. Premier League,130
0,0,0,0,Aihen Muñoz,133,10,13,6,12,Pamplona,Spain,Real Sociedad,1. La Liga,131
1,7,1,0,Amin Younes,136,5,15,12,11,Düsseldorf,Germany,Napoli,1. Serie A,132
5,20,10,0,Sargis Adamyan,131,10,13,13,10,Yerevan,Armenia,Hoffenheim,1. Bundesliga,133
2,5,2,0,Sergio Córdova,121,14,13,11,9,Calabozo,Venezuela,Augsburg,1. Bundesliga,134
3,22,6,0,Giovanni Di Lorenzo,143,13,11,12,13,Castelnuovo di Garfagnana,Italy,Napoli,1. Serie A,135
1,18,6,0,Stefano Sturaro,134,15,10,9,10,Sanremo,Italy,Genoa,1. Serie A,136
0,14,0,0,Dani García,145,14,12,8,16,Zumarraga,Spain,Athletic Club,1. La Liga,137
0,12,2,0,Ola Aina,138,11,12,6,11,Southwark,England,Torino,1. Serie A,138
9,68,27,0,Ezequiel Ávila,141,11,15,15,9,Rosario,Argentina,Osasuna,1. La Liga,139
2,20,7,0,Moussa Djenepo,130,12,13,7,12,Bamako,Mali,Southampton,1. Premier League,140
1,14,2,0,Manuel Gulde,125,12,11,5,16,Mannheim,Germany,Freiburg,1. Bundesliga,141
6,39,11,1,Ashley Barnes,135,15,13,14,14,Bath,England,Burnley,1. Premier League,142
0,10,3,0,Walace,125,17,11,7,12,Salvador,Brazil,Udinese,1. Serie A,143
0,23,7,0,Manuel Lanzini,132,8,16,12,10,San Antonio de Padua,Argentina,West Ham,1. Premier League,144
5,43,13,1,Marcus Ingvartsen,120,13,13,14,12,Farum,Denmark,Union Berlin,1. Bundesliga,145
0,3,1,0,Éder Militão,150,13,12,8,13,Sertãozinho,Brazil,Real Madrid,1. La Liga,146
1,12,3,0,Néstor Araujo,140,13,13,5,15,Guadalajara,Estado de Jalisco,Celta Vigo,1. La Liga,147
3,38,13,0,Aaron Connolly,120,14,12,14,13,Galway,Republic of Ireland,Brighton,1. Premier League,148
3,30,10,0,Lewis Dunk,139,14,13,6,13,Brighton,England,Brighton,1. Premier League,149
0,0,0,0,Conor Coady,138,13,15,9,15,Liverpool,England,Wolves,1. Premier League,150
1,6,1,0,Nacho,137,11,10,9,14,Madrid,Spain,Real Madrid,1. La Liga,151
1,6,1,0,Nacho,150,14,10,10,15,Madrid,Spain,Real Madrid,1. La Liga,152
0,9,1,0,Juan Mata,135,8,19,14,12,Villafranca Montes de Oca,Spain,Manchester Utd,1. Premier League,153
1,4,1,0,Pere Pons,129,10,11,7,15,Girona,Spain,Alavés,1. La Liga,154
2,28,6,0,Joan Jordán,142,12,14,10,14,Palamós,Spain,Sevilla,1. La Liga,155
2,31,6,0,Marten de Roon,146,13,13,9,14,Zwijndrecht,Netherlands,Atalanta,1. Serie A,156
0,2,1,0,Lukas Kübler,122,12,9,6,15,Bonn,Germany,Freiburg,1. Bundesliga,157
2,14,4,0,Moussa Sissoko,149,16,12,11,14,Le Blanc-Mesnil,France,Tottenham,1. Premier League,158
0,7,1,0,Tyler Adams,130,11,13,9,10,Wappingers Falls,New York,RB Leipzig,1. Bundesliga,159
3,46,20,0,Allan Saint-Maximin,144,13,15,10,12,Châtenay-Malabry,France,Newcastle Utd,1. Premier League,160
4,56,13,0,Lucas Moura,148,9,14,13,12,São Paulo,Brazil,Tottenham,1. Premier League,161
2,6,4,0,Ciaran Clark,127,14,11,8,13,Harrow,England,Newcastle Utd,1. Premier League,162
0,0,0,0,Axel Tuanzebe,138,14,13,5,12,Bunia,Congo DR,Manchester Utd,1. Premier League,163
0,2,1,0,Eric García,135,12,13,7,15,Barcelona,Spain,Manchester City,1. Premier League,164
0,1,0,0,Ronald Araújo,149,16,14,7,14,Rivera,Uruguay,Barcelona,1. La Liga,165
0,0,0,0,Jamal Musiala,126,11,15,13,11,Fulda,Germany,Bayern Munich,1. Bundesliga,166
4,21,11,1,Alexis Sánchez,151,9,17,14,13,Tocopilla,Chile,Inter,1. Serie A,167
0,7,2,0,Jerdy Schouten,121,10,13,9,12,Gemeente Hellevoetsluis,Netherlands,Bologna,1. Serie A,168
3,12,7,0,Ozan Kabak,129,16,11,5,11,Çankaya,Turkey,Schalke 04,1. Bundesliga,169
9,52,20,0,Robin Gosens,144,12,13,11,13,Emmerich am Rhein,Germany,Atalanta,1. Serie A,170
0,6,2,0,Jérôme Boateng,156,17,13,6,13,NULL,NULL,Bayern Munich,1. Bundesliga,171
2,20,6,0,Andrew Robertson,157,12,13,4,15,Glasgow,Scotland,Liverpool,1. Premier League,172
0,0,0,0,Marwin Hitz,136,15,10,2,16,St. Gallen,Switzerland,Dortmund,1. Bundesliga,173
1,5,3,0,Elseid Hysaj,141,14,12,4,13,Rrethi i Shkodrës,Albania,Napoli,1. Serie A,174
0,9,3,0,Aarón Martín,134,9,12,7,13,Montmeló,Spain,Mainz 05,1. Bundesliga,175
8,116,38,5,Lorenzo Insigne,161,5,17,13,11,Naples,Italy,Napoli,1. Serie A,176
0,14,2,0,Harry Winks,145,11,15,10,13,Hemel Hempstead,England,Tottenham,1. Premier League,177
2,10,1,2,James Milner,154,15,14,11,16,Leeds,England,Liverpool,1. Premier League,178
0,0,0,0,Alphonse Areola,150,17,10,3,15,Paris,France,Real Madrid,1. La Liga,179
0,0,0,0,Antonio Mirante,132,13,7,3,15,Castellammare di Stabia,Italy,Roma,1. Serie A,180
1,24,7,0,José Ángel,127,12,13,8,9,Gijón,Spain,Eibar,1. La Liga,181
0,7,2,0,Philipp Lienhart,125,12,10,6,16,Lilienfeld,Austria,Freiburg,1. Bundesliga,182
1,5,2,0,Angeliño,137,9,13,9,12,Coristanco,Spain,RB Leipzig,1. Bundesliga,183
1,7,1,0,Mitchell Weiser,138,8,13,10,10,Troisdorf,Germany,Leverkusen,1. Bundesliga,184
8,54,19,0,Sergi Guardiola,134,14,13,15,13,Manacor,Spain,Valladolid,1. La Liga,185
0,1,0,0,Cristiano Piccini,137,13,14,9,13,Florence,Italy,Valencia,1. La Liga,186
0,2,0,0,Morgan Gibbs-White,125,9,15,11,10,Stafford,England,Wolves,1. Premier League,187
3,18,9,0,Jeffrey Schlupp,127,13,10,11,9,Hamburg,Germany,Crystal Palace,1. Premier League,188
2,29,7,0,Sergio Reguilón,145,12,13,10,14,Madrid,Spain,Sevilla,1. La Liga,189
1,9,3,0,Sergi Roberto,160,11,15,10,14,Reus,Spain,Barcelona,1. La Liga,190
1,4,2,0,Karim Rekik,132,16,12,7,10,The Hague,Netherlands,Hertha BSC,1. Bundesliga,191
0,4,2,0,Carlos Clerc,132,12,13,7,13,Badalona,Spain,Levante,1. La Liga,192
3,41,11,2,Valerio Verre,125,11,14,12,13,Rome,Italy,Hellas Verona,1. Serie A,193
12,85,30,0,Giovanni Simeone,140,13,12,14,13,Buenos Aires F.D.,Argentina,Cagliari,1. Serie A,194
0,3,1,0,Nico Schlotterbeck,117,12,12,6,12,Waiblingen,Germany,Freiburg,1. Bundesliga,195
1,12,3,0,Guido Rodríguez,145,12,14,6,13,Sáenz Peña,Argentina,Betis,1. La Liga,196
5,54,23,1,James Ward-Prowse,140,10,15,12,13,Portsmouth,England,Southampton,1. Premier League,197
5,43,14,0,Antonio Candreva,145,11,16,11,12,Rome,Italy,Inter,1. Serie A,198
8,13,2,7,Domenico Criscito,135,9,14,7,12,Cercola,Italy,Genoa,1. Serie A,199
1,16,1,0,Víctor Díaz,130,13,10,7,15,Seville,Spain,Granada,1. La Liga,200
0,0,0,0,Javi Martínez,102,11,13,10,12,Soria,Spain,Osasuna,1. La Liga,201
0,0,0,0,Javi Martínez,149,16,14,11,15,Soria,Spain,Osasuna,1. La Liga,202
11,45,22,1,Marco Reus,167,8,13,17,14,Kreisfreie Stadt Dortmund,Germany,Dortmund,1. Bundesliga,203
6,45,14,0,Jonjo Shelvey,132,14,15,11,12,Romford,England,Newcastle Utd,1. Premier League,204
0,1,0,0,Álex Remiro,136,11,12,2,12,Cascante,Spain,Real Sociedad,1. La Liga,205
1,6,3,0,Hugo Duro,110,9,15,11,7,Getafe,Spain,Getafe,1. La Liga,206
3,17,7,0,Ander Capa,140,13,12,10,13,Portugalete,Spain,Athletic Club,1. La Liga,207
0,14,1,0,Dennis Geiger,130,7,15,8,11,Mosbach,Germany,Hoffenheim,1. Bundesliga,208
4,40,10,0,Alex Oxlade-Chamberlain,154,14,16,12,14,Portsmouth,England,Liverpool,1. Premier League,209
5,42,13,0,Leandro Trossard,135,9,15,12,13,Maasmechelen,Belgium,Brighton,1. Premier League,210
2,17,7,1,Gonzalo Melero,130,12,13,12,12,Madrid,Spain,Levante,1. La Liga,211
4,63,22,1,Gerard Deulofeu,145,9,17,11,11,Riudarenes,Spain,Watford,1. Premier League,212
5,31,11,0,Leon Bailey,151,9,15,13,10,Kingston,Jamaica,Leverkusen,1. Bundesliga,213
1,40,12,0,Ross Barkley,147,18,16,12,11,Liverpool,England,Chelsea,1. Premier League,214
0,15,4,0,Nacho Vidal,128,11,12,8,13,el Campello,Spain,Osasuna,1. La Liga,215
0,19,3,0,Hans Hateboer,143,15,12,10,13,Beerta,Netherlands,Atalanta,1. Serie A,216
0,15,5,0,Luca Pellegrini,134,13,13,8,13,Rome,Italy,Cagliari,1. Serie A,217
0,16,3,0,Rodrigo Bentancur,156,14,15,12,14,Colonia del Sacramento,Uruguay,Juventus,1. Serie A,218
1,22,2,0,Edimilson Fernandes,136,13,15,8,12,Sion,Switzerland,Mainz 05,1. Bundesliga,219
8,53,20,0,Thomas Müller,160,10,12,15,18,Weilheim,Germany,Bayern Munich,1. Bundesliga,220
1,23,9,0,Pedro,151,7,14,15,13,Santa Cruz de Tenerife,Spain,Chelsea,1. Premier League,221
0,0,0,0,Tommaso Augello,114,12,12,8,10,Milan,Italy,Sampdoria,1. Serie A,222
1,7,2,0,Ferland Mendy,148,15,14,5,11,Meulan-en-Yvelines,France,Real Madrid,1. La Liga,223
0,19,5,0,David García,123,14,11,6,14,Pamplona,Spain,Osasuna,1. La Liga,224
6,61,27,0,Harvey Barnes,140,12,14,11,9,Leicester,England,Leicester City,1. Premier League,225
1,14,3,0,Alessio Romagnoli,156,15,13,8,14,Anzio,Italy,Milan,1. Serie A,226
6,49,15,0,Bernardo Silva,173,7,18,16,14,Lisbon,Portugal,Manchester City,1. Premier League,227
0,4,0,0,Martín Zubimendi,138,13,15,9,15,San Sebastián,Spain,Real Sociedad,1. La Liga,228
1,6,3,0,Fredrik Jensen,117,11,14,13,10,Porvoo,Finland,Augsburg,1. Bundesliga,229
0,0,0,0,Samuel Umtiti,159,15,14,6,16,Yaoundé,Cameroon,Barcelona,1. La Liga,230
0,2,0,0,André Silva,75,7,12,8,9,Baguim do Monte,Portugal,Milan,1. Serie A,231
0,2,0,0,André Silva,141,12,13,14,15,Baguim do Monte,Portugal,Milan,1. Serie A,232
12,54,22,1,André Silva,75,7,12,8,9,Baguim do Monte,Portugal,Eint Frankfurt,1. Bundesliga,233
12,54,22,1,André Silva,141,12,13,14,15,Baguim do Monte,Portugal,Eint Frankfurt,1. Bundesliga,234
0,10,2,0,Jesús Navas,153,8,13,9,14,Los Palacios y Villafranca,Spain,Sevilla,1. La Liga,235
0,11,3,0,Shkodran Mustafi,137,15,12,9,10,Bad Hersfeld,Germany,Arsenal,1. Premier League,236
0,23,5,0,Gonzalo Escalante,140,12,12,10,15,Bella Vista,Argentina,Eibar,1. La Liga,237
1,27,4,0,Iñigo Martínez,152,15,15,8,14,Ondarroa,Spain,Athletic Club,1. La Liga,238
0,3,2,0,Brahim Díaz,126,8,14,13,10,Málaga,Spain,Real Madrid,1. La Liga,239
1,7,1,0,Jan Bednarek,134,14,13,7,14,Słupca,Poland,Southampton,1. Premier League,240
0,6,1,0,Mathías Olivera,118,12,12,11,14,Montevideo,Uruguay,Getafe,1. La Liga,241
2,14,6,0,Fernando,136,12,16,10,10,Alto Paraíso de Goiás,Brazil,Sevilla,1. La Liga,242
7,56,23,0,Christoph Baumgartner,120,9,15,13,10,Horn,Austria,Hoffenheim,1. Bundesliga,243
4,14,6,0,Divock Origi,149,15,15,13,13,Ostend,Belgium,Liverpool,1. Premier League,244
5,30,7,2,Jorge Molina,132,15,12,16,15,Alcoy,Spain,Getafe,1. La Liga,245
0,0,0,0,Jon Pacheco,86,8,7,4,8,NULL,NULL,Real Sociedad,1. La Liga,246
1,22,6,0,Ridle Baku,121,10,12,12,10,Mainz,Germany,Mainz 05,1. Bundesliga,247
36,127,56,14,Ciro Immobile,159,12,13,19,13,Torre Annunziata,Italy,Lazio,1. Serie A,248
0,14,3,0,Andrea Favilli,119,16,13,13,11,Pisa,Italy,Genoa,1. Serie A,249
2,21,6,0,Demarai Gray,136,9,13,10,10,Birmingham,England,Leicester City,1. Premier League,250
0,7,1,0,Ben Davies,122,12,13,6,10,Neath,Wales,Tottenham,1. Premier League,251
0,7,1,0,Ben Davies,140,14,13,8,11,Neath,Wales,Tottenham,1. Premier League,252
2,28,8,0,Matías Vecino,145,14,14,11,15,Canelones Department,Uruguay,Inter,1. Serie A,253
2,62,10,0,Rúben Neves,150,11,16,9,15,Mozelos,Portugal,Wolves,1. Premier League,254
4,7,4,0,Danilo D'Ambrosio,145,12,12,9,12,Naples,Italy,Inter,1. Serie A,255
1,9,2,0,Jamaal Lascelles,132,16,10,5,13,Derby,England,Newcastle Utd,1. Premier League,256
0,0,0,0,Mathew Ryan,131,10,12,1,12,Plumpton,Australia,Brighton,1. Premier League,257
23,87,38,4,Jamie Vardy,160,13,15,18,16,Sheffield,England,Leicester City,1. Premier League,258
4,21,7,0,Benjamin Pavard,148,13,14,7,12,Maubeuge,France,Bayern Munich,1. Bundesliga,259
3,9,5,0,Marco Asensio,151,11,18,16,10,Palma,Spain,Real Madrid,1. La Liga,260
9,76,37,0,Joaquín Correa,154,12,16,12,11,Juan Bautista Alberdi,Argentina,Lazio,1. Serie A,261
4,10,1,3,Jorginho,158,11,16,10,15,Imbituba,Brazil,Chelsea,1. Premier League,262
0,0,0,0,Dimitri Foulquier,123,13,12,9,12,Sarcelles,France,Watford,1. Premier League,263
1,5,2,0,Dimitri Foulquier,123,13,12,9,12,Sarcelles,France,Granada,1. La Liga,264
2,7,3,0,Jordi Alba,161,9,15,13,12,Marmolejo,Spain,Barcelona,1. La Liga,265
7,25,6,7,Erick Pulgar,141,13,14,12,12,Antofagasta,Chile,Fiorentina,1. Serie A,266
1,10,2,0,Kevin Agudelo,120,13,14,12,12,Colombia,Colombia,Genoa,1. Serie A,267
0,4,0,0,Kevin Agudelo,120,13,14,12,12,Colombia,Colombia,Fiorentina,1. Serie A,268
0,5,0,0,Josh Brownhill,125,11,12,8,12,Warrington,England,Burnley,1. Premier League,269
3,25,8,0,Adnan Januzaj,147,7,17,13,13,Brussels,Belgium,Real Sociedad,1. La Liga,270
1,7,3,0,Sergio Postigo,131,15,9,5,15,Madrid,Spain,Levante,1. La Liga,271
0,0,0,0,Jordan Pickford,146,13,14,1,14,Washington,England,Everton,1. Premier League,272
0,2,0,0,Antonio Barragán,125,13,12,6,12,Los Palacios y Villafranca,Spain,Betis,1. La Liga,273
8,78,27,0,Ruslan Malinovskyi,141,13,15,12,13,Zhytomyr,Ukraine,Atalanta,1. Serie A,274
0,3,0,0,Pablo Piatti,126,9,14,13,10,La Carlota,Argentina,Espanyol,1. La Liga,275
4,28,13,0,Joshua Kimmich,171,13,15,11,14,Rottweil,Germany,Bayern Munich,1. Bundesliga,276
3,9,3,0,Kevin Mbabu,141,14,11,6,11,Chêne-Bougeries,Switzerland,Wolfsburg,1. Bundesliga,277
1,20,9,0,Dani Carvajal,156,12,12,8,13,Leganés,Spain,Real Madrid,1. La Liga,278
2,13,3,0,Ashley Westwood,132,8,14,9,15,Nantwich,England,Burnley,1. Premier League,279
28,117,59,3,Timo Werner,156,12,11,16,12,Stuttgart,Germany,RB Leipzig,1. Bundesliga,280
6,23,8,5,Jordan Veretout,146,12,14,12,12,Ancenis,France,Roma,1. Serie A,281
1,58,10,0,Lorenzo Pellegrini,155,11,16,10,13,Rome,Italy,Roma,1. Serie A,282
1,2,1,0,Unai García,128,13,9,7,14,Escároz,Spain,Osasuna,1. La Liga,283
8,66,26,1,Jay Rodriguez,132,13,13,14,11,Burnley,England,Burnley,1. Premier League,284
1,6,4,0,Edoardo Goldaniga,122,13,11,5,11,Milan,Italy,Genoa,1. Serie A,285
0,43,12,0,Amir Rrahmani,130,15,9,7,14,Pristina,Kosovo,Hellas Verona,1. Serie A,286
0,9,0,0,Oriol Romeu,131,16,14,9,15,Ulldecona,Spain,Southampton,1. Premier League,287
10,90,34,1,Neal Maupay,132,14,14,15,13,Versailles,France,Brighton,1. Premier League,288
1,14,4,0,Raúl Albiol,148,15,12,9,13,Vilamarxant,Spain,Villarreal,1. La Liga,289
9,39,19,0,Maxi Gómez,149,17,11,16,17,Paysandú,Uruguay,Valencia,1. La Liga,290
9,100,37,0,Roberto Firmino,168,14,18,13,15,Maceió,Brazil,Liverpool,1. Premier League,291
4,34,11,0,Justin Kluivert,142,8,16,11,10,Amsterdam,Netherlands,Roma,1. Serie A,292
8,32,11,2,Joaquín,119,9,11,6,13,El Puerto de Santa María,Spain,Betis,1. La Liga,293
8,32,11,2,Joaquín,140,10,16,12,11,El Puerto de Santa María,Spain,Betis,1. La Liga,294
1,21,3,0,Djibril Sow,135,11,14,9,11,Zurich,Switzerland,Eint Frankfurt,1. Bundesliga,295
0,10,3,0,Lucas Leiva,152,13,14,11,14,Dourados,Brazil,Lazio,1. Serie A,296
16,73,25,2,Sergio Agüero,178,13,18,17,15,Buenos Aires F.D.,Argentina,Manchester City,1. Premier League,297
1,22,5,0,Jules Koundé,152,14,13,8,15,Paris,France,Sevilla,1. La Liga,298
4,44,12,0,Casemiro,160,17,13,10,15,São José dos Campos,Brazil,Real Madrid,1. La Liga,299
0,11,3,0,Thomas Lemar,150,9,17,12,12,Baie-Mahault,Guadeloupe,Atlético Madrid,1. La Liga,300
1,14,7,0,Suso,149,8,17,13,9,Cadiz,Spain,Sevilla,1. La Liga,301
1,31,12,0,Suso,149,8,17,13,9,Cadiz,Spain,Milan,1. Serie A,302
14,64,28,1,Chris Wood,134,15,12,13,13,Auckland,New Zealand,Burnley,1. Premier League,303
2,10,3,0,Clément Lenglet,156,15,13,8,16,Beauvais,France,Barcelona,1. La Liga,304
0,8,0,0,Federico Peluso,128,14,10,5,13,Rome,Italy,Sassuolo,1. Serie A,305
3,18,5,0,Aaron Cresswell,131,10,13,8,13,Liverpool,England,West Ham,1. Premier League,306
1,6,2,0,Curtis Jones,131,11,15,13,12,Liverpool,England,Liverpool,1. Premier League,307
8,40,14,4,Bruno Fernandes,165,12,16,15,14,Maia,Portugal,Manchester Utd,1. Premier League,308
7,50,21,0,Thorgan Hazard,147,7,15,13,10,La Louvière,Belgium,Dortmund,1. Bundesliga,309
3,34,11,1,Jean-Philippe Mateta,135,16,12,16,11,Châteauroux,France,Mainz 05,1. Bundesliga,310
1,20,5,0,Felipe,152,16,12,8,15,Mogi das Cruzes,Brazil,Atlético Madrid,1. La Liga,311
1,21,6,0,Lucas Torreira,145,9,14,8,14,Fray Bentos,Uruguay,Arsenal,1. Premier League,312
0,10,1,0,Benjamin Mendy,150,17,13,8,12,Longjumeau,France,Manchester City,1. Premier League,313
1,15,3,0,Alfred Duncan,137,15,12,9,14,Accra,Ghana,Sassuolo,1. Serie A,314
1,15,5,0,Alfred Duncan,137,15,12,9,14,Accra,Ghana,Fiorentina,1. Serie A,315
6,99,27,1,Luis Alberto,156,10,17,15,14,San José del Valle,Spain,Lazio,1. Serie A,316
3,31,8,0,Thomas Partey,151,15,13,11,14,NULL,NULL,Atlético Madrid,1. La Liga,317
3,23,8,0,Leonardo Bonucci,167,15,13,10,15,Viterbo,Italy,Juventus,1. Serie A,318
3,9,4,0,Paulinho,130,10,16,10,12,Rio de Janeiro,Brazil,Leverkusen,1. Bundesliga,319
2,9,2,0,Pau Torres,154,16,12,5,15,Villarreal,Spain,Villarreal,1. La Liga,320
0,5,0,0,Andrea Ranocchia,133,14,10,10,9,Assisi,Italy,Inter,1. Serie A,321
14,115,44,2,Domenico Berardi,144,10,15,14,10,Cariati,Italy,Sassuolo,1. Serie A,322
0,1,0,0,Kasper Schmeichel,150,10,10,3,12,Copenhagen,Denmark,Leicester City,1. Premier League,323
2,29,6,0,César Azpilicueta,150,9,13,6,15,Pamplona,Spain,Chelsea,1. Premier League,324
1,31,11,0,Ádám Szalai,131,16,12,13,12,Budapest főváros,Hungary,Mainz 05,1. Bundesliga,325
1,30,8,0,Kerem Demirbay,145,10,16,13,10,Herten,Germany,Leverkusen,1. Bundesliga,326
0,0,0,0,Vincenzo Grifo,135,9,15,13,10,Pforzheim,Germany,Hoffenheim,1. Bundesliga,327
4,48,17,1,Vincenzo Grifo,135,9,15,13,10,Pforzheim,Germany,Freiburg,1. Bundesliga,328
3,24,8,0,Gianluca Caprari,131,10,15,12,9,Rome,Italy,Sampdoria,1. Serie A,329
2,15,6,1,Gianluca Caprari,131,10,15,12,9,Rome,Italy,Parma,1. Serie A,330
4,23,9,0,Koke,163,12,14,12,17,Madrid,Spain,Atlético Madrid,1. La Liga,331
1,43,18,0,Nadiem Amiri,135,10,14,11,9,Kreisfreie Stadt Ludwigshafen am Rhein,Germany,Leverkusen,1. Bundesliga,332
0,3,2,0,Mario Hermoso,149,14,12,5,15,Madrid,Spain,Atlético Madrid,1. La Liga,333
0,5,1,0,Gary Medel,135,13,12,7,10,Santiago,Chile,Bologna,1. Serie A,334
1,15,2,0,Charles Aránguiz,150,10,15,11,14,Puente Alto,Chile,Leverkusen,1. Bundesliga,335
3,54,13,0,Youri Tielemans,154,10,16,12,12,Sint-Pieters-Leeuw,Belgium,Leicester City,1. Premier League,336
3,17,5,0,Asier Villalibre,125,15,12,14,12,Gernika-Lumo,Spain,Athletic Club,1. La Liga,337
0,5,2,0,Arthur Masuaku,129,11,14,7,11,Lille,France,West Ham,1. Premier League,338
5,49,16,1,Nicolas Pépé,151,12,15,14,12,Mantes-la-Jolie,France,Arsenal,1. Premier League,339
0,0,0,0,Mads Pedersen,119,6,12,5,13,Hørsholm,Denmark,Augsburg,1. Bundesliga,340
1,46,7,0,Mauro Arambarri,134,13,13,10,15,Salto,Uruguay,Getafe,1. La Liga,341
10,38,20,0,Mason Greenwood,140,12,15,16,12,Bradford,England,Manchester Utd,1. Premier League,342
0,3,0,0,Iñigo Lekue,130,13,12,6,11,Bilbao,Spain,Athletic Club,1. La Liga,343
0,10,0,0,Rani Khedira,127,15,11,7,15,Stuttgart,Germany,Augsburg,1. Bundesliga,344
13,83,37,0,Dominic Calvert-Lewin,136,15,13,14,11,Sheffield,England,Everton,1. Premier League,345
1,17,6,1,Sofyan Amrabat,133,12,14,8,13,Gemeente Huizen,Netherlands,Hellas Verona,1. Serie A,346
0,2,0,0,Kevin Long,126,17,11,6,14,Cork,Republic of Ireland,Burnley,1. Premier League,347
5,37,14,0,Moi Gómez,136,11,17,12,12,Rojales,Spain,Villarreal,1. La Liga,348
4,20,5,0,Leander Dendoncker,140,12,11,11,15,Passendale,Belgium,Wolves,1. Premier League,349
1,20,5,0,Gianluca Mancini,148,14,12,11,14,Pontedera,Italy,Roma,1. Serie A,350
6,45,10,2,Juraj Kucka,136,15,12,8,13,Bojnice,Slovakia,Parma,1. Serie A,351
2,10,4,0,Sergio Busquets,165,13,16,9,18,Sabadell,Spain,Barcelona,1. La Liga,352
21,72,33,2,Francesco Caputo,136,12,14,17,13,Altamura,Italy,Sassuolo,1. Serie A,353
1,13,4,0,Serge Aurier,140,14,12,10,12,Paris,France,Tottenham,1. Premier League,354
1,11,2,0,Lukáš Haraslín,119,11,13,10,10,Bratislava,Slovakia,Sassuolo,1. Serie A,355
0,0,0,0,Robin Zentner,123,18,8,1,10,Rüdesheim am Rhein,Germany,Mainz 05,1. Bundesliga,356
1,5,2,0,Mariano,147,14,12,17,12,Barcelona,Spain,Real Madrid,1. La Liga,357
0,14,1,0,Igor Zubeldia,145,14,15,12,13,Azkoitia,Spain,Real Sociedad,1. La Liga,358
8,52,19,1,Rubén García,138,11,15,13,12,Valencia,Spain,Osasuna,1. La Liga,359
0,0,0,0,Tyrick Mitchell,106,7,12,6,9,England,United Kingdom,Crystal Palace,1. Premier League,360
2,9,4,0,Tanguy Ndombele,145,16,15,7,12,Longjumeau,France,Tottenham,1. Premier League,361
0,1,0,0,Asier Illarramendi,150,14,15,11,16,Mutriku,Spain,Real Sociedad,1. La Liga,362
0,8,3,0,Martín Montoya,130,12,12,8,11,Viladecans,Spain,Brighton,1. Premier League,363
10,49,18,0,Patrik Schick,140,13,16,15,10,Prague,Czech Republic,RB Leipzig,1. Bundesliga,364
1,26,3,0,Nicolas Höfler,128,11,14,7,17,Überlingen,Germany,Freiburg,1. Bundesliga,365
1,16,4,0,Danny da Costa,133,14,11,7,12,Neuss,Germany,Eint Frankfurt,1. Bundesliga,366
4,28,7,0,Axel Witsel,159,14,15,10,17,Liège,Belgium,Dortmund,1. Bundesliga,367
2,19,8,0,Matteo Politano,149,9,14,13,12,Rome,Italy,Napoli,1. Serie A,368
0,16,4,0,Matteo Politano,149,9,14,13,12,Rome,Italy,Inter,1. Serie A,369
23,95,41,6,Romelu Lukaku,172,20,14,17,14,Antwerp,Belgium,Inter,1. Serie A,370
0,1,0,0,Ibrahima Konaté,134,17,12,7,13,Paris,France,RB Leipzig,1. Bundesliga,371
0,6,1,0,John Stones,156,13,14,8,13,Barnsley,England,Manchester City,1. Premier League,372
0,0,0,0,Matteo Lovato,91,9,4,5,8,Monselice,Italy,Hellas Verona,1. Serie A,373
8,59,14,0,Stefano Okaka,132,18,12,14,12,Castiglione del Lago,Italy,Udinese,1. Serie A,374
1,17,6,0,Marcelo,151,11,18,13,12,Rio de Janeiro,Brazil,Real Madrid,1. La Liga,375
2,44,8,0,José Campaña,145,10,16,10,15,Seville,Spain,Levante,1. La Liga,376
11,81,28,1,Joselu,130,15,12,13,12,Stuttgart,Germany,Alavés,1. La Liga,377
0,1,0,0,Raphael Framberger,119,10,10,7,13,Kreisfreie Stadt Augsburg,Germany,Augsburg,1. Bundesliga,378
2,11,4,0,Yannick Gerhardt,133,13,13,9,10,Würselen,Germany,Wolfsburg,1. Bundesliga,379
4,37,12,0,Jean-Paul Boëtius,132,9,14,11,10,Rotterdam,Netherlands,Mainz 05,1. Bundesliga,380
1,15,7,0,Alfonso Pedraza,134,12,12,11,13,San Sebastián de los Ballesteros,Spain,Betis,1. La Liga,381
1,4,1,0,Xherdan Shaqiri,149,13,15,13,12,Komuna e Gjilanit,Kosovo,Liverpool,1. Premier League,382
3,24,9,0,Rodri,155,13,14,7,15,Madrid,Spain,Manchester City,1. Premier League,383
0,6,2,0,Davide Biraschi,131,17,9,5,12,Bergamo,Italy,Genoa,1. Serie A,384
8,45,18,0,Borja Mayoral,136,11,14,15,12,Parla,Spain,Levante,1. La Liga,385
1,16,3,0,Corentin Tolisso,152,15,14,13,12,Tarare,France,Bayern Munich,1. Bundesliga,386
1,37,14,0,Andreas Pereira,133,7,16,10,11,Duffel,Belgium,Manchester Utd,1. Premier League,387
0,2,1,0,Miguel,84,4,3,6,10,NULL,NULL,Valladolid,1. La Liga,388
8,25,14,0,Arturo Vidal,158,13,15,12,16,Santiago,Chile,Barcelona,1. La Liga,389
1,24,5,0,Nicolò Barella,163,14,14,11,17,Cagliari,Italy,Inter,1. Serie A,390
2,17,5,0,Julian Baumgartlinger,137,15,11,7,17,Salzburg,Austria,Leverkusen,1. Bundesliga,391
3,8,5,0,Pedro Bigas,133,14,11,9,14,Palma,Spain,Eibar,1. La Liga,392
0,4,2,0,Dominique Heintz,132,15,10,7,14,Neustadt an der Weinstraße,Germany,Freiburg,1. Bundesliga,393
6,45,21,1,Iñaki Williams,154,12,14,14,13,Bilbao,Spain,Athletic Club,1. La Liga,394
0,1,0,0,Ryan Sessegnon,129,8,13,12,12,Roehampton,England,Tottenham,1. Premier League,395
1,6,1,0,Jack Stephens,132,14,13,7,13,Torpoint,England,Southampton,1. Premier League,396
2,27,2,0,Wilfred Ndidi,150,14,13,7,13,Lagos,Nigeria,Leicester City,1. Premier League,397
1,4,2,0,Robin Knoche,132,14,10,7,17,Braunschweig,Germany,Wolfsburg,1. Bundesliga,398
0,0,0,0,Jean-Philippe Gbamin,140,16,11,8,13,San-Pédro,Côte d'Ivoire,Everton,1. Premier League,399
1,16,6,0,Yves Bissouma,127,14,13,12,12,Bamako Region,Mali,Brighton,1. Premier League,400
8,70,26,2,Milot Rashica,140,8,13,13,11,Vushtrri,Kosovo,Werder Bremen,1. Bundesliga,401
0,0,0,0,Juan Foyth,136,13,15,8,11,La Plata,Argentina,Tottenham,1. Premier League,402
1,12,4,0,Carles Aleñá,133,11,16,12,13,Mataró,Spain,Betis,1. La Liga,403
0,1,1,0,Carles Aleñá,133,11,16,12,13,Mataró,Spain,Barcelona,1. La Liga,404
1,23,9,0,Alex Iwobi,144,13,15,12,12,Lagos,Nigeria,Everton,1. Premier League,405
0,2,0,0,Håvard Nordtveit,127,14,10,7,16,Vats,Norway,Hoffenheim,1. Bundesliga,406
1,8,2,0,Alberto Grassi,127,12,13,7,12,Brescia,Italy,Parma,1. Serie A,407
4,57,18,0,Toni Kroos,162,14,16,13,14,Greifswald,Germany,Real Madrid,1. La Liga,408
2,30,10,0,Yerry Mina,140,16,11,7,12,Guachené,Colombia,Everton,1. Premier League,409
1,8,2,0,Coke,136,10,12,11,16,Madrid,Spain,Levante,1. La Liga,410
2,11,5,0,Giacomo Raspadori,114,8,13,14,11,Bentivoglio,Italy,Sassuolo,1. Serie A,411
2,4,3,0,Florian Lejeune,131,15,11,7,12,Paris,France,Newcastle Utd,1. Premier League,412
0,2,0,0,Kevin Akpoguma,131,14,11,10,12,Neustadt an der Weinstraße,Germany,Hoffenheim,1. Bundesliga,413
6,60,26,0,Ruben Vargas,129,8,14,12,9,Adligenswil,Switzerland,Augsburg,1. Bundesliga,414
2,22,3,0,Berat Djimsiti,140,16,11,7,13,Zurich,Switzerland,Atalanta,1. Serie A,415
0,0,0,0,Marc-André ter Stegen,170,15,14,1,12,Mönchengladbach,Germany,Barcelona,1. La Liga,416
0,1,1,0,Andoni Gorosabel,125,12,13,9,11,Mondragón,Spain,Real Sociedad,1. La Liga,417
3,39,12,0,Douglas Luiz,137,13,14,12,12,Rio de Janeiro,Brazil,Aston Villa,1. Premier League,418
0,5,0,0,Eduard Löwen,128,16,13,9,11,Idar-Oberstein,Germany,Hertha BSC,1. Bundesliga,419
2,10,6,0,Eduard Löwen,128,16,13,9,11,Idar-Oberstein,Germany,Augsburg,1. Bundesliga,420
21,118,54,5,Karim Benzema,174,14,18,16,12,Lyon,France,Real Madrid,1. La Liga,421
2,14,4,0,Janik Haberer,133,10,12,10,10,Wangen im Allgäu,Germany,Freiburg,1. Bundesliga,422
2,14,5,0,Ángel Montoro,126,13,12,7,14,Valencia,Spain,Granada,1. La Liga,423
0,21,5,0,Paolo Ghiglione,126,13,11,10,13,Voghera,Italy,Genoa,1. Serie A,424
2,25,6,0,Matt Ritchie,130,11,12,13,12,Gosport,England,Newcastle Utd,1. Premier League,425
1,14,3,0,Niko Gießelmann,124,10,12,9,12,Hanover,Germany,Düsseldorf,1. Bundesliga,426
2,19,6,0,Cristian Tello,140,8,14,12,12,Sabadell,Spain,Betis,1. La Liga,427
0,0,0,0,Daley Sinkgraven,129,9,14,9,11,Gemeente Assen,Netherlands,Leverkusen,1. Bundesliga,428
2,14,4,0,Angelo Ogbonna,132,15,12,4,13,Cassino,Italy,West Ham,1. Premier League,429
0,18,5,0,Jack Cork,136,12,12,10,14,Carshalton,England,Burnley,1. Premier League,430
3,35,12,0,Borja Iglesias,146,16,12,15,14,Santiago de Compostela,Spain,Betis,1. La Liga,431
3,17,5,0,Ricardo Pereira,150,10,14,11,12,Lisbon,Portugal,Leicester City,1. Premier League,432
2,8,4,0,Alessandro Bastoni,151,15,13,8,13,Casalmaggiore,Italy,Inter,1. Serie A,433
1,12,4,0,Kingsley Ehizibue,124,12,11,8,9,Munich,Germany,Köln,1. Bundesliga,434
0,4,0,0,Emil Krafth,126,13,13,7,12,Ljungby,Sweden,Newcastle Utd,1. Premier League,435
7,32,14,0,Matteo Pessina,126,12,14,8,13,Monza,Italy,Hellas Verona,1. Serie A,436
4,42,15,0,José Callejón,153,11,15,13,14,Motril,Spain,Napoli,1. Serie A,437
0,0,0,0,Juan Jesus,134,17,11,6,8,Belo Horizonte,Brazil,Roma,1. Serie A,438
0,1,0,0,Tim Lemperle,86,7,9,10,7,Frankfurt am Main,Germany,Köln,1. Bundesliga,439
4,49,17,0,Martin Ødegaard,148,12,16,6,12,Drammen,Norway,Real Sociedad,1. La Liga,440
0,0,0,0,Emiliano Martínez,140,13,10,2,14,Mar del Plata,Argentina,Arsenal,1. Premier League,441
0,0,0,0,Rui Patrício,153,15,10,3,14,Marrazes,Portugal,Wolves,1. Premier League,442
1,24,7,0,Jarrod Bowen,135,7,12,15,10,Hereford,England,West Ham,1. Premier League,443
0,10,3,0,Ondrej Duda,138,9,16,13,10,Snina,Slovakia,Norwich City,1. Premier League,444
0,7,5,0,Ondrej Duda,138,9,16,13,10,Snina,Slovakia,Hertha BSC,1. Bundesliga,445
0,1,0,0,Joe Gomez,154,15,14,5,14,Catford,England,Liverpool,1. Premier League,446
0,0,0,0,Alisson,174,14,13,1,15,Novo Hamburgo,Brazil,Liverpool,1. Premier League,447
0,10,0,0,Quini,118,10,11,9,11,Fernán Núñez,Spain,Granada,1. La Liga,448
1,2,1,0,Adama Soumaoro,125,17,10,6,14,Fontenay-aux-Roses,France,Genoa,1. Serie A,449
0,10,1,0,Ademola Lookman,136,9,14,13,11,Wandsworth,England,RB Leipzig,1. Bundesliga,450
4,18,4,0,Dedryck Boyata,136,16,9,8,14,Uccle,Belgium,Hertha BSC,1. Bundesliga,451
5,52,23,0,Christopher Nkunku,135,10,14,11,10,Lagny-sur-Marne,France,RB Leipzig,1. Bundesliga,452
1,7,2,0,Hamza Choudhury,138,12,12,6,12,Loughborough,England,Leicester City,1. Premier League,453
2,5,2,0,Luca Ceppitelli,131,14,7,9,14,Castiglione del Lago,Italy,Cagliari,1. Serie A,454
14,78,31,5,Iago Aspas,155,7,16,16,12,Moaña,Spain,Celta Vigo,1. La Liga,455
4,76,19,3,Nicola Sansone,137,8,15,11,13,Munich,Germany,Bologna,1. Serie A,456
1,14,4,0,Gastón Pereiro,131,12,16,14,9,Montevideo,Uruguay,Cagliari,1. Serie A,457
0,5,0,0,William Troost-Ekong,132,15,12,5,14,Gemeente Haarlem,Netherlands,Udinese,1. Serie A,458
1,7,3,0,Fikayo Tomori,150,15,11,10,13,Calgary,Alberta,Chelsea,1. Premier League,459
0,3,0,0,Chema,130,14,11,9,12,Caudete,Spain,Getafe,1. La Liga,460
2,12,4,0,Fabinho,160,15,14,8,15,Campinas,Brazil,Liverpool,1. Premier League,461
0,9,2,0,Jorge Miramón,130,10,14,7,12,Zaragoza,Spain,Levante,1. La Liga,462
0,24,6,0,Stefan Posch,132,12,11,6,12,Judenburg,Austria,Hoffenheim,1. Bundesliga,463
1,10,4,0,Daniel Podence,130,5,17,8,9,Oeiras,Portugal,Wolves,1. Premier League,464
0,4,0,0,Davide Zappacosta,141,13,13,9,13,Sora,Italy,Roma,1. Serie A,465
0,0,0,0,Daniel Maldini,87,6,15,11,10,Milan,Italy,Milan,1. Serie A,466
0,2,1,0,Jaume Costa,141,10,12,7,13,Valencia,Spain,Valencia,1. La Liga,467
1,25,9,0,Sebastian Rudy,144,10,14,8,14,Villingen-Schwenningen,Germany,Hoffenheim,1. Bundesliga,468
1,22,6,0,Jesse Lingard,141,8,14,12,12,Warrington,England,Manchester Utd,1. Premier League,469
18,82,32,4,João Pedro,125,11,13,12,12,Ipatinga,Brazil,Cagliari,1. Serie A,470
8,46,20,1,Ayoze Pérez,141,9,14,14,12,Santa Cruz de Tenerife,Spain,Leicester City,1. Premier League,471
18,85,32,1,Gerard Moreno,146,12,13,16,14,Santa Perpètua de Mogoda,Spain,Villarreal,1. La Liga,472
2,37,12,0,Pablo Fornals,142,11,15,12,12,Castellón de la Plana,Spain,West Ham,1. Premier League,473
7,47,18,1,Lucas Alario,134,13,12,16,14,Tostado,Argentina,Leverkusen,1. Bundesliga,474
2,9,4,0,Tyrone Mings,135,15,13,6,12,Bath,England,Aston Villa,1. Premier League,475
0,7,1,0,Alexis Mac Allister,134,12,15,13,12,Santa Rosa,Argentina,Brighton,1. Premier League,476
1,7,3,0,Juanmi,140,5,15,14,13,Coín,Spain,Betis,1. La Liga,477
0,6,0,0,Stefan Ilsanker,130,15,10,6,15,Hallein,Austria,RB Leipzig,1. Bundesliga,478
2,7,2,0,Stefan Ilsanker,130,15,10,6,15,Hallein,Austria,Eint Frankfurt,1. Bundesliga,479
5,26,12,0,Andriy Yarmolenko,138,13,16,14,14,Leningrad,Russia,West Ham,1. Premier League,480
0,0,0,0,Germán Valera,75,6,9,11,7,Murcia,Spain,Atlético Madrid,1. La Liga,481
3,20,8,1,Grégoire Defrel,134,11,13,14,12,Meudon,France,Sassuolo,1. Serie A,482
2,30,9,0,Christian Günter,132,12,11,7,12,Villingen-Schwenningen,Germany,Freiburg,1. Bundesliga,483
1,4,2,0,Kostas Stafylidis,128,14,12,10,10,Thessaloniki,Greece,Hoffenheim,1. Bundesliga,484
4,55,17,0,Miguel Almirón,144,9,13,10,12,Asunción,Paraguay,Newcastle Utd,1. Premier League,485
0,11,2,0,Gian Marco Ferrari,134,16,12,9,14,Province of Parma,Italy,Sassuolo,1. Serie A,486
1,16,3,0,Dennis Praet,140,10,16,11,18,Leuven,Belgium,Leicester City,1. Premier League,487
1,21,7,0,Paul Pogba,169,17,19,14,9,Lagny-sur-Marne,France,Manchester Utd,1. Premier League,488
1,13,3,0,Kyle Walker,151,15,13,7,13,Sheffield,England,Manchester City,1. Premier League,489
4,63,17,0,Maximilian Arnold,142,10,14,12,12,Riesa,Germany,Wolfsburg,1. Bundesliga,490
0,0,0,0,Mamadou Sakho,143,17,9,7,11,Paris,France,Crystal Palace,1. Premier League,491
1,19,6,0,Adrien Rabiot,154,14,15,12,13,Saint-Maurice,France,Juventus,1. Serie A,492
1,28,9,0,Unai López,134,10,16,12,12,Bilbao,Spain,Athletic Club,1. La Liga,493
0,16,3,0,Javier Pastore,143,11,19,13,11,Córdoba,Argentina,Roma,1. Serie A,494
1,22,5,0,Maximilian Mittelstädt,127,10,13,6,9,Land Berlin,Germany,Hertha BSC,1. Bundesliga,495
12,96,40,0,Serge Gnabry,165,13,14,15,12,Stuttgart,Germany,Bayern Munich,1. Bundesliga,496
11,73,30,1,Riyad Mahrez,153,8,17,16,13,Sarcelles,France,Manchester City,1. Premier League,497
1,12,4,0,Armando Izzo,146,13,12,9,14,Naples,Italy,Torino,1. Serie A,498
0,10,2,0,Manuel Akanji,144,16,12,6,11,Wiesendangen / Wiesendangen (Dorf),Switzerland,Dortmund,1. Bundesliga,499
9,75,24,0,Dries Mertens,155,8,16,17,12,Leuven,Belgium,Napoli,1. Serie A,500
0,2,0,0,Danny Rose,143,14,13,11,13,Doncaster,England,Tottenham,1. Premier League,501
0,0,0,0,Danny Rose,143,14,13,11,13,Doncaster,England,Newcastle Utd,1. Premier League,502
0,5,1,0,Joel Ward,127,13,11,5,13,Emsworth,England,Crystal Palace,1. Premier League,503
6,64,18,0,João Félix,159,9,18,15,13,Viseu Municipality,Portugal,Atlético Madrid,1. La Liga,504
0,0,0,0,Marvin Zeegelaar,128,14,14,7,13,Amsterdam,Netherlands,Udinese,1. Serie A,505
2,29,9,0,Pascal Groß,136,12,15,12,14,Mannheim,Germany,Brighton,1. Premier League,506
1,2,1,0,Wilfried Singo,132,15,12,8,13,Ouragahio,Côte d'Ivoire,Torino,1. Serie A,507
0,0,0,0,Tachi,107,10,9,4,10,Fuenlabrada,Spain,Alavés,1. La Liga,508
0,2,0,0,Reece Oxford,122,12,12,9,11,Edmonton,England,Augsburg,1. Bundesliga,509
17,79,38,0,Anthony Martial,155,13,16,16,12,Massy,France,Manchester Utd,1. Premier League,510
0,6,1,0,Simon Kjær,139,15,10,7,13,Horsens,Denmark,Milan,1. Serie A,511
0,1,1,0,Simon Kjær,139,15,10,7,13,Horsens,Denmark,Atalanta,1. Serie A,512
0,23,5,0,Omar Colley,132,17,10,6,13,Banjul,Gambia,Sampdoria,1. Serie A,513
0,0,0,0,Lucien Agoume,100,14,13,8,12,Yaoundé,Cameroon,Inter,1. Serie A,514
0,17,7,0,Mato Jajalo,128,14,15,10,15,Jajce,Bosnia and Herzegovina,Udinese,1. Serie A,515
3,34,8,0,Germán Pezzella,143,14,10,8,14,Bahía Blanca,Argentina,Fiorentina,1. Serie A,516
0,6,1,0,Lorenzo Tonelli,129,14,8,9,13,Florence,Italy,Sampdoria,1. Serie A,517
1,23,5,0,Cheikhou Kouyaté,132,16,12,12,13,Dakar,Senegal,Crystal Palace,1. Premier League,518
0,7,4,0,Carlos Neva,121,8,13,8,13,El Puerto de Santa María,Spain,Granada,1. La Liga,519
34,134,59,5,Robert Lewandowski,184,16,16,19,15,Warsaw,Poland,Bayern Munich,1. Bundesliga,520
0,0,0,0,Adrien Tameze,130,15,12,8,15,Lille,France,Atalanta,1. Serie A,521
0,7,1,0,Ximo Navarro,124,11,11,9,13,Guadahortuna,Spain,Alavés,1. La Liga,522
1,18,5,0,Ben Mee,132,15,9,6,14,Sale,England,Burnley,1. Premier League,523
1,4,2,0,Toni Lato,120,8,13,5,12,Valencia,Spain,Osasuna,1. La Liga,524
1,24,7,0,Michael Gregoritsch,135,14,14,17,9,Graz,Austria,Schalke 04,1. Bundesliga,525
0,4,0,0,Michael Gregoritsch,135,14,14,17,9,Graz,Austria,Augsburg,1. Bundesliga,526
0,3,0,0,Ander Guevara,128,9,13,10,13,Vitoria-Gasteiz,Spain,Real Sociedad,1. La Liga,527
9,44,22,0,Alexander Isak,150,12,16,14,11,Solna,Sweden,Real Sociedad,1. La Liga,528
0,7,4,0,Sheraldo Becker,116,10,12,9,9,Amsterdam,Netherlands,Union Berlin,1. Bundesliga,529
1,32,8,0,Xaver Schlager,136,11,14,10,10,Vienna,Austria,Wolfsburg,1. Bundesliga,530
13,54,20,2,Ante Budimir,124,18,11,13,13,Zenica,Bosnia and Herzegovina,Mallorca,1. La Liga,531
2,16,8,0,Rodrygo,130,12,15,14,14,Osasco,Brazil,Real Madrid,1. La Liga,532
11,87,35,1,Manolo Gabbiadini,135,13,14,14,13,Calcinate,Italy,Sampdoria,1. Serie A,533
1,35,12,0,Guido Carrillo,133,15,12,11,14,Magdalena,Argentina,Leganés,1. La Liga,534
0,1,0,0,Andrea Conti,139,12,13,10,13,Lecco,Italy,Milan,1. Serie A,535
2,13,2,0,Jerry St. Juste,126,11,13,11,11,Groningen,Netherlands,Mainz 05,1. Bundesliga,536
1,27,8,0,Jason,136,9,15,13,11,A Coruña,Spain,Getafe,1. La Liga,537
2,14,6,0,Jetro Willems,130,13,14,8,9,Rotterdam,Netherlands,Newcastle Utd,1. Premier League,538
1,13,4,0,Paolo Faragò,128,13,13,11,14,Catanzaro,Italy,Cagliari,1. Serie A,539
3,55,19,0,John McGinn,139,15,15,13,11,Glasgow,Scotland,Aston Villa,1. Premier League,540
0,0,0,0,Raúl Moro,91,6,12,11,9,Barcelona,Spain,Lazio,1. Serie A,541
2,15,3,0,José Luis Palomino,143,14,11,5,15,San Miguel,Argentina,Atalanta,1. Serie A,542
1,17,5,0,Tom Davies,131,11,14,11,14,Liverpool,England,Everton,1. Premier League,543
0,18,6,0,Amadou Haidara,134,12,15,10,11,Bamako,Mali,RB Leipzig,1. Bundesliga,544
0,10,4,0,Grischa Prömel,119,14,11,10,14,Stuttgart,Germany,Union Berlin,1. Bundesliga,545
0,2,0,0,Lukas Klünter,127,10,11,8,12,Euskirchen,Germany,Hertha BSC,1. Bundesliga,546
1,37,9,0,Mattias Svanberg,124,11,14,11,12,New York,New York,Bologna,1. Serie A,547
3,10,4,0,Domingos Duarte,138,15,11,9,15,Cascais,Portugal,Granada,1. La Liga,548
0,0,0,0,Koffi Djidji,132,14,11,6,14,Bagnolet,France,Torino,1. Serie A,549
4,20,8,0,Jordan Henderson,158,14,14,9,15,Sunderland,England,Liverpool,1. Premier League,550
9,30,14,0,Felipe Caicedo,141,17,13,14,13,Esmeraldas,Ecuador,Lazio,1. Serie A,551
1,10,3,0,Nicolas Nkoulou,144,15,12,6,12,Yaoundé,Cameroon,Torino,1. Serie A,552
0,16,8,0,Riccardo Sottil,124,10,12,12,10,Torino,Italy,Fiorentina,1. Serie A,553
2,14,4,0,Danilo,130,14,10,10,13,Bicas,Brazil,Juventus,1. Serie A,554
2,14,4,0,Danilo,151,14,13,12,13,Bicas,Brazil,Juventus,1. Serie A,555
5,40,15,1,Florian Kainz,128,7,13,12,12,Graz,Austria,Köln,1. Bundesliga,556
0,0,0,0,Jacopo Da Riva,85,6,14,9,6,NULL,NULL,Atalanta,1. Serie A,557
6,50,22,0,Simone Zaza,137,14,14,14,12,Policoro,Italy,Torino,1. Serie A,558
2,25,9,0,Nahitan Nández,136,15,12,12,14,Maldonado Department,Uruguay,Cagliari,1. Serie A,559
7,47,15,1,Gonçalo Paciência,131,15,14,12,11,Porto Municipality,Portugal,Eint Frankfurt,1. Bundesliga,560
2,24,9,1,Manu Trigueros,138,8,15,10,13,Talavera de la Reina,Spain,Villarreal,1. La Liga,561
7,78,29,0,Mason Mount,144,9,15,14,12,Portsmouth,England,Chelsea,1. Premier League,562
1,7,2,0,Matteo Darmian,137,14,13,7,13,Legnano,Italy,Parma,1. Serie A,563
0,1,0,0,Federico Dimarco,123,11,12,10,10,Milan,Italy,Inter,1. Serie A,564
0,13,3,0,Federico Dimarco,123,11,12,10,10,Milan,Italy,Hellas Verona,1. Serie A,565
5,46,19,0,Stuart Armstrong,135,12,15,15,10,Inverness,Scotland,Southampton,1. Premier League,566
2,13,5,0,Allan Nyom,133,17,12,6,10,Neuilly-sur-Seine,France,Getafe,1. La Liga,567
0,5,2,0,Lorenzo Venuti,126,12,12,6,13,Montevarchi,Italy,Fiorentina,1. Serie A,568
0,1,0,0,Kyle Walker-Peters,133,11,13,10,11,London,England,Tottenham,1. Premier League,569
0,2,0,0,Kyle Walker-Peters,133,11,13,10,11,London,England,Southampton,1. Premier League,570
2,22,6,0,Jeff Hendrick,130,12,14,12,14,Dublin,Republic of Ireland,Burnley,1. Premier League,571
2,19,7,0,Remo Freuler,146,11,14,10,13,Ennenda,Switzerland,Atalanta,1. Serie A,572
6,47,22,0,Nicolò Zaniolo,151,15,15,14,13,Massa,Italy,Roma,1. Serie A,573
1,14,3,0,Jon Moncayola,115,11,13,6,13,Pamplona,Spain,Osasuna,1. La Liga,574
0,1,0,0,Sebastiano Luperto,131,14,11,8,13,Lecce,Italy,Napoli,1. Serie A,575
1,5,1,0,Adam Lallana,149,9,18,8,14,St Albans,England,Liverpool,1. Premier League,576
3,18,6,0,Anthony Ujah,124,15,10,13,14,Benue State,Nigeria,Union Berlin,1. Bundesliga,577
0,2,0,0,John Guidetti,124,15,16,13,10,Stockholm,Sweden,Alavés,1. La Liga,578
1,24,4,0,Benjamin Hübner,136,16,10,7,15,Wiesbaden,Germany,Hoffenheim,1. Bundesliga,579
4,43,12,0,Adama Traoré,150,15,13,8,8,l'Hospitalet de Llobregat,Spain,Wolves,1. Premier League,580
5,24,8,2,Emil Forsberg,142,10,15,13,11,Sundsvall,Sweden,RB Leipzig,1. Bundesliga,581
1,12,2,0,Robin Le Normand,129,14,12,7,12,Pabu,France,Real Sociedad,1. La Liga,582
0,0,0,0,Makoto Hasebe,135,10,13,7,17,Fujieda-shi,Japan,Eint Frankfurt,1. Bundesliga,583
0,10,5,0,Luke Shaw,138,15,14,8,14,Kingston upon Thames,England,Manchester Utd,1. Premier League,584
5,37,16,0,Roberto Soriano,139,13,16,12,13,Darmstadt,Germany,Bologna,1. Serie A,585
7,33,13,1,Roberto Soldado,129,11,14,15,14,Valencia,Spain,Granada,1. La Liga,586
10,53,26,0,Alexandre Lacazette,158,14,15,16,14,Lyon,France,Arsenal,1. Premier League,587
0,16,5,0,Keinan Davis,108,14,10,12,10,Birmingham,England,Aston Villa,1. Premier League,588
2,10,6,0,Cristiano Biraghi,139,13,13,8,12,Cernusco sul Naviglio,Italy,Inter,1. Serie A,589
0,9,1,0,Aaron Wan-Bissaka,144,12,13,5,14,Croydon,England,Manchester Utd,1. Premier League,590
3,10,3,0,Raphaël Varane,165,15,14,6,15,Lille,France,Real Madrid,1. La Liga,591
1,3,1,0,Jorge Meré,130,12,11,7,11,Oviedo,Spain,Köln,1. Bundesliga,592
2,23,8,0,Romain Saïss,131,14,13,8,14,Bourg-de-Péage,France,Wolves,1. Premier League,593
0,5,0,0,Ludwig Augustinsson,133,11,13,8,14,Stockholm,Sweden,Werder Bremen,1. Bundesliga,594
2,18,9,0,Ismail Jakobs,108,9,11,9,9,Cologne,Germany,Köln,1. Bundesliga,595
14,81,31,5,Lucas Ocampos,143,13,14,13,12,Quilmes,Argentina,Sevilla,1. La Liga,596
1,23,13,0,Isco,160,12,19,13,14,Benalmádena,Spain,Real Madrid,1. La Liga,597
0,0,0,0,Juan Musso,137,12,7,1,14,San Nicolás de los Arroyos,Argentina,Udinese,1. Serie A,598
0,0,0,0,Eric Bailly,144,16,12,5,8,Abidjan,Côte d'Ivoire,Manchester Utd,1. Premier League,599
3,33,15,0,Julian Brandt,154,10,17,14,10,Bremen,Germany,Dortmund,1. Bundesliga,600
17,84,38,6,Marcus Rashford,153,12,15,14,12,Wythenshawe,England,Manchester Utd,1. Premier League,601
3,9,4,0,Steven Bergwijn,149,12,14,11,12,Amsterdam,Netherlands,Tottenham,1. Premier League,602
0,0,0,0,Aymen Barkok,121,11,16,10,8,Frankfurt am Main,Germany,Düsseldorf,1. Bundesliga,603
1,26,6,0,Sean Longstaff,129,13,13,13,11,North Shields,England,Newcastle Utd,1. Premier League,604
0,0,0,0,Gianmarco Cangiano,98,5,14,11,9,NULL,NULL,Bologna,1. Serie A,605
1,19,14,0,Eden Hazard,175,11,18,15,13,La Louvière,Belgium,Real Madrid,1. La Liga,606
1,14,4,0,Joe Willock,133,9,14,10,12,Waltham Forest,England,Arsenal,1. Premier League,607
1,14,3,1,Cristian Romero,134,14,11,5,13,Córdoba,Argentina,Genoa,1. Serie A,608
0,8,3,0,Mark Uth,134,10,12,17,12,Cologne,Germany,Schalke 04,1. Bundesliga,609
5,41,15,1,Mark Uth,134,10,12,17,12,Cologne,Germany,Köln,1. Bundesliga,610
1,11,5,0,Marash Kumbulla,128,12,11,6,13,Desenzano del Garda,Italy,Hellas Verona,1. Serie A,611
0,4,3,0,Willy Boly,143,17,13,6,11,Melun,France,Wolves,1. Premier League,612
0,4,1,0,Igor,124,13,12,6,10,Bom Sucesso,Brazil,SPAL,1. Serie A,613
0,1,0,0,Igor,124,13,12,6,10,Bom Sucesso,Brazil,Fiorentina,1. Serie A,614
1,4,3,0,Dan-Axel Zagadou,135,18,13,6,14,Créteil,France,Dortmund,1. Bundesliga,615
2,11,3,0,Patrick Cutrone,137,13,12,14,14,Como,Italy,Wolves,1. Premier League,616
4,22,12,0,Patrick Cutrone,137,13,12,14,14,Como,Italy,Fiorentina,1. Serie A,617
2,15,5,0,Eddie Nketiah,128,8,14,14,10,Lewisham,England,Arsenal,1. Premier League,618
6,35,16,0,Ihlas Bebou,133,12,14,10,11,Sokodé,Togo,Hoffenheim,1. Bundesliga,619
0,16,3,0,Aitor Ruibal,124,11,13,14,11,Manresa,Spain,Leganés,1. La Liga,620
2,34,13,0,Gareth Bale,173,17,16,17,11,Cardiff,Wales,Real Madrid,1. La Liga,621
0,5,1,0,Kevin Möhwald,127,10,15,10,10,Kreisfreie Stadt Erfurt,Germany,Werder Bremen,1. Bundesliga,622
0,7,1,0,Alexander Hack,124,14,12,7,9,Memmingen,Germany,Mainz 05,1. Bundesliga,623
16,78,42,1,Luis Suárez,134,13,13,14,11,Salto,Uruguay,Barcelona,1. La Liga,624
16,78,42,1,Luis Suárez,180,13,17,18,15,Salto,Uruguay,Barcelona,1. La Liga,625
0,7,2,0,Emre Can,153,15,12,10,14,Frankfurt am Main,Germany,Juventus,1. Serie A,626
2,16,4,0,Emre Can,153,15,12,10,14,Frankfurt am Main,Germany,Dortmund,1. Bundesliga,627
0,10,1,0,Francis Coquelin,148,14,13,7,17,Laval,France,Valencia,1. La Liga,628
1,1,1,0,Kristoffer Askildsen,98,12,9,6,11,Oslo,Norway,Sampdoria,1. Serie A,629
4,34,13,0,Hirving Lozano,149,7,15,15,11,Mexico City,Distrito Federal,Napoli,1. Serie A,630
6,47,14,3,Sergio Canales,155,12,17,14,14,Santander,Spain,Betis,1. La Liga,631
0,0,0,0,Tom Heaton,137,13,8,1,17,Chester,England,Aston Villa,1. Premier League,632
3,15,6,0,Issa Diop,132,16,11,6,12,Toulouse,France,West Ham,1. Premier League,633
0,2,0,0,Edmond Tapsoba,131,12,12,7,10,Ouagadougou,Burkina Faso,Leverkusen,1. Bundesliga,634
2,22,7,1,Daniel Brosinski,129,8,11,9,14,Karlsruhe,Germany,Mainz 05,1. Bundesliga,635
4,25,8,0,Paco Alcácer,149,10,13,17,16,Torrent,Spain,Villarreal,1. La Liga,636
5,15,7,0,Paco Alcácer,149,10,13,17,16,Torrent,Spain,Dortmund,1. Bundesliga,637
0,14,1,0,Héctor Herrera,150,14,14,12,14,Tijuana,Estado de Baja California,Atlético Madrid,1. La Liga,638
0,33,6,0,Manuel Locatelli,137,12,14,9,13,Lecco,Italy,Sassuolo,1. Serie A,639
4,28,12,0,Josh Sargent,115,12,11,14,10,O'Fallon,Missouri,Werder Bremen,1. Bundesliga,640
1,21,8,0,Carles Pérez,131,10,14,13,8,Granollers,Spain,Roma,1. Serie A,641
1,14,6,0,Carles Pérez,131,10,14,13,8,Granollers,Spain,Barcelona,1. La Liga,642
0,0,0,0,Mark Flekken,119,16,10,1,10,Gemeente Kerkrade,Netherlands,Freiburg,1. Bundesliga,643
1,8,2,0,Jeremy Toljan,130,10,13,7,11,Stuttgart,Germany,Sassuolo,1. Serie A,644
0,0,0,0,Neto,152,16,9,3,15,Araxá,Brazil,Barcelona,1. La Liga,645
1,10,2,0,Niklas Stark,138,14,11,9,14,Neustadt an der Aisch,Germany,Hertha BSC,1. Bundesliga,646
0,6,3,0,Kike Barja,118,10,13,12,11,Noáin,Spain,Osasuna,1. La Liga,647
5,42,13,0,Davide Faraoni,129,12,12,10,12,Bracciano,Italy,Hellas Verona,1. Serie A,648
2,42,19,0,Christian Benteke,123,18,14,11,11,Kinshasa,Congo DR,Crystal Palace,1. Premier League,649
3,36,7,0,Miguel Veloso,129,12,15,9,13,Coimbra Municipality,Portugal,Hellas Verona,1. Serie A,650
4,59,21,0,Nathan Redmond,143,9,13,12,13,Birmingham,England,Southampton,1. Premier League,651
0,6,3,0,Arne Maier,130,13,15,10,12,Ludwigsfelde,Germany,Hertha BSC,1. Bundesliga,652
6,55,24,0,Luuk de Jong,136,14,13,14,13,Aigle,Switzerland,Sevilla,1. La Liga,653
10,67,30,1,Michail Antonio,134,16,13,12,9,Wandsworth,England,West Ham,1. Premier League,654
3,21,6,0,Nordi Mukiele,133,14,13,6,10,Montreuil,France,RB Leipzig,1. Bundesliga,655
0,4,0,0,Mattia Caldara,140,14,11,11,14,Bergamo,Italy,Atalanta,1. Serie A,656
0,8,1,0,Eric Dier,144,15,13,9,12,Cheltenham,England,Tottenham,1. Premier League,657
0,2,0,0,Benno Schmitz,121,11,12,7,13,Munich,Germany,Köln,1. Bundesliga,658
1,19,3,0,Vicente Iborra,142,16,12,12,13,Moncada,Spain,Villarreal,1. La Liga,659
0,0,0,0,Riccardo Calafiori,58,6,3,3,9,Rome,Italy,Roma,1. Serie A,660
1,15,6,0,Gerard Piqué,169,15,16,10,15,Barcelona,Spain,Barcelona,1. La Liga,661
3,21,6,0,Dani Olmo,152,10,16,13,14,Terrassa,Spain,RB Leipzig,1. Bundesliga,662
1,1,1,0,Julian Chabot,125,15,10,7,12,Hanau,Germany,Sampdoria,1. Serie A,663
1,9,4,0,Édgar Méndez,124,12,13,11,10,Arafo,Spain,Alavés,1. La Liga,664
5,41,23,0,Moussa Diaby,145,12,14,12,9,Paris,France,Leverkusen,1. Bundesliga,665
1,8,6,0,Sergio Escudero,140,13,13,9,12,Valladolid,Spain,Sevilla,1. La Liga,666
1,11,6,0,Rafael Czichos,125,15,11,10,13,Jeddah,Saudi Arabia,Köln,1. Bundesliga,667
8,72,22,0,Jack Grealish,163,14,16,15,11,Birmingham,England,Aston Villa,1. Premier League,668
11,109,40,1,Federico Chiesa,163,12,15,13,13,Genoa,Italy,Fiorentina,1. Serie A,669
0,14,3,0,Mikel Vesga,127,14,13,7,13,Vitoria-Gasteiz,Spain,Athletic Club,1. La Liga,670
3,35,10,0,Ilija Nestorovski,127,13,12,15,13,Prilep,North Macedonia,Udinese,1. Serie A,671
1,5,2,0,Ousmane Dembélé,159,10,17,12,9,Vernon,France,Barcelona,1. La Liga,672
1,4,1,0,Joël Matip,154,14,13,7,15,Bochum,Germany,Liverpool,1. Premier League,673
0,2,0,0,Jeison Murillo,135,14,11,8,10,Barranquilla,Colombia,Sampdoria,1. Serie A,674
1,9,6,0,Jeison Murillo,135,14,11,8,10,Barranquilla,Colombia,Celta Vigo,1. La Liga,675
1,12,5,0,Andros Townsend,134,11,13,9,12,Leytonstone,England,Crystal Palace,1. Premier League,676
4,61,17,0,Wilfried Zaha,154,12,15,13,9,Abidjan,Côte d'Ivoire,Crystal Palace,1. Premier League,677
0,0,0,0,Víctor Camarasa,135,13,14,11,12,Meliana,Spain,Crystal Palace,1. Premier League,678
0,8,2,0,Víctor Camarasa,135,13,14,11,12,Meliana,Spain,Alavés,1. La Liga,679
3,28,12,0,Nolito,139,10,15,14,14,Sanlúcar de Barrameda,Spain,Sevilla,1. La Liga,680
2,6,4,1,Nolito,139,10,15,14,14,Sanlúcar de Barrameda,Spain,Celta Vigo,1. La Liga,681
0,13,0,0,Dan Burn,127,14,11,9,12,Blyth,England,Brighton,1. Premier League,682
7,37,15,0,Suat Serdar,136,15,12,11,14,Bingen am Rhein,Germany,Schalke 04,1. Bundesliga,683
1,17,3,0,Takehiro Tomiyasu,132,14,13,8,14,Fukuoka,Japan,Bologna,1. Serie A,684
5,19,8,0,Timothy Chandler,127,14,11,7,14,Frankfurt am Main,Germany,Eint Frankfurt,1. Bundesliga,685
20,96,36,0,Raheem Sterling,174,12,15,14,14,Kingston,Jamaica,Manchester City,1. Premier League,686
15,75,27,7,Raúl García,124,12,10,9,14,Zizur Mayor/Zizur Nagusia,Spain,Athletic Club,1. La Liga,687
15,75,27,7,Raúl García,150,14,13,14,15,Zizur Mayor/Zizur Nagusia,Spain,Athletic Club,1. La Liga,688
2,20,2,0,Diego Carlos,144,17,12,7,14,Barra Bonita,Brazil,Sevilla,1. La Liga,689
12,61,35,1,Sebastian Andersson,129,17,10,13,16,Ängelholm,Sweden,Union Berlin,1. Bundesliga,690
2,23,9,0,Admir Mehmedi,133,11,14,12,10,Gostivar,North Macedonia,Wolfsburg,1. Bundesliga,691
17,114,39,4,Raúl Jiménez,147,13,13,15,14,Tepeji de Ocampo,Estado de Hidalgo,Wolves,1. Premier League,692
0,4,0,0,Lyanco,133,15,12,7,12,Vitória,Brazil,Torino,1. Serie A,693
1,3,2,0,Nemanja Radoja,137,13,13,10,16,Novi Sad,Serbia,Levante,1. La Liga,694
14,102,43,0,Gabriel Jesus,156,12,16,14,14,São Paulo,Brazil,Manchester City,1. Premier League,695
3,19,5,0,Chris Smalling,150,17,10,8,11,Greenwich,England,Roma,1. Serie A,696
3,29,10,0,Stefano Sensi,152,8,16,12,14,Urbino,Italy,Inter,1. Serie A,697
3,21,5,0,Marc Bartra,148,11,14,9,15,Sant Jaume dels Domenys,Spain,Betis,1. La Liga,698
2,28,5,0,Marvin Friedrich,123,14,10,5,12,Kassel,Germany,Union Berlin,1. Bundesliga,699
1,8,1,0,Víctor Laguardia,131,14,9,6,15,Zaragoza,Spain,Alavés,1. La Liga,700
1,8,2,0,Gabriel Paulista,147,15,12,8,14,Fortaleza,Brazil,Valencia,1. La Liga,701
2,6,3,0,Kevin Kampl,145,6,15,10,11,Solingen,Germany,RB Leipzig,1. Bundesliga,702
0,10,2,0,Marc Albrighton,135,9,13,12,16,Tamworth,England,Leicester City,1. Premier League,703
0,40,10,0,Fred,130,13,13,15,11,Belo Horizonte,Brazil,Manchester Utd,1. Premier League,704
3,50,11,0,Samuel Chukwueze,135,8,16,11,10,Umuahia,Nigeria,Villarreal,1. La Liga,705
0,6,3,0,Maxime Gonalons,140,15,13,5,12,Vénissieux,France,Granada,1. La Liga,706
2,17,7,0,Francesco Acerbi,157,17,12,9,16,Vizzolo Predabissi,Italy,Lazio,1. Serie A,707
3,18,6,0,N'Golo Kanté,165,13,14,10,15,Paris,France,Chelsea,1. Premier League,708
1,9,1,0,Danilo Cataldi,133,11,13,11,12,Rome,Italy,Lazio,1. Serie A,709
1,20,5,0,Damián Suárez,132,10,12,7,13,Montevideo,Uruguay,Getafe,1. La Liga,710
0,21,8,0,Solly March,130,8,14,9,12,Eastbourne,England,Brighton,1. Premier League,711
1,10,4,0,Diego Llorente,145,13,15,6,15,Madrid,Spain,Real Sociedad,1. La Liga,712
4,28,8,0,Cristian Ansaldi,143,12,14,11,13,Rosario,Argentina,Torino,1. Serie A,713
0,15,3,0,Christopher Lenz,105,11,11,8,13,Land Berlin,Germany,Union Berlin,1. Bundesliga,714
0,3,0,0,Sergi Gómez,138,14,14,8,13,Arenys De Mar,Spain,Sevilla,1. La Liga,715
1,13,4,0,Bukayo Saka,138,9,14,10,9,London,England,Arsenal,1. Premier League,716
0,5,1,0,Jonathan Tah,147,18,12,6,12,Hamburg,Germany,Leverkusen,1. Bundesliga,717
0,15,4,0,João Cancelo,158,12,16,11,10,Barreiro,Portugal,Manchester City,1. Premier League,718
0,2,2,0,Gonzalo Villar,120,10,15,8,9,Murcia,Spain,Roma,1. Serie A,719
0,8,3,0,Unai Núñez,143,14,10,8,15,Portugalete,Spain,Athletic Club,1. La Liga,720
0,0,0,0,Hannes Wolf,133,8,13,13,11,Graz,Austria,RB Leipzig,1. Bundesliga,721
0,3,0,0,Ashley Young,135,12,13,10,12,Stevenage,England,Manchester Utd,1. Premier League,722
4,15,9,0,Ashley Young,135,12,13,10,12,Stevenage,England,Inter,1. Serie A,723
1,42,11,0,Maximilian Eggestein,141,10,15,11,13,Hanover,Germany,Werder Bremen,1. Bundesliga,724
7,101,40,1,Nabil Fekir,153,14,17,15,13,Lyon,France,Betis,1. La Liga,725
4,55,25,0,Karim Bellarabi,146,11,15,10,10,Land Berlin,Germany,Leverkusen,1. Bundesliga,726
2,34,12,0,Roland Sallai,124,10,14,13,9,Budapest főváros,Hungary,Freiburg,1. Bundesliga,727
1,9,3,1,Amadou Diawara,144,13,14,7,12,Conakry,Guinea,Roma,1. Serie A,728
0,5,2,0,Ebrima Colley,102,10,13,11,10,Serrekunda,Gambia,Atalanta,1. Serie A,729
6,42,16,0,Federico Bonazzoli,120,12,13,13,11,Manerbio,Italy,Sampdoria,1. Serie A,730
1,20,3,0,Kortney Hause,125,15,11,6,11,London,England,Aston Villa,1. Premier League,731
5,28,13,0,Iker Muniain,154,8,16,11,11,Pamplona,Spain,Athletic Club,1. La Liga,732
0,13,3,0,Dani Ceballos,142,10,16,13,12,Utrera,Spain,Arsenal,1. Premier League,733
0,3,0,0,Ryan Fredericks,130,9,11,6,12,Potters Bar,England,West Ham,1. Premier League,734
2,52,15,0,Joelinton,130,15,13,12,12,Aliança,Brazil,Newcastle Utd,1. Premier League,735
2,10,6,0,Konrad Laimer,136,10,11,9,12,Salzburg,Austria,RB Leipzig,1. Bundesliga,736
4,29,9,0,Jonas Hector,142,10,12,8,16,Saarbrücken,Germany,Köln,1. Bundesliga,737
0,0,0,0,Jesús Vallejo,128,12,13,7,12,Zaragoza,Spain,Wolves,1. Premier League,738
0,1,0,0,Jesús Vallejo,128,12,13,7,12,Zaragoza,Spain,Granada,1. La Liga,739
1,25,5,0,Ellyes Skhiri,135,12,14,12,14,Lunel,France,Köln,1. Bundesliga,740
0,4,2,0,Matteo Gabbia,102,12,12,6,9,Busto Arsizio,Italy,Milan,1. Serie A,741
0,3,1,0,Lucas Hernández,151,12,13,7,15,Marseille,France,Bayern Munich,1. Bundesliga,742
3,16,7,0,Adam Webster,129,13,12,5,12,Chichester,England,Brighton,1. Premier League,743
16,82,35,4,Wout Weghorst,137,17,11,16,13,Gemeente Borne,Netherlands,Wolfsburg,1. Bundesliga,744
1,20,7,0,Andreas Skov Olsen,128,9,15,15,13,Hillerød,Denmark,Bologna,1. Serie A,745
2,27,11,0,Rafael Tolói,144,14,12,7,14,Glória d'Oeste,Brazil,Atalanta,1. Serie A,746
8,54,22,0,Callum Wilson,146,16,13,16,13,Coventry,England,Bournemouth,1. Premier League,747
0,4,2,0,Faouzi Ghoulam,144,13,14,9,13,Saint-Priest-en-Jarez,France,Napoli,1. Serie A,748
2,13,4,0,Michael Keane,137,14,13,8,12,Stockport,England,Everton,1. Premier League,749
0,0,0,0,Darko Churlinov,108,9,14,12,9,Skopje,North Macedonia,Köln,1. Bundesliga,750
0,11,2,0,Rúben Vezo,140,11,12,6,14,Setúbal,Portugal,Levante,1. La Liga,751
18,76,36,0,Sadio Mané,179,12,16,17,16,Sédhiou,Senegal,Liverpool,1. Premier League,752
4,17,8,0,Kostas Manolas,155,16,9,9,13,Naxos,Greece,Napoli,1. Serie A,753
0,55,7,0,Rolando Mandragora,135,13,13,10,13,Naples,Italy,Udinese,1. Serie A,754
7,46,18,0,Antonio Puertas,128,11,13,13,13,Benahadux,Spain,Granada,1. La Liga,755
0,1,0,0,Thierry Correia,126,9,13,6,13,Portugal,Portugal,Valencia,1. La Liga,756
2,19,6,0,Fabian Schär,134,15,12,10,11,Wil,Switzerland,Newcastle Utd,1. Premier League,757
1,14,5,0,Almamy Touré,130,14,13,8,11,Bamako Region,Mali,Eint Frankfurt,1. Bundesliga,758
5,34,18,0,Kelechi Iheanacho,133,14,13,16,12,Imo State,Nigeria,Leicester City,1. Premier League,759
3,42,19,0,Daniel James,138,6,12,9,12,Swansea,Wales,Manchester Utd,1. Premier League,760
1,17,3,0,Isaac Hayden,129,12,12,7,12,Chelmsford,England,Newcastle Utd,1. Premier League,761
0,24,8,0,Brais Méndez,136,9,16,13,11,Mos,Spain,Celta Vigo,1. La Liga,762
8,50,22,0,Lucas Höler,127,12,11,13,12,Achim,Germany,Freiburg,1. Bundesliga,763
3,12,6,0,Lukas Klostermann,137,14,11,9,12,Herdecke,Germany,RB Leipzig,1. Bundesliga,764
7,56,18,0,Enis Bardhi,136,8,15,12,13,Skopje,North Macedonia,Levante,1. La Liga,765
0,4,3,0,Maya Yoshida,127,14,12,8,11,Nagasaki-shi,Japan,Southampton,1. Premier League,766
0,5,1,0,Maya Yoshida,127,14,12,8,11,Nagasaki-shi,Japan,Sampdoria,1. Serie A,767
0,6,3,0,Hugo Mallo,146,14,12,9,16,Marín,Spain,Celta Vigo,1. La Liga,768
0,1,0,0,Darío Poveda,109,8,15,15,10,San Vicent del Raspeig,Spain,Atlético Madrid,1. La Liga,769
0,1,0,0,Charlie Taylor,130,12,13,9,13,York,England,Burnley,1. Premier League,770
2,12,7,0,Allan,159,16,14,10,15,Rio de Janeiro,Brazil,Napoli,1. Serie A,771
6,39,15,0,Leon Goretzka,150,13,15,12,12,Bochum,Germany,Bayern Munich,1. Bundesliga,772
1,17,4,0,Geoffrey Kondogbia,146,16,16,12,10,Nemours,France,Valencia,1. La Liga,773
1,2,2,0,Giangiacomo Magnani,122,15,10,7,13,Correggio,Italy,Sassuolo,1. Serie A,774
0,2,1,0,Giangiacomo Magnani,122,15,10,7,13,Correggio,Italy,Brescia,1. Serie A,775
4,44,13,0,Trent Alexander-Arnold,159,12,17,11,13,Liverpool,England,Liverpool,1. Premier League,776
1,15,4,0,André Hahn,134,14,11,14,14,Otterndorf,Germany,Augsburg,1. Bundesliga,777
4,34,17,0,Roberto Gagliardini,143,14,14,10,13,Bergamo,Italy,Inter,1. Serie A,778
0,15,5,0,Kurt Zouma,156,20,10,8,12,Lyon,France,Chelsea,1. Premier League,779
2,21,9,0,Danny Welbeck,138,14,14,13,12,Manchester,England,Watford,1. Premier League,780
8,39,18,1,Dele Alli,156,12,15,15,11,Milton Keynes,England,Tottenham,1. Premier League,781
0,29,6,0,James McArthur,132,12,12,13,13,Glasgow,Scotland,Crystal Palace,1. Premier League,782
0,13,3,0,Erik Durm,128,8,13,10,12,Pirmasens,Germany,Eint Frankfurt,1. Bundesliga,783
0,5,1,0,Ibrahima Mbaye,127,13,11,9,11,Guédiawaye,Senegal,Bologna,1. Serie A,784
0,12,5,0,Mason Holgate,136,14,14,6,10,Doncaster,England,Everton,1. Premier League,785
4,31,9,0,Karol Linetty,139,14,13,12,13,Żnin,Poland,Sampdoria,1. Serie A,786
1,8,2,0,Nélson Semedo,149,13,15,11,12,Lisbon,Portugal,Barcelona,1. La Liga,787
5,44,14,0,Mikel Merino,153,16,15,10,15,Pamplona,Spain,Real Sociedad,1. La Liga,788
4,20,6,0,Stefan de Vrij,160,16,14,10,13,Ouderkerk aan den IJssel,Netherlands,Inter,1. Serie A,789
0,4,1,0,Alex Ferrari,129,13,12,9,11,Province of Modena,Italy,Sampdoria,1. Serie A,790
0,0,0,0,Max Kilman,120,13,14,6,11,London,England,Wolves,1. Premier League,791
2,43,11,1,Daniel Caligiuri,144,13,12,11,13,Villingen-Schwenningen,Germany,Schalke 04,1. Bundesliga,792
0,9,3,0,Bastian Oczipka,132,15,12,7,12,Bergisch Gladbach,Germany,Schalke 04,1. Bundesliga,793
0,9,1,0,Nicola Murru,131,14,13,6,12,Cagliari,Italy,Sampdoria,1. Serie A,794
1,16,4,0,Morten Thorsby,127,16,9,11,13,Oslo,Norway,Sampdoria,1. Serie A,795
0,1,1,0,Mouctar Diakhaby,139,16,9,7,13,Vendôme,France,Valencia,1. La Liga,796
5,33,10,0,Yussuf Poulsen,143,16,11,11,14,Copenhagen,Denmark,RB Leipzig,1. Bundesliga,797
3,15,6,0,Ben Chilwell,146,12,13,7,13,Milton Keynes,England,Leicester City,1. Premier League,798
0,14,4,0,Dayot Upamecano,146,17,11,6,12,Évreux,France,RB Leipzig,1. Bundesliga,799
0,2,0,0,Leonardo Pavoletti,143,17,12,16,13,Livorno,Italy,Cagliari,1. Serie A,800
1,18,3,0,Pervis Estupiñán,120,12,11,6,9,Esmeraldas,Ecuador,Osasuna,1. La Liga,801
1,3,1,0,Christian Oliva,121,12,13,10,12,Uruguay,Uruguay,Cagliari,1. Serie A,802
0,5,1,0,Valon Behrami,129,13,12,7,15,Kosovska Mitrovica,Kosovo,Genoa,1. Serie A,803
18,87,35,1,Duván Zapata,154,18,13,18,13,Cali,Colombia,Atalanta,1. Serie A,804
3,42,15,0,Josip Brekalo,131,7,15,13,9,City of Zagreb,Croatia,Wolfsburg,1. Bundesliga,805
6,49,17,0,Theo Hernández,155,14,13,13,12,Marseille,France,Milan,1. Serie A,806
4,34,15,0,Matt Doherty,143,14,14,12,14,Dublin,Republic of Ireland,Wolves,1. Premier League,807
1,27,12,0,Ryan Fraser,142,13,12,14,10,Aberdeen,Scotland,Bournemouth,1. Premier League,808
22,90,40,2,Pierre-Emerick Aubameyang,165,12,14,17,14,Laval,France,Arsenal,1. Premier League,809
13,75,38,1,Florian Niederlechner,132,16,13,13,12,Ebersberg,Germany,Augsburg,1. Bundesliga,810
0,2,0,0,Kévin Malcuit,141,14,13,6,12,Châtenay-Malabry,France,Napoli,1. Serie A,811
4,18,9,0,Matthijs de Ligt,164,18,14,9,13,Leiderdorp,Netherlands,Juventus,1. Serie A,812
16,95,33,7,Andrea Belotti,151,17,12,16,14,Calcinate,Italy,Torino,1. Serie A,813
25,154,63,5,Lionel Messi,195,9,20,20,13,Rosario,Argentina,Barcelona,1. La Liga,814
9,37,22,0,Goran Pandev,128,12,17,13,14,Strumica,North Macedonia,Genoa,1. Serie A,815
7,72,19,5,Roberto Torres,136,11,15,11,14,Pamplona,Spain,Osasuna,1. La Liga,816
0,3,0,0,Martin Kelly,127,14,12,10,14,Whiston,England,Crystal Palace,1. Premier League,817
0,18,3,0,Giovani Lo Celso,157,11,16,11,13,Rosario,Argentina,Tottenham,1. Premier League,818
3,12,5,0,Alphonso Davies,152,10,13,9,10,Monrovia,Liberia,Bayern Munich,1. Bundesliga,819
0,1,0,0,Rob Holding,136,13,12,5,14,Tameside,England,Arsenal,1. Premier League,820
0,7,4,0,Mattia Destro,128,13,13,15,11,Ascoli Piceno,Italy,Genoa,1. Serie A,821
0,4,2,0,Mattia Destro,128,13,13,15,11,Ascoli Piceno,Italy,Bologna,1. Serie A,822
1,16,4,0,Daniel Wass,144,11,14,11,12,Gladsaxe Municipality,Denmark,Valencia,1. La Liga,823
2,27,9,0,Mattia Zaccagni,126,12,13,9,14,Cesena,Italy,Hellas Verona,1. Serie A,824
11,58,19,0,Willian José,148,17,15,15,11,Porto Calvo,Brazil,Real Sociedad,1. La Liga,825
1,32,8,0,Harry Maguire,150,17,13,8,13,Sheffield,England,Manchester Utd,1. Premier League,826
0,1,0,0,Diogo Dalot,132,10,14,7,12,Braga Municipality,Portugal,Manchester Utd,1. Premier League,827
0,4,0,0,Federico Ceccherini,128,14,11,8,14,Livorno,Italy,Fiorentina,1. Serie A,828
0,28,4,0,Fabio Depaoli,128,10,13,7,13,Riva del Garda,Italy,Sampdoria,1. Serie A,829
3,44,14,0,Giacomo Bonaventura,147,11,15,12,13,San Severino Marche,Italy,Milan,1. Serie A,830
9,56,24,0,Jordan Ayew,131,15,15,13,10,Marseille,France,Crystal Palace,1. Premier League,831
2,29,3,2,Marc Roca,145,12,14,9,14,Vilafranca del Penedès,Spain,Espanyol,1. La Liga,832
0,8,3,0,Davinson Sánchez,146,15,15,10,11,Caloto,Colombia,Tottenham,1. Premier League,833
0,15,4,0,Kalidou Koulibaly,167,19,13,10,9,Saint-Dié-des-Vosges,France,Napoli,1. Serie A,834
1,15,1,0,Ismaël Bennacer,142,12,15,8,13,Arles,France,Milan,1. Serie A,835
0,13,4,0,Mahmoud Dahoud,138,8,16,10,10,Amude,Syria,Dortmund,1. Bundesliga,836
3,17,11,0,Vitolo,149,14,14,13,13,Las Palmas,Spain,Atlético Madrid,1. La Liga,837
17,52,28,0,Jadon Sancho,155,8,17,14,10,London,England,Dortmund,1. Bundesliga,838
1,1,1,0,Florin Andone,130,13,14,14,14,Joldești,Romania,Brighton,1. Premier League,839
6,40,13,0,Álex Berenguer,138,8,14,12,11,Pamplona,Spain,Torino,1. Serie A,840
0,4,2,0,Diego Demme,140,12,12,6,14,Herford,Germany,RB Leipzig,1. Bundesliga,841
1,4,1,0,Diego Demme,140,12,12,6,14,Herford,Germany,Napoli,1. Serie A,842
0,16,7,0,Matheus Cunha,128,10,14,14,9,João Pessoa,Brazil,RB Leipzig,1. Bundesliga,843
6,35,15,0,Matheus Cunha,128,10,14,14,9,João Pessoa,Brazil,Hertha BSC,1. Bundesliga,844
1,12,2,0,Calum Chambers,139,14,13,9,13,Petersfield,England,Arsenal,1. Premier League,845
9,43,16,0,Henrikh Mkhitaryan,147,9,16,12,9,Yerevan,Armenia,Roma,1. Serie A,846
0,2,0,0,Henrikh Mkhitaryan,147,9,16,12,9,Yerevan,Armenia,Arsenal,1. Premier League,847
0,7,1,0,Neco Williams,97,7,12,9,9,Wales,United Kingdom,Liverpool,1. Premier League,848
6,29,10,0,Renato Steffen,132,7,13,13,10,Aarau,Switzerland,Wolfsburg,1. Bundesliga,849
1,17,6,0,Yannick Carrasco,153,11,17,13,12,Ixelles-Elsene,Belgium,Atlético Madrid,1. La Liga,850
0,7,1,0,Marvelous Nakamba,127,14,12,7,13,Hwange,Zimbabwe,Aston Villa,1. Premier League,851
31,196,67,12,Cristiano Ronaldo,195,16,17,19,16,Funchal,Portugal,Juventus,1. Serie A,852
0,6,2,0,William Carvalho,150,18,14,9,18,Luanda,Angola,Betis,1. La Liga,853
0,2,1,0,Phil Jones,138,16,13,6,10,Preston,England,Manchester Utd,1. Premier League,854
0,1,0,0,Billy Gilmour,105,6,15,9,12,Scotland,United Kingdom,Chelsea,1. Premier League,855
10,59,24,1,Dejan Kulusevski,152,14,16,13,13,Stockholm County,Sweden,Parma,1. Serie A,856
9,55,23,0,Antoine Griezmann,171,10,17,17,12,Mâcon,France,Barcelona,1. La Liga,857
1,24,5,1,Federico Santander,132,17,11,13,13,San Lorenzo,Paraguay,Bologna,1. Serie A,858
3,23,4,0,Emerson,143,13,14,7,12,São Paulo,Brazil,Betis,1. La Liga,859
3,23,4,0,Emerson,134,13,14,12,10,São Paulo,Brazil,Betis,1. La Liga,860
6,61,21,0,Erik Thommy,130,7,14,12,11,Ulm,Germany,Düsseldorf,1. Bundesliga,861
0,6,1,0,Andrea Masiello,138,14,12,6,15,Viareggio,Italy,Genoa,1. Serie A,862
0,0,0,0,Andrea Masiello,138,14,12,6,15,Viareggio,Italy,Atalanta,1. Serie A,863
5,30,14,0,Virgil van Dijk,180,17,14,8,17,Breda,Netherlands,Liverpool,1. Premier League,864
11,100,35,1,Paulo Dybala,168,12,19,15,9,Valladolid,Spain,Juventus,1. Serie A,865
1,50,7,0,Robert Andrich,127,14,11,8,14,Kreisfreie Stadt Potsdam,Germany,Union Berlin,1. Bundesliga,866
3,12,6,0,Sebastian Rode,133,13,12,8,14,Seeheim-Jugenheim,Germany,Eint Frankfurt,1. Bundesliga,867
8,90,25,0,Riccardo Orsolini,142,13,14,13,13,Ascoli Piceno,Italy,Bologna,1. Serie A,868
0,2,0,0,Stanislav Lobotka,144,7,15,7,15,Trenčín,Slovakia,Napoli,1. Serie A,869
0,7,2,0,Stanislav Lobotka,144,7,15,7,15,Trenčín,Slovakia,Celta Vigo,1. La Liga,870
0,2,0,0,Santiago Ascacíbar,136,13,11,7,14,La Plata,Argentina,Hertha BSC,1. Bundesliga,871
6,46,17,0,David Silva,174,8,19,12,15,La Playa de Arguineguín,Spain,Manchester City,1. Premier League,872
0,12,4,0,John Brooks,134,16,12,6,9,Land Berlin,Germany,Wolfsburg,1. Bundesliga,873
0,3,2,0,Noah Katterbach,115,9,13,9,12,Simmerath,Germany,Köln,1. Bundesliga,874
9,71,24,0,Marcel Sabitzer,148,10,13,15,12,Graz,Austria,RB Leipzig,1. Bundesliga,875
0,6,1,0,Niklas Süle,155,18,10,8,17,Frankfurt am Main,Germany,Bayern Munich,1. Bundesliga,876
0,6,0,0,Bram Nuytinck,128,16,11,6,14,Gemeente Heumen,Netherlands,Udinese,1. Serie A,877
19,130,56,3,Mohamed Salah,179,14,16,18,15,Basyūn,Egypt,Liverpool,1. Premier League,878
0,2,0,0,Raoul Bellanova,98,10,11,2,12,Rho,Italy,Atalanta,1. Serie A,879
0,4,1,0,Ainsley Maitland-Niles,142,12,14,8,11,London,England,Arsenal,1. Premier League,880
1,2,1,0,Merih Demiral,148,17,11,7,14,NULL,NULL,Juventus,1. Serie A,881
5,38,20,0,Achraf Hakimi,144,11,12,8,10,Getafe,Spain,Dortmund,1. Bundesliga,882
13,96,27,2,Kevin De Bruyne,188,13,17,16,15,Ghent,Belgium,Manchester City,1. Premier League,883
1,13,3,0,Taiwo Awoniyi,120,13,11,12,11,Ilorin,Nigeria,Mainz 05,1. Bundesliga,884
4,23,10,0,Dwight Gayle,126,12,13,14,12,Walthamstow,England,Newcastle Utd,1. Premier League,885
0,1,0,0,Nicolò Rovella,99,10,13,9,12,Segrate,Italy,Genoa,1. Serie A,886
0,1,0,0,Dean Henderson,140,12,11,2,13,Whitehaven,England,Sheffield Utd,1. Premier League,887
9,66,21,1,Musa Barrow,127,11,13,13,10,Banjul,Gambia,Bologna,1. Serie A,888
0,10,4,0,Musa Barrow,127,11,13,13,10,Banjul,Gambia,Atalanta,1. Serie A,889
3,24,6,0,Daniel Ginczek,135,15,12,15,12,Arnsberg,Germany,Wolfsburg,1. Bundesliga,890
1,11,3,0,Granit Xhaka,142,15,17,9,8,Basel,Switzerland,Arsenal,1. Premier League,891
2,23,9,0,Gonçalo Guedes,145,12,13,13,10,Benavente Municipality,Portugal,Valencia,1. La Liga,892
0,0,0,0,Gian-Luca Itter,120,7,13,7,9,Giessen,Germany,Freiburg,1. Bundesliga,893
0,22,6,0,Josuha Guilavogui,138,16,12,9,13,Ollioules,France,Wolfsburg,1. Bundesliga,894
0,23,5,0,Lorenzo De Silvestri,136,15,11,9,13,Rome,Italy,Torino,1. Serie A,895
2,34,4,0,Yangel Herrera,130,13,13,7,14,La Guaira,Venezuela,Granada,1. La Liga,896
0,4,0,0,Erick Cabaco,130,15,9,7,15,Montevideo,Uruguay,Levante,1. La Liga,897
0,1,0,0,Erick Cabaco,130,15,9,7,15,Montevideo,Uruguay,Getafe,1. La Liga,898
1,9,2,0,James Tomkins,134,14,10,4,11,Basildon,England,Crystal Palace,1. Premier League,899
6,27,11,1,Amine Harit,138,7,17,10,9,Pontoise,France,Schalke 04,1. Bundesliga,900
1,4,3,0,Florian Wirtz,128,9,14,12,8,Lövenich,Germany,Leverkusen,1. Bundesliga,901
0,5,0,0,Exequiel Palacios,140,10,15,9,12,Famaillá,Argentina,Leverkusen,1. Bundesliga,902
1,1,1,0,Giorgio Chiellini,168,18,8,5,17,Pisa,Italy,Juventus,1. Serie A,903
0,1,0,0,João Pedro,125,11,13,12,12,Ribeirão Preto,Brazil,Watford,1. Premier League,904
5,57,18,0,Kike,129,15,14,15,14,Motilla del Palancar,Spain,Eibar,1. La Liga,905
1,16,2,0,Milan Badelj,137,12,14,10,10,City of Zagreb,Croatia,Fiorentina,1. Serie A,906
1,12,3,0,Martín Cáceres,136,14,12,9,10,Montevideo,Uruguay,Fiorentina,1. Serie A,907
0,4,0,0,Ruben Loftus-Cheek,150,17,15,14,11,Lewisham,England,Chelsea,1. Premier League,908
0,3,1,0,Japhet Tanganga,122,14,12,7,12,England,United Kingdom,Tottenham,1. Premier League,909
0,0,0,0,Javi López,79,2,14,6,8,Santa Cruz de Tenerife,Spain,Alavés,1. La Liga,910
0,0,0,0,Javi López,105,9,14,11,12,Santa Cruz de Tenerife,Spain,Alavés,1. La Liga,911
0,0,0,0,Joel Pohjanpalo,123,15,11,16,16,Helsinki,Finland,Leverkusen,1. Bundesliga,912
0,7,3,0,Daniele Baselli,140,11,14,10,13,Manerbio,Italy,Torino,1. Serie A,913
1,32,9,0,Robin Koch,136,15,11,6,14,Kreisfreie Stadt Kaiserslautern,Germany,Freiburg,1. Bundesliga,914
0,5,1,0,Juan Miranda,125,11,13,9,11,Olivares,Spain,Schalke 04,1. Bundesliga,915
2,24,7,0,Nathan Aké,147,14,15,8,12,The Hague,Netherlands,Bournemouth,1. Premier League,916
18,72,34,6,Luis Muriel,146,13,16,14,12,Santo Tomás,Colombia,Atalanta,1. Serie A,917
0,9,2,0,Luis Rioja,124,9,13,12,11,Las Cabezas de San Juan,Spain,Alavés,1. La Liga,918
4,36,15,0,Georginio Wijnaldum,158,14,15,13,16,Rotterdam,Netherlands,Liverpool,1. Premier League,919
5,59,14,0,Rubén Rochina,136,10,16,13,12,Sagunto,Spain,Levante,1. La Liga,920
5,34,14,0,Phil Foden,152,8,17,14,14,Stockport,England,Manchester City,1. Premier League,921
1,14,4,0,Fran Beltrán,133,10,14,10,12,Madrid,Spain,Celta Vigo,1. La Liga,922
7,72,27,1,Darwin Machís,130,10,11,13,10,Tucupita,Venezuela,Granada,1. La Liga,923
1,16,3,0,Renan Lodi,144,12,15,12,13,Serrania,Brazil,Atlético Madrid,1. La Liga,924
7,69,16,2,Aleksandar Kolarov,150,15,13,13,14,Belgrade,Serbia,Roma,1. Serie A,925
1,9,2,0,Alexis Saelemaekers,118,8,15,7,12,Sint-Agatha-Berchem,Belgium,Milan,1. Serie A,926
6,74,18,0,James Maddison,151,8,16,14,12,Coventry,England,Leicester City,1. Premier League,927
11,96,29,5,Fabio Quagliarella,144,10,15,17,15,Castellammare di Stabia,Italy,Sampdoria,1. Serie A,928
1,51,9,0,Federico Bernardeschi,156,14,17,12,11,Carrara,Italy,Juventus,1. Serie A,929
0,12,4,0,Andrés Guardado,142,9,14,10,12,Guadalajara,Estado de Jalisco,Betis,1. La Liga,930
3,27,9,0,Aaron Ramsey,70,6,11,9,7,Caerphilly,Wales,Juventus,1. Serie A,931
3,27,9,0,Aaron Ramsey,154,12,17,12,14,Caerphilly,Wales,Juventus,1. Serie A,932
8,30,14,1,Samuel Di Carmine,123,13,13,14,15,Florence,Italy,Hellas Verona,1. Serie A,933
0,7,4,0,Riqui Puig,135,7,17,7,13,Matadepera,Spain,Barcelona,1. La Liga,934
0,0,0,0,Kévin Rodrigues,129,9,14,13,14,Bayonne,France,Real Sociedad,1. La Liga,935
1,23,8,0,Kévin Rodrigues,129,9,14,13,14,Bayonne,France,Leganés,1. La Liga,936
1,18,7,0,Tomás Rincón,140,15,12,5,15,San Cristóbal,Venezuela,Torino,1. Serie A,937
0,6,1,0,Koray Günter,126,14,12,7,13,Höxter,Germany,Hellas Verona,1. Serie A,938
2,16,6,0,Federico Fernández,128,15,9,7,12,Tres Algarrobos,Argentina,Newcastle Utd,1. Premier League,939
2,12,7,0,Naby Keïta,155,11,16,11,14,Conakry,Guinea,Liverpool,1. Premier League,940
4,38,21,0,Karim Onisiwo,127,14,12,12,11,Vienna,Austria,Mainz 05,1. Bundesliga,941
4,37,9,0,Che Adams,128,13,14,14,10,Leicester,England,Southampton,1. Premier League,942
0,6,0,0,Carlos Gruezo,130,12,13,8,11,Santo Domingo de los Colorados,Ecuador,Augsburg,1. Bundesliga,943
4,30,8,0,Marcos Alonso,144,15,14,14,12,Madrid,Spain,Chelsea,1. Premier League,944
0,0,0,0,Tariq Lamptey,138,6,11,8,12,England,United Kingdom,Chelsea,1. Premier League,945
0,2,0,0,Tariq Lamptey,138,6,11,8,12,England,United Kingdom,Brighton,1. Premier League,946
0,17,2,0,Albin Ekdal,136,12,15,10,16,Stockholm,Sweden,Sampdoria,1. Serie A,947
15,88,35,0,Tammy Abraham,150,13,14,16,12,Camberwell,England,Chelsea,1. Premier League,948
1,22,6,0,João Moutinho,153,10,17,10,15,Portimão Municipality,Portugal,Wolves,1. Premier League,949
1,6,1,0,Victor Lindelöf,150,13,14,7,14,Västerås,Sweden,Manchester Utd,1. Premier League,950
3,25,13,0,Franck Ribéry,150,8,18,14,13,Boulogne-sur-Mer,France,Fiorentina,1. Serie A,951
0,0,0,0,Yassine Bounou,136,14,5,3,15,Montreal,Québec,Sevilla,1. La Liga,952
0,10,2,0,Keven Schlotterbeck,114,14,11,8,10,Weinstadt,Germany,Union Berlin,1. Bundesliga,953
14,122,42,2,Lautaro Martínez,161,14,16,15,11,Bahía Blanca,Argentina,Inter,1. Serie A,954
0,6,0,0,Patric,131,13,11,5,10,Mula,Spain,Lazio,1. Serie A,955
1,11,2,0,Jóhann Berg Guðmundsson,132,12,12,11,11,Reykjavik,Iceland,Burnley,1. Premier League,956
0,4,0,0,Marvin Plattenhardt,134,12,13,8,12,Filderstadt,Germany,Hertha BSC,1. Bundesliga,957
0,8,1,0,Aritz Elustondo,140,13,13,11,14,San Sebastian,Spain,Real Sociedad,1. La Liga,958
0,1,0,0,Andrea Carboni,69,8,4,3,9,Sorgono,Italy,Cagliari,1. Serie A,959
0,9,2,0,Takumi Minamino,143,9,15,13,13,Izumisano-shi,Japan,Liverpool,1. Premier League,960
1,2,1,0,Jordan Torunarigha,126,13,12,8,9,Kreisfreie Stadt Chemnitz,Germany,Hertha BSC,1. Bundesliga,961
1,7,2,0,Héctor Bellerín,148,9,14,9,13,Barcelona,Spain,Arsenal,1. Premier League,962
6,57,23,2,Enes Ünal,124,12,15,15,10,Osmangazi,Turkey,Valladolid,1. La Liga,963
1,24,10,0,Jonny Evans,149,14,14,6,14,Belfast,Northern Ireland,Leicester City,1. Premier League,964
1,12,3,0,Jens Stryger Larsen,133,12,12,9,13,Sakskøbing,Denmark,Udinese,1. Serie A,965
11,55,20,1,Nils Petersen,134,13,10,17,17,Wernigerode,Germany,Freiburg,1. Bundesliga,966
4,63,18,0,Marco Richter,125,9,13,15,9,Friedberg,Germany,Augsburg,1. Bundesliga,967
0,11,1,0,Wendell,136,8,14,7,9,Fortaleza,Brazil,Leverkusen,1. Bundesliga,968
3,18,7,1,Alfreð Finnbogason,136,12,12,16,16,Reykjavik,Iceland,Augsburg,1. Bundesliga,969
13,91,31,0,Richarlison,146,15,14,14,12,Nova Venécia,Brazil,Everton,1. Premier League,970
1,6,1,0,Nico Schulz,143,13,11,9,14,Land Berlin,Germany,Dortmund,1. Bundesliga,971
1,14,2,0,Marius Wolf,140,10,12,11,12,Coburg,Germany,Hertha BSC,1. Bundesliga,972
0,14,1,0,Mario Gaspar,144,12,12,9,16,Novelda,Spain,Villarreal,1. La Liga,973
0,10,3,0,Aïssa Mandi,139,14,12,5,12,Châlons-en-Champagne,France,Betis,1. La Liga,974
0,0,0,0,Luke Thomas,85,7,10,8,8,Syston,England,Leicester City,1. Premier League,975
2,48,14,0,Dwight McNeil,133,10,13,11,13,Rochdale,England,Burnley,1. Premier League,976
1,11,2,0,Diego Godín,155,14,10,10,16,Rosario,Uruguay,Inter,1. Serie A,977
1,6,2,0,Kieran Tierney,145,11,12,11,14,Douglas,Isle of Man,Arsenal,1. Premier League,978
2,10,3,0,Lucas Vázquez,142,10,13,11,13,Curtis,Spain,Real Madrid,1. La Liga,979
0,8,2,0,Jan Thielmann,102,9,12,11,10,Fohren,Germany,Köln,1. Bundesliga,980
6,40,16,0,Martin Braithwaite,135,10,14,14,13,Esbjerg,Denmark,Leganés,1. La Liga,981
1,13,8,0,Martin Braithwaite,135,10,14,14,13,Esbjerg,Denmark,Barcelona,1. La Liga,982
0,6,2,0,Santiago Arias,140,12,13,6,12,Medellín,Colombia,Atlético Madrid,1. La Liga,983
11,57,20,0,Jeremie Boga,139,9,14,12,7,Marseille,France,Sassuolo,1. Serie A,984
0,3,0,0,Thomas Delaney,146,13,11,11,16,Frederiksberg,Denmark,Dortmund,1. Bundesliga,985
2,18,5,0,Carlos Soler,144,12,15,13,13,Valencia,Spain,Valencia,1. La Liga,986
12,58,25,1,Kai Havertz,153,12,17,13,10,Aachen,Germany,Leverkusen,1. Bundesliga,987
0,10,2,0,Ishak Belfodil,134,16,15,12,10,Mostaganem,Algeria,Hoffenheim,1. Bundesliga,988
4,14,3,3,Mark Noble,131,11,13,9,13,London,England,West Ham,1. Premier League,989
4,63,19,0,Robert Skov,143,10,14,14,12,Marbella,Spain,Hoffenheim,1. Bundesliga,990
4,50,19,1,Anwar El Ghazi,127,11,14,12,8,Barendrecht,Netherlands,Aston Villa,1. Premier League,991
0,17,1,0,Florian Grillitsch,138,11,14,12,10,Neunkirchen,Austria,Hoffenheim,1. Bundesliga,992
