id,player,ca,str,tec,fin,cnt
0,Marco Benassi,137,12,13,12,14
1,Nemanja Gudelj,136,14,13,10,13
2,Julian Ryerson,116,13,13,9,10
3,Ryan Bertrand,138,12,14,10,13
4,Weston McKennie,150,15,12,9,12
5,Ángel Correa,154,10,17,13,12
6,Jaime Mata,140,14,13,16,13
7,Marcos Llorente,147,15,13,7,13
8,Manuel Lazzari,149,8,13,8,13
9,Ezri Konsa,128,12,13,4,12
10,Simone Verdi,143,11,15,12,11
11,Kingsley Coman,153,10,14,11,11
12,Eddie Salcedo,118,10,13,12,11
13,Raphaël Guerreiro,148,7,14,10,14
14,Aleix Vidal,138,9,13,10,13
15,Youssef En-Nesyri,139,12,14,14,11
16,Youssef En-Nesyri,139,12,14,14,11
17,David Alaba,168,11,15,10,16
18,Iago,128,11,13,11,12
19,Christopher Trimmel,118,13,8,10,14
20,Mats Hummels,166,16,15,10,15
21,Franck Kessié,150,18,10,12,12
22,Jonathan Burkardt,115,9,12,14,8
23,Gaetano Castrovilli,140,11,15,13,13
24,Francesco Magnanelli,128,13,12,7,16
25,Danny Ings,150,14,14,16,14
26,Martin Hinteregger,134,16,9,7,11
27,Mattia Bani,127,15,12,8,12
28,Sergio Ramos,172,16,14,13,10
29,Jonathan Schmid,131,10,12,13,12
30,Denis Vavro,133,16,8,10,13
31,Andrea Pinamonti,128,11,13,14,9
32,Gianluigi Donnarumma,160,16,6,1,14
33,Gabriele Corbo,105,13,11,8,11
34,Kevin Lasagna,131,11,12,13,12
35,Federico Valverde,150,15,14,11,13
36,Carlos Bacca,135,14,13,16,14
37,Mitchell Dijks,134,18,13,7,12
38,Antonio Sanabria,127,12,15,14,9
39,Giorgos Kyriakopoulos,123,14,13,9,11
40,Juan Cuadrado,157,9,13,10,11
41,Denis Cheryshev,137,11,14,13,14
42,Roger Martí,138,12,12,16,14
43,Mohammed Salisu,115,13,9,8,9
44,Mário Rui,141,11,13,9,13
45,Santi Mina,141,11,11,15,14
46,Ansu Fati,148,9,16,14,13
47,Manu Vallejo,133,12,14,15,12
48,Dodi Lukebakio,138,11,14,13,8
49,Mehdi Bourabia,128,13,14,10,12
50,Alexander Schwolow,135,13,10,2,16
51,Alex Sandro,162,16,16,12,11
52,Sandro Tonali,134,13,14,8,13
53,Lucas Torró,123,15,11,7,14
54,Philippe Coutinho,165,8,19,14,12
55,Dominik Kohr,130,15,10,7,14
56,Claudio Bravo,125,9,13,8,12
57,Fernandinho,165,14,16,11,18
58,Jeffrey Gouweleeuw,133,12,13,8,11
59,Alessandro Schöpf,141,7,13,11,12
60,Ethan Ampadu,126,12,12,6,11
61,Rogério,131,11,13,7,14
62,Fabian Delph,135,15,12,12,13
63,Aymeric Laporte,170,14,15,8,17
64,Alberto Moreno,138,13,14,5,10
65,Omar Mascarell,135,13,15,8,12
66,Davie Selke,135,14,11,13,13
67,Davie Selke,135,14,11,13,13
68,Reece James,141,15,13,7,14
69,Mert Müldür,128,13,12,8,13
70,Álvaro Morata,155,12,15,13,12
71,Denis Suárez,142,11,16,12,11
72,Samu Castillejo,141,7,15,11,12
73,Jérôme Roussillon,139,14,11,11,14
74,Giuseppe Pezzella,124,12,10,6,13
75,Giuseppe Pezzella,124,12,10,6,13
76,Daniele Rugani,143,15,12,9,13
77,Daichi Kamada,126,7,15,12,10
78,Luiz Felipe,142,15,12,5,11
79,James Tarkowski,136,12,12,8,14
80,Callum Hudson-Odoi,145,10,15,9,11
81,Rodrigo De Paul,148,10,16,12,11
82,Bryan Cristante,146,14,14,13,13
83,Takefusa Kubo,125,8,15,13,13
84,Olivier Giroud,150,18,14,15,14
85,Riccardo Gagliolo,134,15,8,9,13
86,David Timor,125,13,15,12,11
87,Ken Sema,130,15,13,10,12
88,Diogo Jota,147,9,14,15,10
89,Thibaut Courtois,162,13,13,2,14
90,Cengiz Ünder,144,6,15,12,12
91,Joseph Aidoo,131,15,11,4,13
92,Antonio Rüdiger,156,18,11,7,12
93,Jannik Vestergaard,128,18,10,7,12
94,André Gomes,146,14,17,11,11
95,Timothy Castagne,142,11,13,10,14
96,Rubén Sobrino,128,13,11,14,13
97,Rodrigo Becão,132,13,9,6,16
98,Phil Bardsley,123,14,11,9,15
99,Lucas Digne,149,13,15,8,12
100,Frenkie de Jong,164,10,16,10,15
101,Portu,144,11,14,14,14
102,Christian Pulisic,150,7,15,13,10
103,Declan Rice,138,13,12,9,13
104,Roberto Piccoli,98,13,10,12,6
105,Andreas Christensen,147,11,13,9,13
106,Paulo Otávio,117,10,12,8,11
107,Bosko Sutalo,107,11,12,6,12
108,Álvaro Odriozola,154,12,15,9,14
109,Álvaro Odriozola,154,12,15,9,14
110,Kevin Vogt,139,16,11,7,13
111,Kevin Vogt,139,16,11,7,13
112,Marc Cucurella,139,11,13,8,13
113,Jakub Jankto,131,10,12,12,12
114,Theo Walcott,131,9,14,11,12
115,Erik Pieters,128,12,14,7,14
116,Rubén Peña,138,9,12,9,12
117,Erling Haaland,166,17,14,18,13
118,Rodrigo,154,12,16,13,9
119,Melayro Bogarde,82,10,12,8,8
120,Rubén Duarte,129,11,12,7,13
121,Mikel Balenziaga,133,13,11,5,14
122,Willi Orban,138,13,10,8,15
123,Ander Barrenetxea,137,13,15,12,14
124,Rafael Leão,148,14,15,13,10
125,Nicolás Domínguez,135,11,15,12,14
126,Davide Calabria,139,10,12,6,11
127,Kieran Trippier,142,12,14,8,12
128,Sebastian Walukiewicz,113,14,10,5,12
129,Lazar Samardzic,95,6,12,10,7
130,Harry Kane,183,14,16,19,15
131,Aihen Muñoz,133,10,13,6,12
132,Amin Younes,136,5,15,12,11
133,Sargis Adamyan,131,10,13,13,10
134,Sergio Córdova,121,14,13,11,9
135,Giovanni Di Lorenzo,143,13,11,12,13
136,Stefano Sturaro,134,15,10,9,10
137,Dani García,145,14,12,8,16
138,Ola Aina,138,11,12,6,11
139,Ezequiel Ávila,141,11,15,15,9
140,Moussa Djenepo,130,12,13,7,12
141,Manuel Gulde,125,12,11,5,16
142,Ashley Barnes,135,15,13,14,14
143,Walace,125,17,11,7,12
144,Manuel Lanzini,132,8,16,12,10
145,Marcus Ingvartsen,120,13,13,14,12
146,Éder Militão,150,13,12,8,13
147,Néstor Araujo,140,13,13,5,15
148,Aaron Connolly,120,14,12,14,13
149,Lewis Dunk,139,14,13,6,13
150,Conor Coady,138,13,15,9,15
151,Nacho,137,11,10,9,14
152,Nacho,150,14,10,10,15
153,Juan Mata,135,8,19,14,12
154,Pere Pons,129,10,11,7,15
155,Joan Jordán,142,12,14,10,14
156,Marten de Roon,146,13,13,9,14
157,Lukas Kübler,122,12,9,6,15
158,Moussa Sissoko,149,16,12,11,14
159,Tyler Adams,130,11,13,9,10
160,Allan Saint-Maximin,144,13,15,10,12
161,Lucas Moura,148,9,14,13,12
162,Ciaran Clark,127,14,11,8,13
163,Axel Tuanzebe,138,14,13,5,12
164,Eric García,135,12,13,7,15
165,Ronald Araújo,149,16,14,7,14
166,Jamal Musiala,126,11,15,13,11
167,Alexis Sánchez,151,9,17,14,13
168,Jerdy Schouten,121,10,13,9,12
169,Ozan Kabak,129,16,11,5,11
170,Robin Gosens,144,12,13,11,13
171,Jérôme Boateng,156,17,13,6,13
172,Andrew Robertson,157,12,13,4,15
173,Marwin Hitz,136,15,10,2,16
174,Elseid Hysaj,141,14,12,4,13
175,Aarón Martín,134,9,12,7,13
176,Lorenzo Insigne,161,5,17,13,11
177,Harry Winks,145,11,15,10,13
178,James Milner,154,15,14,11,16
179,Alphonse Areola,150,17,10,3,15
180,Antonio Mirante,132,13,7,3,15
181,José Ángel,127,12,13,8,9
182,Philipp Lienhart,125,12,10,6,16
183,Angeliño,137,9,13,9,12
184,Mitchell Weiser,138,8,13,10,10
185,Sergi Guardiola,134,14,13,15,13
186,Cristiano Piccini,137,13,14,9,13
187,Morgan Gibbs-White,125,9,15,11,10
188,Jeffrey Schlupp,127,13,10,11,9
189,Sergio Reguilón,145,12,13,10,14
190,Sergi Roberto,160,11,15,10,14
191,Karim Rekik,132,16,12,7,10
192,Carlos Clerc,132,12,13,7,13
193,Valerio Verre,125,11,14,12,13
194,Giovanni Simeone,140,13,12,14,13
195,Nico Schlotterbeck,117,12,12,6,12
196,Guido Rodríguez,145,12,14,6,13
197,James Ward-Prowse,140,10,15,12,13
198,Antonio Candreva,145,11,16,11,12
199,Domenico Criscito,135,9,14,7,12
200,Víctor Díaz,130,13,10,7,15
201,Javi Martínez,102,11,13,10,12
202,Javi Martínez,149,16,14,11,15
203,Marco Reus,167,8,13,17,14
204,Jonjo Shelvey,132,14,15,11,12
205,Álex Remiro,136,11,12,2,12
206,Hugo Duro,110,9,15,11,7
207,Ander Capa,140,13,12,10,13
208,Dennis Geiger,130,7,15,8,11
209,Alex Oxlade-Chamberlain,154,14,16,12,14
210,Leandro Trossard,135,9,15,12,13
211,Gonzalo Melero,130,12,13,12,12
212,Gerard Deulofeu,145,9,17,11,11
213,Leon Bailey,151,9,15,13,10
214,Ross Barkley,147,18,16,12,11
215,Nacho Vidal,128,11,12,8,13
216,Hans Hateboer,143,15,12,10,13
217,Luca Pellegrini,134,13,13,8,13
218,Rodrigo Bentancur,156,14,15,12,14
219,Edimilson Fernandes,136,13,15,8,12
220,Thomas Müller,160,10,12,15,18
221,Pedro,151,7,14,15,13
222,Tommaso Augello,114,12,12,8,10
223,Ferland Mendy,148,15,14,5,11
224,David García,123,14,11,6,14
225,Harvey Barnes,140,12,14,11,9
226,Alessio Romagnoli,156,15,13,8,14
227,Bernardo Silva,173,7,18,16,14
228,Martín Zubimendi,138,13,15,9,15
229,Fredrik Jensen,117,11,14,13,10
230,Samuel Umtiti,159,15,14,6,16
231,André Silva,75,7,12,8,9
232,André Silva,141,12,13,14,15
233,André Silva,75,7,12,8,9
234,André Silva,141,12,13,14,15
235,Jesús Navas,153,8,13,9,14
236,Shkodran Mustafi,137,15,12,9,10
237,Gonzalo Escalante,140,12,12,10,15
238,Iñigo Martínez,152,15,15,8,14
239,Brahim Díaz,126,8,14,13,10
240,Jan Bednarek,134,14,13,7,14
241,Mathías Olivera,118,12,12,11,14
242,Fernando,136,12,16,10,10
243,Christoph Baumgartner,120,9,15,13,10
244,Divock Origi,149,15,15,13,13
245,Jorge Molina,132,15,12,16,15
246,Jon Pacheco,86,8,7,4,8
247,Ridle Baku,121,10,12,12,10
248,Ciro Immobile,159,12,13,19,13
249,Andrea Favilli,119,16,13,13,11
250,Demarai Gray,136,9,13,10,10
251,Ben Davies,122,12,13,6,10
252,Ben Davies,140,14,13,8,11
253,Matías Vecino,145,14,14,11,15
254,Rúben Neves,150,11,16,9,15
255,Danilo D'Ambrosio,145,12,12,9,12
256,Jamaal Lascelles,132,16,10,5,13
257,Mathew Ryan,131,10,12,1,12
258,Jamie Vardy,160,13,15,18,16
259,Benjamin Pavard,148,13,14,7,12
260,Marco Asensio,151,11,18,16,10
261,Joaquín Correa,154,12,16,12,11
262,Jorginho,158,11,16,10,15
263,Dimitri Foulquier,123,13,12,9,12
264,Dimitri Foulquier,123,13,12,9,12
265,Jordi Alba,161,9,15,13,12
266,Erick Pulgar,141,13,14,12,12
267,Kevin Agudelo,120,13,14,12,12
268,Kevin Agudelo,120,13,14,12,12
269,Josh Brownhill,125,11,12,8,12
270,Adnan Januzaj,147,7,17,13,13
271,Sergio Postigo,131,15,9,5,15
272,Jordan Pickford,146,13,14,1,14
273,Antonio Barragán,125,13,12,6,12
274,Ruslan Malinovskyi,141,13,15,12,13
275,Pablo Piatti,126,9,14,13,10
276,Joshua Kimmich,171,13,15,11,14
277,Kevin Mbabu,141,14,11,6,11
278,Dani Carvajal,156,12,12,8,13
279,Ashley Westwood,132,8,14,9,15
280,Timo Werner,156,12,11,16,12
281,Jordan Veretout,146,12,14,12,12
282,Lorenzo Pellegrini,155,11,16,10,13
283,Unai García,128,13,9,7,14
284,Jay Rodriguez,132,13,13,14,11
285,Edoardo Goldaniga,122,13,11,5,11
286,Amir Rrahmani,130,15,9,7,14
287,Oriol Romeu,131,16,14,9,15
288,Neal Maupay,132,14,14,15,13
289,Raúl Albiol,148,15,12,9,13
290,Maxi Gómez,149,17,11,16,17
291,Roberto Firmino,168,14,18,13,15
292,Justin Kluivert,142,8,16,11,10
293,Joaquín,119,9,11,6,13
294,Joaquín,140,10,16,12,11
295,Djibril Sow,135,11,14,9,11
296,Lucas Leiva,152,13,14,11,14
297,Sergio Agüero,178,13,18,17,15
298,Jules Koundé,152,14,13,8,15
299,Casemiro,160,17,13,10,15
300,Thomas Lemar,150,9,17,12,12
301,Suso,149,8,17,13,9
302,Suso,149,8,17,13,9
303,Chris Wood,134,15,12,13,13
304,Clément Lenglet,156,15,13,8,16
305,Federico Peluso,128,14,10,5,13
306,Aaron Cresswell,131,10,13,8,13
307,Curtis Jones,131,11,15,13,12
308,Bruno Fernandes,165,12,16,15,14
309,Thorgan Hazard,147,7,15,13,10
310,Jean-Philippe Mateta,135,16,12,16,11
311,Felipe,152,16,12,8,15
312,Lucas Torreira,145,9,14,8,14
313,Benjamin Mendy,150,17,13,8,12
314,Alfred Duncan,137,15,12,9,14
315,Alfred Duncan,137,15,12,9,14
316,Luis Alberto,156,10,17,15,14
317,Thomas Partey,151,15,13,11,14
318,Leonardo Bonucci,167,15,13,10,15
319,Paulinho,130,10,16,10,12
320,Pau Torres,154,16,12,5,15
321,Andrea Ranocchia,133,14,10,10,9
322,Domenico Berardi,144,10,15,14,10
323,Kasper Schmeichel,150,10,10,3,12
324,César Azpilicueta,150,9,13,6,15
325,Ádám Szalai,131,16,12,13,12
326,Kerem Demirbay,145,10,16,13,10
327,Vincenzo Grifo,135,9,15,13,10
328,Vincenzo Grifo,135,9,15,13,10
329,Gianluca Caprari,131,10,15,12,9
330,Gianluca Caprari,131,10,15,12,9
331,Koke,163,12,14,12,17
332,Nadiem Amiri,135,10,14,11,9
333,Mario Hermoso,149,14,12,5,15
334,Gary Medel,135,13,12,7,10
335,Charles Aránguiz,150,10,15,11,14
336,Youri Tielemans,154,10,16,12,12
337,Asier Villalibre,125,15,12,14,12
338,Arthur Masuaku,129,11,14,7,11
339,Nicolas Pépé,151,12,15,14,12
340,Mads Pedersen,119,6,12,5,13
341,Mauro Arambarri,134,13,13,10,15
342,Mason Greenwood,140,12,15,16,12
343,Iñigo Lekue,130,13,12,6,11
344,Rani Khedira,127,15,11,7,15
345,Dominic Calvert-Lewin,136,15,13,14,11
346,Sofyan Amrabat,133,12,14,8,13
347,Kevin Long,126,17,11,6,14
348,Moi Gómez,136,11,17,12,12
349,Leander Dendoncker,140,12,11,11,15
350,Gianluca Mancini,148,14,12,11,14
351,Juraj Kucka,136,15,12,8,13
352,Sergio Busquets,165,13,16,9,18
353,Francesco Caputo,136,12,14,17,13
354,Serge Aurier,140,14,12,10,12
355,Lukáš Haraslín,119,11,13,10,10
356,Robin Zentner,123,18,8,1,10
357,Mariano,147,14,12,17,12
358,Igor Zubeldia,145,14,15,12,13
359,Rubén García,138,11,15,13,12
360,Tyrick Mitchell,106,7,12,6,9
361,Tanguy Ndombele,145,16,15,7,12
362,Asier Illarramendi,150,14,15,11,16
363,Martín Montoya,130,12,12,8,11
364,Patrik Schick,140,13,16,15,10
365,Nicolas Höfler,128,11,14,7,17
366,Danny da Costa,133,14,11,7,12
367,Axel Witsel,159,14,15,10,17
368,Matteo Politano,149,9,14,13,12
369,Matteo Politano,149,9,14,13,12
370,Romelu Lukaku,172,20,14,17,14
371,Ibrahima Konaté,134,17,12,7,13
372,John Stones,156,13,14,8,13
373,Matteo Lovato,91,9,4,5,8
374,Stefano Okaka,132,18,12,14,12
375,Marcelo,151,11,18,13,12
376,José Campaña,145,10,16,10,15
377,Joselu,130,15,12,13,12
378,Raphael Framberger,119,10,10,7,13
379,Yannick Gerhardt,133,13,13,9,10
380,Jean-Paul Boëtius,132,9,14,11,10
381,Alfonso Pedraza,134,12,12,11,13
382,Xherdan Shaqiri,149,13,15,13,12
383,Rodri,155,13,14,7,15
384,Davide Biraschi,131,17,9,5,12
385,Borja Mayoral,136,11,14,15,12
386,Corentin Tolisso,152,15,14,13,12
387,Andreas Pereira,133,7,16,10,11
388,Miguel,84,4,3,6,10
389,Arturo Vidal,158,13,15,12,16
390,Nicolò Barella,163,14,14,11,17
391,Julian Baumgartlinger,137,15,11,7,17
392,Pedro Bigas,133,14,11,9,14
393,Dominique Heintz,132,15,10,7,14
394,Iñaki Williams,154,12,14,14,13
395,Ryan Sessegnon,129,8,13,12,12
396,Jack Stephens,132,14,13,7,13
397,Wilfred Ndidi,150,14,13,7,13
398,Robin Knoche,132,14,10,7,17
399,Jean-Philippe Gbamin,140,16,11,8,13
400,Yves Bissouma,127,14,13,12,12
401,Milot Rashica,140,8,13,13,11
402,Juan Foyth,136,13,15,8,11
403,Carles Aleñá,133,11,16,12,13
404,Carles Aleñá,133,11,16,12,13
405,Alex Iwobi,144,13,15,12,12
406,Håvard Nordtveit,127,14,10,7,16
407,Alberto Grassi,127,12,13,7,12
408,Toni Kroos,162,14,16,13,14
409,Yerry Mina,140,16,11,7,12
410,Coke,136,10,12,11,16
411,Giacomo Raspadori,114,8,13,14,11
412,Florian Lejeune,131,15,11,7,12
413,Kevin Akpoguma,131,14,11,10,12
414,Ruben Vargas,129,8,14,12,9
415,Berat Djimsiti,140,16,11,7,13
416,Marc-André ter Stegen,170,15,14,1,12
417,Andoni Gorosabel,125,12,13,9,11
418,Douglas Luiz,137,13,14,12,12
419,Eduard Löwen,128,16,13,9,11
420,Eduard Löwen,128,16,13,9,11
421,Karim Benzema,174,14,18,16,12
422,Janik Haberer,133,10,12,10,10
423,Ángel Montoro,126,13,12,7,14
424,Paolo Ghiglione,126,13,11,10,13
425,Matt Ritchie,130,11,12,13,12
426,Niko Gießelmann,124,10,12,9,12
427,Cristian Tello,140,8,14,12,12
428,Daley Sinkgraven,129,9,14,9,11
429,Angelo Ogbonna,132,15,12,4,13
430,Jack Cork,136,12,12,10,14
431,Borja Iglesias,146,16,12,15,14
432,Ricardo Pereira,150,10,14,11,12
433,Alessandro Bastoni,151,15,13,8,13
434,Kingsley Ehizibue,124,12,11,8,9
435,Emil Krafth,126,13,13,7,12
436,Matteo Pessina,126,12,14,8,13
437,José Callejón,153,11,15,13,14
438,Juan Jesus,134,17,11,6,8
439,Tim Lemperle,86,7,9,10,7
440,Martin Ødegaard,148,12,16,6,12
441,Emiliano Martínez,140,13,10,2,14
442,Rui Patrício,153,15,10,3,14
443,Jarrod Bowen,135,7,12,15,10
444,Ondrej Duda,138,9,16,13,10
445,Ondrej Duda,138,9,16,13,10
446,Joe Gomez,154,15,14,5,14
447,Alisson,174,14,13,1,15
448,Quini,118,10,11,9,11
449,Adama Soumaoro,125,17,10,6,14
450,Ademola Lookman,136,9,14,13,11
451,Dedryck Boyata,136,16,9,8,14
452,Christopher Nkunku,135,10,14,11,10
453,Hamza Choudhury,138,12,12,6,12
454,Luca Ceppitelli,131,14,7,9,14
455,Iago Aspas,155,7,16,16,12
456,Nicola Sansone,137,8,15,11,13
457,Gastón Pereiro,131,12,16,14,9
458,William Troost-Ekong,132,15,12,5,14
459,Fikayo Tomori,150,15,11,10,13
460,Chema,130,14,11,9,12
461,Fabinho,160,15,14,8,15
462,Jorge Miramón,130,10,14,7,12
463,Stefan Posch,132,12,11,6,12
464,Daniel Podence,130,5,17,8,9
465,Davide Zappacosta,141,13,13,9,13
466,Daniel Maldini,87,6,15,11,10
467,Jaume Costa,141,10,12,7,13
468,Sebastian Rudy,144,10,14,8,14
469,Jesse Lingard,141,8,14,12,12
470,João Pedro,125,11,13,12,12
471,Ayoze Pérez,141,9,14,14,12
472,Gerard Moreno,146,12,13,16,14
473,Pablo Fornals,142,11,15,12,12
474,Lucas Alario,134,13,12,16,14
475,Tyrone Mings,135,15,13,6,12
476,Alexis Mac Allister,134,12,15,13,12
477,Juanmi,140,5,15,14,13
478,Stefan Ilsanker,130,15,10,6,15
479,Stefan Ilsanker,130,15,10,6,15
480,Andriy Yarmolenko,138,13,16,14,14
481,Germán Valera,75,6,9,11,7
482,Grégoire Defrel,134,11,13,14,12
483,Christian Günter,132,12,11,7,12
484,Kostas Stafylidis,128,14,12,10,10
485,Miguel Almirón,144,9,13,10,12
486,Gian Marco Ferrari,134,16,12,9,14
487,Dennis Praet,140,10,16,11,18
488,Paul Pogba,169,17,19,14,9
489,Kyle Walker,151,15,13,7,13
490,Maximilian Arnold,142,10,14,12,12
491,Mamadou Sakho,143,17,9,7,11
492,Adrien Rabiot,154,14,15,12,13
493,Unai López,134,10,16,12,12
494,Javier Pastore,143,11,19,13,11
495,Maximilian Mittelstädt,127,10,13,6,9
496,Serge Gnabry,165,13,14,15,12
497,Riyad Mahrez,153,8,17,16,13
498,Armando Izzo,146,13,12,9,14
499,Manuel Akanji,144,16,12,6,11
500,Dries Mertens,155,8,16,17,12
501,Danny Rose,143,14,13,11,13
502,Danny Rose,143,14,13,11,13
503,Joel Ward,127,13,11,5,13
504,João Félix,159,9,18,15,13
505,Marvin Zeegelaar,128,14,14,7,13
506,Pascal Groß,136,12,15,12,14
507,Wilfried Singo,132,15,12,8,13
508,Tachi,107,10,9,4,10
509,Reece Oxford,122,12,12,9,11
510,Anthony Martial,155,13,16,16,12
511,Simon Kjær,139,15,10,7,13
512,Simon Kjær,139,15,10,7,13
513,Omar Colley,132,17,10,6,13
514,Lucien Agoume,100,14,13,8,12
515,Mato Jajalo,128,14,15,10,15
516,Germán Pezzella,143,14,10,8,14
517,Lorenzo Tonelli,129,14,8,9,13
518,Cheikhou Kouyaté,132,16,12,12,13
519,Carlos Neva,121,8,13,8,13
520,Robert Lewandowski,184,16,16,19,15
521,Adrien Tameze,130,15,12,8,15
522,Ximo Navarro,124,11,11,9,13
523,Ben Mee,132,15,9,6,14
524,Toni Lato,120,8,13,5,12
525,Michael Gregoritsch,135,14,14,17,9
526,Michael Gregoritsch,135,14,14,17,9
527,Ander Guevara,128,9,13,10,13
528,Alexander Isak,150,12,16,14,11
529,Sheraldo Becker,116,10,12,9,9
530,Xaver Schlager,136,11,14,10,10
531,Ante Budimir,124,18,11,13,13
532,Rodrygo,130,12,15,14,14
533,Manolo Gabbiadini,135,13,14,14,13
534,Guido Carrillo,133,15,12,11,14
535,Andrea Conti,139,12,13,10,13
536,Jerry St. Juste,126,11,13,11,11
537,Jason,136,9,15,13,11
538,Jetro Willems,130,13,14,8,9
539,Paolo Faragò,128,13,13,11,14
540,John McGinn,139,15,15,13,11
541,Raúl Moro,91,6,12,11,9
542,José Luis Palomino,143,14,11,5,15
543,Tom Davies,131,11,14,11,14
544,Amadou Haidara,134,12,15,10,11
545,Grischa Prömel,119,14,11,10,14
546,Lukas Klünter,127,10,11,8,12
547,Mattias Svanberg,124,11,14,11,12
548,Domingos Duarte,138,15,11,9,15
549,Koffi Djidji,132,14,11,6,14
550,Jordan Henderson,158,14,14,9,15
551,Felipe Caicedo,141,17,13,14,13
552,Nicolas Nkoulou,144,15,12,6,12
553,Riccardo Sottil,124,10,12,12,10
554,Danilo,130,14,10,10,13
555,Danilo,151,14,13,12,13
556,Florian Kainz,128,7,13,12,12
557,Jacopo Da Riva,85,6,14,9,6
558,Simone Zaza,137,14,14,14,12
559,Nahitan Nández,136,15,12,12,14
560,Gonçalo Paciência,131,15,14,12,11
561,Manu Trigueros,138,8,15,10,13
562,Mason Mount,144,9,15,14,12
563,Matteo Darmian,137,14,13,7,13
564,Federico Dimarco,123,11,12,10,10
565,Federico Dimarco,123,11,12,10,10
566,Stuart Armstrong,135,12,15,15,10
567,Allan Nyom,133,17,12,6,10
568,Lorenzo Venuti,126,12,12,6,13
569,Kyle Walker-Peters,133,11,13,10,11
570,Kyle Walker-Peters,133,11,13,10,11
571,Jeff Hendrick,130,12,14,12,14
572,Remo Freuler,146,11,14,10,13
573,Nicolò Zaniolo,151,15,15,14,13
574,Jon Moncayola,115,11,13,6,13
575,Sebastiano Luperto,131,14,11,8,13
576,Adam Lallana,149,9,18,8,14
577,Anthony Ujah,124,15,10,13,14
578,John Guidetti,124,15,16,13,10
579,Benjamin Hübner,136,16,10,7,15
580,Adama Traoré,150,15,13,8,8
581,Emil Forsberg,142,10,15,13,11
582,Robin Le Normand,129,14,12,7,12
583,Makoto Hasebe,135,10,13,7,17
584,Luke Shaw,138,15,14,8,14
585,Roberto Soriano,139,13,16,12,13
586,Roberto Soldado,129,11,14,15,14
587,Alexandre Lacazette,158,14,15,16,14
588,Keinan Davis,108,14,10,12,10
589,Cristiano Biraghi,139,13,13,8,12
590,Aaron Wan-Bissaka,144,12,13,5,14
591,Raphaël Varane,165,15,14,6,15
592,Jorge Meré,130,12,11,7,11
593,Romain Saïss,131,14,13,8,14
594,Ludwig Augustinsson,133,11,13,8,14
595,Ismail Jakobs,108,9,11,9,9
596,Lucas Ocampos,143,13,14,13,12
597,Isco,160,12,19,13,14
598,Juan Musso,137,12,7,1,14
599,Eric Bailly,144,16,12,5,8
600,Julian Brandt,154,10,17,14,10
601,Marcus Rashford,153,12,15,14,12
602,Steven Bergwijn,149,12,14,11,12
603,Aymen Barkok,121,11,16,10,8
604,Sean Longstaff,129,13,13,13,11
605,Gianmarco Cangiano,98,5,14,11,9
606,Eden Hazard,175,11,18,15,13
607,Joe Willock,133,9,14,10,12
608,Cristian Romero,134,14,11,5,13
609,Mark Uth,134,10,12,17,12
610,Mark Uth,134,10,12,17,12
611,Marash Kumbulla,128,12,11,6,13
612,Willy Boly,143,17,13,6,11
613,Igor,124,13,12,6,10
614,Igor,124,13,12,6,10
615,Dan-Axel Zagadou,135,18,13,6,14
616,Patrick Cutrone,137,13,12,14,14
617,Patrick Cutrone,137,13,12,14,14
618,Eddie Nketiah,128,8,14,14,10
619,Ihlas Bebou,133,12,14,10,11
620,Aitor Ruibal,124,11,13,14,11
621,Gareth Bale,173,17,16,17,11
622,Kevin Möhwald,127,10,15,10,10
623,Alexander Hack,124,14,12,7,9
624,Luis Suárez,134,13,13,14,11
625,Luis Suárez,180,13,17,18,15
626,Emre Can,153,15,12,10,14
627,Emre Can,153,15,12,10,14
628,Francis Coquelin,148,14,13,7,17
629,Kristoffer Askildsen,98,12,9,6,11
630,Hirving Lozano,149,7,15,15,11
631,Sergio Canales,155,12,17,14,14
632,Tom Heaton,137,13,8,1,17
633,Issa Diop,132,16,11,6,12
634,Edmond Tapsoba,131,12,12,7,10
635,Daniel Brosinski,129,8,11,9,14
636,Paco Alcácer,149,10,13,17,16
637,Paco Alcácer,149,10,13,17,16
638,Héctor Herrera,150,14,14,12,14
639,Manuel Locatelli,137,12,14,9,13
640,Josh Sargent,115,12,11,14,10
641,Carles Pérez,131,10,14,13,8
642,Carles Pérez,131,10,14,13,8
643,Mark Flekken,119,16,10,1,10
644,Jeremy Toljan,130,10,13,7,11
645,Neto,152,16,9,3,15
646,Niklas Stark,138,14,11,9,14
647,Kike Barja,118,10,13,12,11
648,Davide Faraoni,129,12,12,10,12
649,Christian Benteke,123,18,14,11,11
650,Miguel Veloso,129,12,15,9,13
651,Nathan Redmond,143,9,13,12,13
652,Arne Maier,130,13,15,10,12
653,Luuk de Jong,136,14,13,14,13
654,Michail Antonio,134,16,13,12,9
655,Nordi Mukiele,133,14,13,6,10
656,Mattia Caldara,140,14,11,11,14
657,Eric Dier,144,15,13,9,12
658,Benno Schmitz,121,11,12,7,13
659,Vicente Iborra,142,16,12,12,13
660,Riccardo Calafiori,58,6,3,3,9
661,Gerard Piqué,169,15,16,10,15
662,Dani Olmo,152,10,16,13,14
663,Julian Chabot,125,15,10,7,12
664,Édgar Méndez,124,12,13,11,10
665,Moussa Diaby,145,12,14,12,9
666,Sergio Escudero,140,13,13,9,12
667,Rafael Czichos,125,15,11,10,13
668,Jack Grealish,163,14,16,15,11
669,Federico Chiesa,163,12,15,13,13
670,Mikel Vesga,127,14,13,7,13
671,Ilija Nestorovski,127,13,12,15,13
672,Ousmane Dembélé,159,10,17,12,9
673,Joël Matip,154,14,13,7,15
674,Jeison Murillo,135,14,11,8,10
675,Jeison Murillo,135,14,11,8,10
676,Andros Townsend,134,11,13,9,12
677,Wilfried Zaha,154,12,15,13,9
678,Víctor Camarasa,135,13,14,11,12
679,Víctor Camarasa,135,13,14,11,12
680,Nolito,139,10,15,14,14
681,Nolito,139,10,15,14,14
682,Dan Burn,127,14,11,9,12
683,Suat Serdar,136,15,12,11,14
684,Takehiro Tomiyasu,132,14,13,8,14
685,Timothy Chandler,127,14,11,7,14
686,Raheem Sterling,174,12,15,14,14
687,Raúl García,124,12,10,9,14
688,Raúl García,150,14,13,14,15
689,Diego Carlos,144,17,12,7,14
690,Sebastian Andersson,129,17,10,13,16
691,Admir Mehmedi,133,11,14,12,10
692,Raúl Jiménez,147,13,13,15,14
693,Lyanco,133,15,12,7,12
694,Nemanja Radoja,137,13,13,10,16
695,Gabriel Jesus,156,12,16,14,14
696,Chris Smalling,150,17,10,8,11
697,Stefano Sensi,152,8,16,12,14
698,Marc Bartra,148,11,14,9,15
699,Marvin Friedrich,123,14,10,5,12
700,Víctor Laguardia,131,14,9,6,15
701,Gabriel Paulista,147,15,12,8,14
702,Kevin Kampl,145,6,15,10,11
703,Marc Albrighton,135,9,13,12,16
704,Fred,130,13,13,15,11
705,Samuel Chukwueze,135,8,16,11,10
706,Maxime Gonalons,140,15,13,5,12
707,Francesco Acerbi,157,17,12,9,16
708,N'Golo Kanté,165,13,14,10,15
709,Danilo Cataldi,133,11,13,11,12
710,Damián Suárez,132,10,12,7,13
711,Solly March,130,8,14,9,12
712,Diego Llorente,145,13,15,6,15
713,Cristian Ansaldi,143,12,14,11,13
714,Christopher Lenz,105,11,11,8,13
715,Sergi Gómez,138,14,14,8,13
716,Bukayo Saka,138,9,14,10,9
717,Jonathan Tah,147,18,12,6,12
718,João Cancelo,158,12,16,11,10
719,Gonzalo Villar,120,10,15,8,9
720,Unai Núñez,143,14,10,8,15
721,Hannes Wolf,133,8,13,13,11
722,Ashley Young,135,12,13,10,12
723,Ashley Young,135,12,13,10,12
724,Maximilian Eggestein,141,10,15,11,13
725,Nabil Fekir,153,14,17,15,13
726,Karim Bellarabi,146,11,15,10,10
727,Roland Sallai,124,10,14,13,9
728,Amadou Diawara,144,13,14,7,12
729,Ebrima Colley,102,10,13,11,10
730,Federico Bonazzoli,120,12,13,13,11
731,Kortney Hause,125,15,11,6,11
732,Iker Muniain,154,8,16,11,11
733,Dani Ceballos,142,10,16,13,12
734,Ryan Fredericks,130,9,11,6,12
735,Joelinton,130,15,13,12,12
736,Konrad Laimer,136,10,11,9,12
737,Jonas Hector,142,10,12,8,16
738,Jesús Vallejo,128,12,13,7,12
739,Jesús Vallejo,128,12,13,7,12
740,Ellyes Skhiri,135,12,14,12,14
741,Matteo Gabbia,102,12,12,6,9
742,Lucas Hernández,151,12,13,7,15
743,Adam Webster,129,13,12,5,12
744,Wout Weghorst,137,17,11,16,13
745,Andreas Skov Olsen,128,9,15,15,13
746,Rafael Tolói,144,14,12,7,14
747,Callum Wilson,146,16,13,16,13
748,Faouzi Ghoulam,144,13,14,9,13
749,Michael Keane,137,14,13,8,12
750,Darko Churlinov,108,9,14,12,9
751,Rúben Vezo,140,11,12,6,14
752,Sadio Mané,179,12,16,17,16
753,Kostas Manolas,155,16,9,9,13
754,Rolando Mandragora,135,13,13,10,13
755,Antonio Puertas,128,11,13,13,13
756,Thierry Correia,126,9,13,6,13
757,Fabian Schär,134,15,12,10,11
758,Almamy Touré,130,14,13,8,11
759,Kelechi Iheanacho,133,14,13,16,12
760,Daniel James,138,6,12,9,12
761,Isaac Hayden,129,12,12,7,12
762,Brais Méndez,136,9,16,13,11
763,Lucas Höler,127,12,11,13,12
764,Lukas Klostermann,137,14,11,9,12
765,Enis Bardhi,136,8,15,12,13
766,Maya Yoshida,127,14,12,8,11
767,Maya Yoshida,127,14,12,8,11
768,Hugo Mallo,146,14,12,9,16
769,Darío Poveda,109,8,15,15,10
770,Charlie Taylor,130,12,13,9,13
771,Allan,159,16,14,10,15
772,Leon Goretzka,150,13,15,12,12
773,Geoffrey Kondogbia,146,16,16,12,10
774,Giangiacomo Magnani,122,15,10,7,13
775,Giangiacomo Magnani,122,15,10,7,13
776,Trent Alexander-Arnold,159,12,17,11,13
777,André Hahn,134,14,11,14,14
778,Roberto Gagliardini,143,14,14,10,13
779,Kurt Zouma,156,20,10,8,12
780,Danny Welbeck,138,14,14,13,12
781,Dele Alli,156,12,15,15,11
782,James McArthur,132,12,12,13,13
783,Erik Durm,128,8,13,10,12
784,Ibrahima Mbaye,127,13,11,9,11
785,Mason Holgate,136,14,14,6,10
786,Karol Linetty,139,14,13,12,13
787,Nélson Semedo,149,13,15,11,12
788,Mikel Merino,153,16,15,10,15
789,Stefan de Vrij,160,16,14,10,13
790,Alex Ferrari,129,13,12,9,11
791,Max Kilman,120,13,14,6,11
792,Daniel Caligiuri,144,13,12,11,13
793,Bastian Oczipka,132,15,12,7,12
794,Nicola Murru,131,14,13,6,12
795,Morten Thorsby,127,16,9,11,13
796,Mouctar Diakhaby,139,16,9,7,13
797,Yussuf Poulsen,143,16,11,11,14
798,Ben Chilwell,146,12,13,7,13
799,Dayot Upamecano,146,17,11,6,12
800,Leonardo Pavoletti,143,17,12,16,13
801,Pervis Estupiñán,120,12,11,6,9
802,Christian Oliva,121,12,13,10,12
803,Valon Behrami,129,13,12,7,15
804,Duván Zapata,154,18,13,18,13
805,Josip Brekalo,131,7,15,13,9
806,Theo Hernández,155,14,13,13,12
807,Matt Doherty,143,14,14,12,14
808,Ryan Fraser,142,13,12,14,10
809,Pierre-Emerick Aubameyang,165,12,14,17,14
810,Florian Niederlechner,132,16,13,13,12
811,Kévin Malcuit,141,14,13,6,12
812,Matthijs de Ligt,164,18,14,9,13
813,Andrea Belotti,151,17,12,16,14
814,Lionel Messi,195,9,20,20,13
815,Goran Pandev,128,12,17,13,14
816,Roberto Torres,136,11,15,11,14
817,Martin Kelly,127,14,12,10,14
818,Giovani Lo Celso,157,11,16,11,13
819,Alphonso Davies,152,10,13,9,10
820,Rob Holding,136,13,12,5,14
821,Mattia Destro,128,13,13,15,11
822,Mattia Destro,128,13,13,15,11
823,Daniel Wass,144,11,14,11,12
824,Mattia Zaccagni,126,12,13,9,14
825,Willian José,148,17,15,15,11
826,Harry Maguire,150,17,13,8,13
827,Diogo Dalot,132,10,14,7,12
828,Federico Ceccherini,128,14,11,8,14
829,Fabio Depaoli,128,10,13,7,13
830,Giacomo Bonaventura,147,11,15,12,13
831,Jordan Ayew,131,15,15,13,10
832,Marc Roca,145,12,14,9,14
833,Davinson Sánchez,146,15,15,10,11
834,Kalidou Koulibaly,167,19,13,10,9
835,Ismaël Bennacer,142,12,15,8,13
836,Mahmoud Dahoud,138,8,16,10,10
837,Vitolo,149,14,14,13,13
838,Jadon Sancho,155,8,17,14,10
839,Florin Andone,130,13,14,14,14
840,Álex Berenguer,138,8,14,12,11
841,Diego Demme,140,12,12,6,14
842,Diego Demme,140,12,12,6,14
843,Matheus Cunha,128,10,14,14,9
844,Matheus Cunha,128,10,14,14,9
845,Calum Chambers,139,14,13,9,13
846,Henrikh Mkhitaryan,147,9,16,12,9
847,Henrikh Mkhitaryan,147,9,16,12,9
848,Neco Williams,97,7,12,9,9
849,Renato Steffen,132,7,13,13,10
850,Yannick Carrasco,153,11,17,13,12
851,Marvelous Nakamba,127,14,12,7,13
852,Cristiano Ronaldo,195,16,17,19,16
853,William Carvalho,150,18,14,9,18
854,Phil Jones,138,16,13,6,10
855,Billy Gilmour,105,6,15,9,12
856,Dejan Kulusevski,152,14,16,13,13
857,Antoine Griezmann,171,10,17,17,12
858,Federico Santander,132,17,11,13,13
859,Emerson,143,13,14,7,12
860,Emerson,134,13,14,12,10
861,Erik Thommy,130,7,14,12,11
862,Andrea Masiello,138,14,12,6,15
863,Andrea Masiello,138,14,12,6,15
864,Virgil van Dijk,180,17,14,8,17
865,Paulo Dybala,168,12,19,15,9
866,Robert Andrich,127,14,11,8,14
867,Sebastian Rode,133,13,12,8,14
868,Riccardo Orsolini,142,13,14,13,13
869,Stanislav Lobotka,144,7,15,7,15
870,Stanislav Lobotka,144,7,15,7,15
871,Santiago Ascacíbar,136,13,11,7,14
872,David Silva,174,8,19,12,15
873,John Brooks,134,16,12,6,9
874,Noah Katterbach,115,9,13,9,12
875,Marcel Sabitzer,148,10,13,15,12
876,Niklas Süle,155,18,10,8,17
877,Bram Nuytinck,128,16,11,6,14
878,Mohamed Salah,179,14,16,18,15
879,Raoul Bellanova,98,10,11,2,12
880,Ainsley Maitland-Niles,142,12,14,8,11
881,Merih Demiral,148,17,11,7,14
882,Achraf Hakimi,144,11,12,8,10
883,Kevin De Bruyne,188,13,17,16,15
884,Taiwo Awoniyi,120,13,11,12,11
885,Dwight Gayle,126,12,13,14,12
886,Nicolò Rovella,99,10,13,9,12
887,Dean Henderson,140,12,11,2,13
888,Musa Barrow,127,11,13,13,10
889,Musa Barrow,127,11,13,13,10
890,Daniel Ginczek,135,15,12,15,12
891,Granit Xhaka,142,15,17,9,8
892,Gonçalo Guedes,145,12,13,13,10
893,Gian-Luca Itter,120,7,13,7,9
894,Josuha Guilavogui,138,16,12,9,13
895,Lorenzo De Silvestri,136,15,11,9,13
896,Yangel Herrera,130,13,13,7,14
897,Erick Cabaco,130,15,9,7,15
898,Erick Cabaco,130,15,9,7,15
899,James Tomkins,134,14,10,4,11
900,Amine Harit,138,7,17,10,9
901,Florian Wirtz,128,9,14,12,8
902,Exequiel Palacios,140,10,15,9,12
903,Giorgio Chiellini,168,18,8,5,17
904,João Pedro,125,11,13,12,12
905,Kike,129,15,14,15,14
906,Milan Badelj,137,12,14,10,10
907,Martín Cáceres,136,14,12,9,10
908,Ruben Loftus-Cheek,150,17,15,14,11
909,Japhet Tanganga,122,14,12,7,12
910,Javi López,79,2,14,6,8
911,Javi López,105,9,14,11,12
912,Joel Pohjanpalo,123,15,11,16,16
913,Daniele Baselli,140,11,14,10,13
914,Robin Koch,136,15,11,6,14
915,Juan Miranda,125,11,13,9,11
916,Nathan Aké,147,14,15,8,12
917,Luis Muriel,146,13,16,14,12
918,Luis Rioja,124,9,13,12,11
919,Georginio Wijnaldum,158,14,15,13,16
920,Rubén Rochina,136,10,16,13,12
921,Phil Foden,152,8,17,14,14
922,Fran Beltrán,133,10,14,10,12
923,Darwin Machís,130,10,11,13,10
924,Renan Lodi,144,12,15,12,13
925,Aleksandar Kolarov,150,15,13,13,14
926,Alexis Saelemaekers,118,8,15,7,12
927,James Maddison,151,8,16,14,12
928,Fabio Quagliarella,144,10,15,17,15
929,Federico Bernardeschi,156,14,17,12,11
930,Andrés Guardado,142,9,14,10,12
931,Aaron Ramsey,70,6,11,9,7
932,Aaron Ramsey,154,12,17,12,14
933,Samuel Di Carmine,123,13,13,14,15
934,Riqui Puig,135,7,17,7,13
935,Kévin Rodrigues,129,9,14,13,14
936,Kévin Rodrigues,129,9,14,13,14
937,Tomás Rincón,140,15,12,5,15
938,Koray Günter,126,14,12,7,13
939,Federico Fernández,128,15,9,7,12
940,Naby Keïta,155,11,16,11,14
941,Karim Onisiwo,127,14,12,12,11
942,Che Adams,128,13,14,14,10
943,Carlos Gruezo,130,12,13,8,11
944,Marcos Alonso,144,15,14,14,12
945,Tariq Lamptey,138,6,11,8,12
946,Tariq Lamptey,138,6,11,8,12
947,Albin Ekdal,136,12,15,10,16
948,Tammy Abraham,150,13,14,16,12
949,João Moutinho,153,10,17,10,15
950,Victor Lindelöf,150,13,14,7,14
951,Franck Ribéry,150,8,18,14,13
952,Yassine Bounou,136,14,5,3,15
953,Keven Schlotterbeck,114,14,11,8,10
954,Lautaro Martínez,161,14,16,15,11
955,Patric,131,13,11,5,10
956,Jóhann Berg Guðmundsson,132,12,12,11,11
957,Marvin Plattenhardt,134,12,13,8,12
958,Aritz Elustondo,140,13,13,11,14
959,Andrea Carboni,69,8,4,3,9
960,Takumi Minamino,143,9,15,13,13
961,Jordan Torunarigha,126,13,12,8,9
962,Héctor Bellerín,148,9,14,9,13
963,Enes Ünal,124,12,15,15,10
964,Jonny Evans,149,14,14,6,14
965,Jens Stryger Larsen,133,12,12,9,13
966,Nils Petersen,134,13,10,17,17
967,Marco Richter,125,9,13,15,9
968,Wendell,136,8,14,7,9
969,Alfreð Finnbogason,136,12,12,16,16
970,Richarlison,146,15,14,14,12
971,Nico Schulz,143,13,11,9,14
972,Marius Wolf,140,10,12,11,12
973,Mario Gaspar,144,12,12,9,16
974,Aïssa Mandi,139,14,12,5,12
975,Luke Thomas,85,7,10,8,8
976,Dwight McNeil,133,10,13,11,13
977,Diego Godín,155,14,10,10,16
978,Kieran Tierney,145,11,12,11,14
979,Lucas Vázquez,142,10,13,11,13
980,Jan Thielmann,102,9,12,11,10
981,Martin Braithwaite,135,10,14,14,13
982,Martin Braithwaite,135,10,14,14,13
983,Santiago Arias,140,12,13,6,12
984,Jeremie Boga,139,9,14,12,7
985,Thomas Delaney,146,13,11,11,16
986,Carlos Soler,144,12,15,13,13
987,Kai Havertz,153,12,17,13,10
988,Ishak Belfodil,134,16,15,12,10
989,Mark Noble,131,11,13,9,13
990,Robert Skov,143,10,14,14,12
991,Anwar El Ghazi,127,11,14,12,8
992,Florian Grillitsch,138,11,14,12,10
