tackles,tacklesWon,cards_yellow,cards_red,id,playerFullName,ca,tck,agg,pen,mar,city,country,squad,comp
17,10,1,0,0,Marco Benassi,137,14,13,11,10,Province of Modena,Italy,Fiorentina,1. Serie A
19,12,6,0,1,Nemanja Gudelj,136,9,16,12,9,Belgrade,Serbia,Sevilla,1. La Liga
8,5,2,0,2,Julian Ryerson,116,13,13,9,12,Lyngdal,Norway,Union Berlin,1. Bundesliga
48,28,3,1,3,Ryan Bertrand,138,14,11,10,14,Southwark,England,Southampton,1. Premier League
53,35,8,0,4,Weston McKennie,150,15,17,9,12,Little Elm,Texas,Schalke 04,1. Bundesliga
23,15,5,0,5,Ángel Correa,154,6,10,11,5,Rosario,Argentina,Atlético Madrid,1. La Liga
26,12,14,0,6,Jaime Mata,140,8,11,14,6,Madrid,Spain,Getafe,1. La Liga
33,22,4,0,7,Marcos Llorente,147,16,13,11,13,Madrid,Spain,Atlético Madrid,1. La Liga
20,13,6,0,8,Manuel Lazzari,149,12,12,7,12,Valdagno,Italy,Lazio,1. Serie A
27,18,3,0,9,Ezri Konsa,128,15,13,4,14,London,England,Aston Villa,1. Premier League
19,12,4,0,10,Simone Verdi,143,8,13,13,4,Broni,Italy,Torino,1. Serie A
23,15,2,0,11,Kingsley Coman,153,7,15,10,6,Paris,France,Bayern Munich,1. Bundesliga
3,1,0,0,12,Eddie Salcedo,118,6,8,12,5,Genoa,Italy,Hellas Verona,1. Serie A
43,29,3,0,13,Raphaël Guerreiro,148,11,12,10,10,Le Blanc-Mesnil,France,Dortmund,1. Bundesliga
23,16,6,0,14,Aleix Vidal,138,13,12,11,11,Valls,Spain,Alavés,1. La Liga
0,0,1,0,15,Jasper Cillessen,148,2,12,1,1,Gemeente Nijmegen,Netherlands,Valencia,1. La Liga
8,6,1,0,16,Youssef En-Nesyri,139,5,6,11,5,Fes-Medina,Morocco,Sevilla,1. La Liga
8,5,1,0,17,Youssef En-Nesyri,139,5,6,11,5,Fes-Medina,Morocco,Sevilla,1. La Liga
8,6,2,0,18,Youssef En-Nesyri,139,5,6,11,5,Fes-Medina,Morocco,Leganés,1. La Liga
8,5,2,0,19,Youssef En-Nesyri,139,5,6,11,5,Fes-Medina,Morocco,Leganés,1. La Liga
27,17,0,0,20,David Alaba,168,12,13,15,10,Vienna,Austria,Bayern Munich,1. Bundesliga
14,5,0,0,21,Iago,128,11,12,10,10,Monte Azul Paulista,Brazil,Augsburg,1. Bundesliga
80,44,6,0,22,Christopher Trimmel,118,12,13,9,11,Oberpullendorf,Austria,Union Berlin,1. Bundesliga
68,47,8,1,23,Mats Hummels,166,17,7,11,16,Bergisch Gladbach,Germany,Dortmund,1. Bundesliga
52,33,3,0,24,Franck Kessié,150,15,16,16,15,Ouragahio,Côte d'Ivoire,Milan,1. Serie A
7,5,0,0,25,Jonathan Burkardt,115,8,17,12,6,Darmstadt,Germany,Mainz 05,1. Bundesliga
74,46,10,0,26,Gaetano Castrovilli,140,13,14,11,10,Canosa di Puglia,Italy,Fiorentina,1. Serie A
31,19,5,0,27,Francesco Magnanelli,128,13,16,9,13,Umbertide,Italy,Sassuolo,1. Serie A
51,32,3,0,28,Danny Ings,150,11,13,13,8,Winchester,England,Southampton,1. Premier League
67,47,8,0,29,Martin Hinteregger,134,15,9,11,16,Feldkirchen,Austria,Eint Frankfurt,1. Bundesliga
54,33,13,1,30,Mattia Bani,127,14,12,8,14,Borgo San Lorenzo,Italy,Bologna,1. Serie A
60,46,10,0,31,Sergio Ramos,172,18,18,16,16,Camas,Spain,Real Madrid,1. La Liga
47,31,1,0,32,Jonathan Schmid,131,11,16,10,10,Strasbourg,France,Freiburg,1. Bundesliga
3,1,0,0,33,Denis Vavro,133,16,16,15,15,Žilina,Slovakia,Lazio,1. Serie A
21,14,1,0,34,Andrea Pinamonti,128,7,5,14,8,Cles,Italy,Genoa,1. Serie A
0,0,3,0,35,Gianluigi Donnarumma,160,7,8,6,1,Castellammare di Stabia,Italy,Milan,1. Serie A
1,1,1,0,36,Gabriele Corbo,105,12,11,7,12,NULL,NULL,Bologna,1. Serie A
29,18,1,0,37,Kevin Lasagna,131,7,14,12,6,San Benedetto Po,Italy,Udinese,1. Serie A
36,19,1,0,38,Federico Valverde,150,13,12,6,12,Montevideo,Uruguay,Real Madrid,1. La Liga
3,1,1,0,39,Carlos Bacca,135,6,11,15,5,Barranquilla,Colombia,Villarreal,1. La Liga
16,10,4,0,40,Mitchell Dijks,134,13,13,5,12,Gemeente Purmerend,Netherlands,Bologna,1. Serie A
13,10,3,0,41,Antonio Sanabria,127,6,13,7,4,San Lorenzo,Paraguay,Genoa,1. Serie A
41,27,4,0,42,Giorgos Kyriakopoulos,123,13,12,10,10,Pátrai,Greece,Sassuolo,1. Serie A
75,40,7,1,43,Juan Cuadrado,157,13,16,9,11,Bogotá,Colombia,Juventus,1. Serie A
12,7,5,0,44,Denis Cheryshev,137,12,15,12,8,Nizhny Novgorod,Russia,Valencia,1. La Liga
20,11,6,1,45,Roger Martí,138,8,12,14,6,Torrent,Spain,Levante,1. La Liga
52,33,4,0,46,Mohammed Salisu,115,14,16,6,14,Benin,Benin,Valladolid,1. La Liga
37,25,8,0,47,Mário Rui,141,14,14,7,13,Sines Municipality,Portugal,Napoli,1. Serie A
14,8,4,0,48,Santi Mina,141,8,13,12,5,Vigo,Spain,Celta Vigo,1. La Liga
19,10,2,1,49,Ansu Fati,148,5,8,12,4,Bissau,Guinea-Bissau,Barcelona,1. La Liga
6,2,0,0,50,Manu Vallejo,133,7,10,14,5,Chiclana de la Frontera,Spain,Valencia,1. La Liga
33,22,2,0,51,Dodi Lukebakio,138,5,8,13,4,Asse,Belgium,Hertha BSC,1. Bundesliga
27,23,7,1,52,Mehdi Bourabia,128,12,14,11,10,Dijon,France,Sassuolo,1. Serie A
0,0,2,0,53,Marco Silvestri,128,1,11,4,2,Castelnovo ne' Monti,Italy,Hellas Verona,1. Serie A
0,0,0,0,54,Alexander Schwolow,135,3,8,5,1,Wiesbaden,Germany,Freiburg,1. Bundesliga
42,25,4,0,55,Alex Sandro,162,16,11,9,12,Catanduva,Brazil,Juventus,1. Serie A
52,41,9,0,56,Sandro Tonali,134,13,16,8,12,Lodi,Italy,Brescia,1. Serie A
12,8,5,1,57,Lucas Torró,123,15,10,9,14,Cocentaina,Spain,Eint Frankfurt,1. Bundesliga
28,25,0,0,58,Philippe Coutinho,165,7,10,13,5,Rio de Janeiro,Brazil,Bayern Munich,1. Bundesliga
58,39,5,1,59,Dominik Kohr,130,16,17,8,15,Trier,Germany,Eint Frankfurt,1. Bundesliga
0,0,0,0,60,Claudio Bravo,125,11,10,8,13,Buin,Chile,Manchester City,1. Premier League
44,25,9,2,61,Fernandinho,165,14,15,15,13,Londrina,Brazil,Manchester City,1. Premier League
34,25,5,0,62,Jeffrey Gouweleeuw,133,14,7,12,13,Gemeente Heemskerk,Netherlands,Augsburg,1. Bundesliga
31,22,3,0,63,Alessandro Schöpf,141,11,15,12,8,Umhausen,Austria,Schalke 04,1. Bundesliga
5,3,0,0,64,Ethan Ampadu,126,15,12,8,14,Exeter,England,RB Leipzig,1. Bundesliga
0,0,4,0,65,Salvatore Sirigu,152,1,10,1,2,Nuoro,Italy,Torino,1. Serie A
25,12,6,0,66,Rogério,131,12,13,5,11,Nobres,Brazil,Sassuolo,1. Serie A
29,11,5,1,67,Fabian Delph,135,14,15,8,8,Bradford,England,Everton,1. Premier League
12,8,1,0,68,Aymeric Laporte,170,16,14,11,16,Agen,France,Manchester City,1. Premier League
33,21,6,0,69,Alberto Moreno,138,15,14,9,13,Seville,Spain,Villarreal,1. La Liga
66,41,4,0,70,Omar Mascarell,135,13,10,13,12,Santa Cruz de Tenerife,Spain,Schalke 04,1. Bundesliga
4,3,3,0,71,Davie Selke,135,7,18,13,7,Schorndorf,Germany,Werder Bremen,1. Bundesliga
4,3,3,0,72,Davie Selke,135,7,18,13,7,Schorndorf,Germany,Werder Bremen,1. Bundesliga
4,3,3,0,73,Davie Selke,135,7,18,13,7,Schorndorf,Germany,Hertha BSC,1. Bundesliga
4,3,3,0,74,Davie Selke,135,7,18,13,7,Schorndorf,Germany,Hertha BSC,1. Bundesliga
42,23,1,0,75,Reece James,141,13,11,7,12,London,England,Chelsea,1. Premier League
45,29,4,0,76,Mert Müldür,128,14,12,5,14,Vienna,Austria,Sassuolo,1. Serie A
19,15,6,1,77,Álvaro Morata,155,10,15,14,7,Madrid,Spain,Atlético Madrid,1. La Liga
25,16,2,0,78,Denis Suárez,142,9,9,12,7,Salceda de Caselas,Spain,Celta Vigo,1. La Liga
25,18,3,1,79,Samu Castillejo,141,6,12,9,7,Barcelona,Spain,Milan,1. Serie A
42,27,4,0,80,Jérôme Roussillon,139,15,12,8,12,Sarcelles,France,Wolfsburg,1. Bundesliga
0,0,0,0,81,Giuseppe Pezzella,124,13,13,5,11,Naples,Italy,Udinese,1. Serie A
17,6,0,0,82,Giuseppe Pezzella,124,13,13,5,11,Naples,Italy,Udinese,1. Serie A
0,0,2,0,83,Giuseppe Pezzella,124,13,13,5,11,Naples,Italy,Parma,1. Serie A
17,6,2,0,84,Giuseppe Pezzella,124,13,13,5,11,Naples,Italy,Parma,1. Serie A
8,6,2,0,85,Daniele Rugani,143,14,6,6,14,Lucca,Italy,Juventus,1. Serie A
29,21,5,0,86,Daichi Kamada,126,10,13,10,7,Ehime,Japan,Eint Frankfurt,1. Bundesliga
50,25,6,0,87,Luiz Felipe,142,17,17,6,15,Colina,Brazil,Lazio,1. Serie A
76,51,10,0,88,James Tarkowski,136,15,13,10,15,Manchester,England,Burnley,1. Premier League
8,5,1,0,89,Callum Hudson-Odoi,145,5,7,8,5,Wandsworth,England,Chelsea,1. Premier League
63,37,5,1,90,Rodrigo De Paul,148,9,15,15,4,Sarandí,Argentina,Udinese,1. Serie A
25,14,7,1,91,Bryan Cristante,146,14,10,12,11,San Vito al Tagliamento,Italy,Roma,1. Serie A
35,25,4,0,92,Takefusa Kubo,125,6,8,8,6,Kanagawa,Japan,Mallorca,1. La Liga
4,3,1,0,93,Olivier Giroud,150,7,14,14,8,Chambéry,France,Chelsea,1. Premier League
60,39,7,0,94,Riccardo Gagliolo,134,14,15,7,15,Porto Maurizio,Italy,Parma,1. Serie A
11,6,4,0,95,David Timor,125,12,10,9,12,Carcaixent,Spain,Getafe,1. La Liga
48,27,6,0,96,Ken Sema,130,12,12,10,6,Norrköping,Sweden,Udinese,1. Serie A
34,21,4,0,97,Diogo Jota,147,7,17,10,5,Massarelos,Portugal,Wolves,1. Premier League
0,0,1,0,98,Thibaut Courtois,162,2,8,2,1,Bree,Belgium,Real Madrid,1. La Liga
12,7,2,0,99,Cengiz Ünder,144,4,7,9,3,Sındırgı,Turkey,Roma,1. Serie A
40,26,4,0,100,Joseph Aidoo,131,15,12,6,14,Accra,Ghana,Celta Vigo,1. La Liga
43,24,3,0,101,Antonio Rüdiger,156,16,15,7,14,Land Berlin,Germany,Chelsea,1. Premier League
25,12,3,0,102,Jannik Vestergaard,128,15,10,7,15,Copenhagen,Denmark,Southampton,1. Premier League
32,24,6,0,103,André Gomes,146,12,10,14,8,Grijó,Portugal,Everton,1. Premier League
39,23,4,0,104,Timothy Castagne,142,12,12,6,12,Arlon,Belgium,Atalanta,1. Serie A
6,4,0,0,105,Rubén Sobrino,128,6,12,12,6,Daimiel,Spain,Valencia,1. La Liga
69,45,8,0,106,Rodrigo Becão,132,15,13,10,16,Salvador,Brazil,Udinese,1. Serie A
55,33,6,0,107,Phil Bardsley,123,15,18,6,14,Salford,England,Burnley,1. Premier League
87,39,6,0,108,Lucas Digne,149,14,13,6,10,Meaux,France,Everton,1. Premier League
30,22,3,1,109,Frenkie de Jong,164,12,7,11,10,Arkel,Netherlands,Barcelona,1. La Liga
38,23,5,0,110,Portu,144,11,13,9,9,Murcia,Spain,Real Sociedad,1. La Liga
31,19,0,0,111,Christian Pulisic,150,8,16,10,6,Easton,Pennsylvania,Chelsea,1. Premier League
122,89,6,0,112,Declan Rice,138,16,12,5,14,London,England,West Ham,1. Premier League
0,0,0,0,113,Roberto Piccoli,98,9,12,4,8,Bergamo,Italy,Atalanta,1. Serie A
41,20,5,0,114,Andreas Christensen,147,14,12,9,14,Lillerød,Denmark,Chelsea,1. Premier League
23,16,3,0,115,Paulo Otávio,117,11,14,9,10,Ourinhos,Brazil,Wolfsburg,1. Bundesliga
3,2,1,0,116,Bosko Sutalo,107,13,13,7,13,Metković,Croatia,Atalanta,1. Serie A
8,4,3,1,117,Álvaro Odriozola,154,13,12,11,13,San Sebastian,Spain,Real Madrid,1. La Liga
1,1,3,1,118,Álvaro Odriozola,154,13,12,11,13,San Sebastian,Spain,Real Madrid,1. La Liga
8,4,0,0,119,Álvaro Odriozola,154,13,12,11,13,San Sebastian,Spain,Bayern Munich,1. Bundesliga
1,1,0,0,120,Álvaro Odriozola,154,13,12,11,13,San Sebastian,Spain,Bayern Munich,1. Bundesliga
19,8,3,0,121,Kevin Vogt,139,13,13,5,12,Witten,Germany,Werder Bremen,1. Bundesliga
11,6,3,0,122,Kevin Vogt,139,13,13,5,12,Witten,Germany,Werder Bremen,1. Bundesliga
19,8,2,0,123,Kevin Vogt,139,13,13,5,12,Witten,Germany,Hoffenheim,1. Bundesliga
11,6,2,0,124,Kevin Vogt,139,13,13,5,12,Witten,Germany,Hoffenheim,1. Bundesliga
88,62,9,0,125,Marc Cucurella,139,14,15,7,12,Alella,Spain,Getafe,1. La Liga
28,15,8,0,126,Jakub Jankto,131,12,12,11,10,Prague,Czech Republic,Sampdoria,1. Serie A
17,8,1,0,127,Theo Walcott,131,7,9,10,6,Stanmore,England,Everton,1. Premier League
58,41,2,0,128,Erik Pieters,128,15,10,8,14,Gemeente Tiel,Netherlands,Burnley,1. Premier League
48,32,5,0,129,Rubén Peña,138,14,10,10,12,Ávila,Spain,Villarreal,1. La Liga
5,5,0,0,130,Erling Haaland,166,7,13,17,6,Leeds,England,Dortmund,1. Bundesliga
11,7,2,1,131,Rodrigo,154,9,12,13,6,Rio de Janeiro,Brazil,Valencia,1. La Liga
2,2,1,0,132,Melayro Bogarde,82,15,4,5,9,Rotterdam,Netherlands,Hoffenheim,1. Bundesliga
69,38,11,0,133,Rubén Duarte,129,14,12,8,13,Almería,Spain,Alavés,1. La Liga
11,5,1,0,134,Mikel Balenziaga,133,15,13,7,14,Zumarraga,Spain,Athletic Club,1. La Liga
22,16,0,0,135,Willi Orban,138,16,6,8,15,Kreisfreie Stadt Kaiserslautern,Germany,RB Leipzig,1. Bundesliga
11,6,1,0,136,Ander Barrenetxea,137,8,9,14,8,San Sebastian,Spain,Real Sociedad,1. La Liga
8,4,0,0,137,Rafael Leão,148,6,9,12,4,Almada,Portugal,Milan,1. Serie A
22,16,1,0,138,Nicolás Domínguez,135,12,13,12,12,Mariano J. Haedo,Argentina,Bologna,1. Serie A
0,0,3,0,139,Pau López,147,3,11,2,1,Girona,Spain,Roma,1. Serie A
46,20,4,2,140,Davide Calabria,139,13,13,6,13,Brescia,Italy,Milan,1. Serie A
49,28,2,0,141,Kieran Trippier,142,15,12,5,13,Bury,England,Atlético Madrid,1. La Liga
16,10,1,0,142,Sebastian Walukiewicz,113,12,13,8,12,Gorzów Wielkopolski,Poland,Cagliari,1. Serie A
4,3,0,0,143,Lazar Samardzic,95,10,9,6,7,Berlin,Germany,Hertha BSC,1. Bundesliga
20,14,4,0,144,Harry Kane,183,11,11,20,10,Walthamstow,England,Tottenham,1. Premier League
24,9,1,0,145,Aihen Muñoz,133,13,11,8,13,Pamplona,Spain,Real Sociedad,1. La Liga
4,3,1,0,146,Amin Younes,136,7,8,10,5,Düsseldorf,Germany,Napoli,1. Serie A
10,4,1,0,147,Sargis Adamyan,131,8,14,11,6,Yerevan,Armenia,Hoffenheim,1. Bundesliga
4,3,0,0,148,Sergio Córdova,121,6,12,11,6,Calabozo,Venezuela,Augsburg,1. Bundesliga
62,43,5,0,149,Giovanni Di Lorenzo,143,14,13,6,14,Castelnuovo di Garfagnana,Italy,Napoli,1. Serie A
35,26,7,0,150,Stefano Sturaro,134,14,15,9,16,Sanremo,Italy,Genoa,1. Serie A
74,43,11,0,151,Dani García,145,15,15,9,14,Zumarraga,Spain,Athletic Club,1. La Liga
49,28,8,0,152,Ola Aina,138,11,11,6,10,Southwark,England,Torino,1. Serie A
19,16,6,0,153,Ezequiel Ávila,141,5,15,11,7,Rosario,Argentina,Osasuna,1. La Liga
29,18,4,1,154,Moussa Djenepo,130,5,10,11,8,Bamako,Mali,Southampton,1. Premier League
30,20,0,0,155,Manuel Gulde,125,13,6,7,13,Mannheim,Germany,Freiburg,1. Bundesliga
0,0,2,0,156,Bernd Leno,151,1,8,3,3,Bietigheim-Bissingen,Germany,Arsenal,1. Premier League
6,4,4,0,157,Ashley Barnes,135,10,18,13,8,Bath,England,Burnley,1. Premier League
34,25,2,0,158,Walace,125,16,13,8,14,Salvador,Brazil,Udinese,1. Serie A
11,9,1,0,159,Manuel Lanzini,132,5,12,10,6,San Antonio de Padua,Argentina,West Ham,1. Premier League
20,11,4,0,160,Marcus Ingvartsen,120,4,12,12,4,Farum,Denmark,Union Berlin,1. Bundesliga
23,14,3,0,161,Éder Militão,150,15,15,13,15,Sertãozinho,Brazil,Real Madrid,1. La Liga
47,27,10,0,162,Néstor Araujo,140,13,8,11,16,Guadalajara,Estado de Jalisco,Celta Vigo,1. La Liga
12,8,0,0,163,Aaron Connolly,120,7,14,7,5,Galway,Republic of Ireland,Brighton,1. Premier League
43,28,9,0,164,Lewis Dunk,139,15,13,10,13,Brighton,England,Brighton,1. Premier League
0,0,0,0,165,Antonio Rosati,103,5,12,7,5,Tivoli,Italy,Torino,1. Serie A
0,0,0,0,166,Kepa Arrizabalaga,150,3,8,5,2,Ondarroa,Spain,Chelsea,1. Premier League
41,22,5,0,167,Conor Coady,138,14,15,10,13,Liverpool,England,Wolves,1. Premier League
12,6,3,0,168,Nacho,137,13,14,6,12,Madrid,Spain,Real Madrid,1. La Liga
12,6,3,0,169,Nacho,150,16,15,7,14,Madrid,Spain,Real Madrid,1. La Liga
8,7,1,0,170,Juan Mata,135,4,11,15,2,Villafranca Montes de Oca,Spain,Manchester Utd,1. Premier League
25,20,3,0,171,Pere Pons,129,12,13,5,11,Girona,Spain,Alavés,1. La Liga
60,47,7,0,172,Joan Jordán,142,12,10,9,10,Palamós,Spain,Sevilla,1. La Liga
75,49,12,0,173,Marten de Roon,146,17,16,10,14,Zwijndrecht,Netherlands,Atalanta,1. Serie A
0,0,1,0,174,Lukas Kübler,122,16,11,11,15,Bonn,Germany,Freiburg,1. Bundesliga
56,35,8,0,175,Moussa Sissoko,149,14,11,13,11,Le Blanc-Mesnil,France,Tottenham,1. Premier League
23,12,0,0,176,Tyler Adams,130,13,16,6,11,Wappingers Falls,New York,RB Leipzig,1. Bundesliga
17,11,0,0,177,Allan Saint-Maximin,144,3,7,12,2,Châtenay-Malabry,France,Newcastle Utd,1. Premier League
53,33,3,0,178,Lucas Moura,148,7,11,12,6,São Paulo,Brazil,Tottenham,1. Premier League
22,12,3,0,179,Ciaran Clark,127,14,14,5,14,Harrow,England,Newcastle Utd,1. Premier League
3,3,0,0,180,Axel Tuanzebe,138,13,14,9,14,Bunia,Congo DR,Manchester Utd,1. Premier League
12,4,1,0,181,Eric García,135,13,12,6,13,Barcelona,Spain,Manchester City,1. Premier League
4,2,0,1,182,Ronald Araújo,149,16,15,14,15,Rivera,Uruguay,Barcelona,1. La Liga
0,0,0,0,183,Jamal Musiala,126,11,9,8,9,Fulda,Germany,Bayern Munich,1. Bundesliga
9,8,4,1,184,Alexis Sánchez,151,6,14,12,5,Tocopilla,Chile,Inter,1. Serie A
26,21,6,1,185,Jerdy Schouten,121,14,11,10,9,Gemeente Hellevoetsluis,Netherlands,Bologna,1. Serie A
56,36,4,0,186,Ozan Kabak,129,16,8,6,15,Çankaya,Turkey,Schalke 04,1. Bundesliga
60,32,3,0,187,Robin Gosens,144,13,11,6,12,Emmerich am Rhein,Germany,Atalanta,1. Serie A
20,13,5,1,188,Jérôme Boateng,156,16,9,7,16,NULL,NULL,Bayern Munich,1. Bundesliga
60,32,2,0,189,Andrew Robertson,157,15,15,7,15,Glasgow,Scotland,Liverpool,1. Premier League
0,0,0,0,190,Marwin Hitz,136,3,8,2,1,St. Gallen,Switzerland,Dortmund,1. Bundesliga
22,17,3,0,191,Elseid Hysaj,141,14,13,7,13,Rrethi i Shkodrës,Albania,Napoli,1. Serie A
21,15,2,0,192,Aarón Martín,134,15,12,9,13,Montmeló,Spain,Mainz 05,1. Bundesliga
31,23,1,0,193,Lorenzo Insigne,161,5,10,15,5,Naples,Italy,Napoli,1. Serie A
42,23,9,0,194,Harry Winks,145,14,13,12,12,Hemel Hempstead,England,Tottenham,1. Premier League
17,10,4,0,195,James Milner,154,13,14,17,13,Leeds,England,Liverpool,1. Premier League
0,0,1,0,196,Alphonse Areola,150,1,8,4,3,Paris,France,Real Madrid,1. La Liga
0,0,0,0,197,Antonio Mirante,132,2,8,6,3,Castellammare di Stabia,Italy,Roma,1. Serie A
62,31,4,0,198,José Ángel,127,12,7,8,11,Gijón,Spain,Eibar,1. La Liga
19,8,3,0,199,Philipp Lienhart,125,12,5,6,12,Lilienfeld,Austria,Freiburg,1. Bundesliga
14,8,2,0,200,Angeliño,137,15,12,10,10,Coristanco,Spain,RB Leipzig,1. Bundesliga
47,30,3,0,201,Mitchell Weiser,138,11,10,9,10,Troisdorf,Germany,Leverkusen,1. Bundesliga
19,11,6,0,202,Sergi Guardiola,134,4,11,12,3,Manacor,Spain,Valladolid,1. La Liga
4,0,0,0,203,Cristiano Piccini,137,12,12,10,11,Florence,Italy,Valencia,1. La Liga
1,1,0,0,204,Morgan Gibbs-White,125,9,9,10,3,Stafford,England,Wolves,1. Premier League
20,6,2,0,205,Jeffrey Schlupp,127,11,10,9,11,Hamburg,Germany,Crystal Palace,1. Premier League
57,33,8,0,206,Sergio Reguilón,145,14,12,12,11,Madrid,Spain,Sevilla,1. La Liga
27,19,8,0,207,Sergi Roberto,160,12,11,12,11,Reus,Spain,Barcelona,1. La Liga
17,11,0,0,208,Karim Rekik,132,16,10,8,15,The Hague,Netherlands,Hertha BSC,1. Bundesliga
0,0,2,0,209,Thomas Strakosha,150,1,8,4,1,Athens,Greece,Lazio,1. Serie A
37,19,4,0,210,Carlos Clerc,132,13,12,9,13,Badalona,Spain,Levante,1. La Liga
24,17,4,0,211,Valerio Verre,125,11,11,10,8,Rome,Italy,Hellas Verona,1. Serie A
30,11,4,0,212,Giovanni Simeone,140,9,12,15,6,Buenos Aires F.D.,Argentina,Cagliari,1. Serie A
8,5,0,0,213,Nico Schlotterbeck,117,12,8,8,12,Waiblingen,Germany,Freiburg,1. Bundesliga
30,21,5,0,214,Guido Rodríguez,145,16,11,8,14,Sáenz Peña,Argentina,Betis,1. La Liga
95,56,9,0,215,James Ward-Prowse,140,13,10,12,9,Portsmouth,England,Southampton,1. Premier League
19,13,5,0,216,Antonio Candreva,145,8,10,13,10,Rome,Italy,Inter,1. Serie A
69,44,7,0,217,Domenico Criscito,135,13,9,15,13,Cercola,Italy,Genoa,1. Serie A
79,45,4,0,218,Víctor Díaz,130,12,11,9,13,Seville,Spain,Granada,1. La Liga
0,0,0,0,219,Javi Martínez,102,8,7,11,5,Soria,Spain,Osasuna,1. La Liga
0,0,0,0,220,Javi Martínez,149,16,11,11,14,Soria,Spain,Osasuna,1. La Liga
32,22,1,0,221,Marco Reus,167,9,14,15,6,Kreisfreie Stadt Dortmund,Germany,Dortmund,1. Bundesliga
0,0,0,0,222,Alex McCarthy,131,3,7,3,3,Guildford,England,Southampton,1. Premier League
30,16,3,0,223,Jonjo Shelvey,132,10,15,15,9,Romford,England,Newcastle Utd,1. Premier League
0,0,0,0,224,Álex Remiro,136,3,4,3,2,Cascante,Spain,Real Sociedad,1. La Liga
5,2,3,0,225,Hugo Duro,110,4,10,1,10,Getafe,Spain,Getafe,1. La Liga
58,32,10,0,226,Ander Capa,140,13,11,11,11,Portugalete,Spain,Athletic Club,1. La Liga
15,10,3,0,227,Dennis Geiger,130,11,13,12,10,Mosbach,Germany,Hoffenheim,1. Bundesliga
23,14,1,0,228,Alex Oxlade-Chamberlain,154,10,11,12,11,Portsmouth,England,Liverpool,1. Premier League
28,16,0,0,229,Leandro Trossard,135,4,15,15,4,Maasmechelen,Belgium,Brighton,1. Premier League
28,16,4,0,230,Gonzalo Melero,130,12,13,13,11,Madrid,Spain,Levante,1. La Liga
29,21,3,0,231,Gerard Deulofeu,145,5,7,11,5,Riudarenes,Spain,Watford,1. Premier League
9,4,0,2,232,Leon Bailey,151,6,13,12,4,Kingston,Jamaica,Leverkusen,1. Bundesliga
16,11,0,0,233,Ross Barkley,147,8,8,12,6,Liverpool,England,Chelsea,1. Premier League
53,28,5,0,234,Nacho Vidal,128,13,9,5,11,el Campello,Spain,Osasuna,1. La Liga
42,24,10,0,235,Hans Hateboer,143,13,16,6,13,Beerta,Netherlands,Atalanta,1. Serie A
38,27,10,0,236,Luca Pellegrini,134,13,17,6,12,Rome,Italy,Cagliari,1. Serie A
77,49,9,0,237,Rodrigo Bentancur,156,14,14,8,13,Colonia del Sacramento,Uruguay,Juventus,1. Serie A
39,26,7,1,238,Edimilson Fernandes,136,13,8,8,11,Sion,Switzerland,Mainz 05,1. Bundesliga
1,1,3,1,239,Ederson,169,1,11,12,3,Osasco,Brazil,Manchester City,1. Premier League
50,40,5,0,240,Thomas Müller,160,10,17,15,7,Weilheim,Germany,Bayern Munich,1. Bundesliga
17,10,1,0,241,Pedro,151,8,14,13,4,Santa Cruz de Tenerife,Spain,Chelsea,1. Premier League
15,13,2,0,242,Tommaso Augello,114,13,10,7,9,Milan,Italy,Sampdoria,1. Serie A
0,0,0,0,243,Timo Horn,140,3,10,6,2,Cologne,Germany,Köln,1. Bundesliga
31,16,8,1,244,Ferland Mendy,148,12,11,7,13,Meulan-en-Yvelines,France,Real Madrid,1. La Liga
39,27,7,0,245,David García,123,14,14,5,14,Pamplona,Spain,Osasuna,1. La Liga
22,12,0,0,246,Harvey Barnes,140,7,9,8,6,Leicester,England,Leicester City,1. Premier League
36,25,4,0,247,Alessio Romagnoli,156,16,13,12,16,Anzio,Italy,Milan,1. Serie A
39,26,5,0,248,Bernardo Silva,173,7,12,14,8,Lisbon,Portugal,Manchester City,1. Premier League
18,13,3,0,249,Martín Zubimendi,138,13,14,12,13,San Sebastián,Spain,Real Sociedad,1. La Liga
1,1,0,0,250,Fredrik Jensen,117,7,10,10,6,Porvoo,Finland,Augsburg,1. Bundesliga
15,9,6,0,251,Samuel Umtiti,159,16,14,8,16,Yaoundé,Cameroon,Barcelona,1. La Liga
3,1,1,0,252,André Silva,75,9,9,9,8,Baguim do Monte,Portugal,Milan,1. Serie A
3,1,1,0,253,André Silva,141,8,14,14,6,Baguim do Monte,Portugal,Milan,1. Serie A
7,4,1,0,254,André Silva,75,9,9,9,8,Baguim do Monte,Portugal,Milan,1. Serie A
7,4,1,0,255,André Silva,141,8,14,14,6,Baguim do Monte,Portugal,Milan,1. Serie A
3,1,1,0,256,André Silva,75,9,9,9,8,Baguim do Monte,Portugal,Eint Frankfurt,1. Bundesliga
3,1,1,0,257,André Silva,141,8,14,14,6,Baguim do Monte,Portugal,Eint Frankfurt,1. Bundesliga
7,4,1,0,258,André Silva,75,9,9,9,8,Baguim do Monte,Portugal,Eint Frankfurt,1. Bundesliga
7,4,1,0,259,André Silva,141,8,14,14,6,Baguim do Monte,Portugal,Eint Frankfurt,1. Bundesliga
34,19,4,0,260,Jesús Navas,153,11,9,7,10,Los Palacios y Villafranca,Spain,Sevilla,1. La Liga
14,9,2,0,261,Shkodran Mustafi,137,16,14,5,14,Bad Hersfeld,Germany,Arsenal,1. Premier League
41,29,9,1,262,Gonzalo Escalante,140,15,16,8,12,Bella Vista,Argentina,Eibar,1. La Liga
55,31,10,0,263,Iñigo Martínez,152,16,17,3,15,Ondarroa,Spain,Athletic Club,1. La Liga
1,1,1,0,264,Brahim Díaz,126,4,8,7,4,Málaga,Spain,Real Madrid,1. La Liga
70,38,4,0,265,Jan Bednarek,134,14,12,5,14,Słupca,Poland,Southampton,1. Premier League
68,38,7,1,266,Mathías Olivera,118,14,8,6,12,Montevideo,Uruguay,Getafe,1. La Liga
66,44,13,0,267,Fernando,136,9,10,12,13,Alto Paraíso de Goiás,Brazil,Sevilla,1. La Liga
0,0,0,0,268,Zack Steffen,135,1,8,3,3,Coatesville,Pennsylvania,Düsseldorf,1. Bundesliga
35,21,3,0,269,Christoph Baumgartner,120,12,14,13,8,Horn,Austria,Hoffenheim,1. Bundesliga
15,10,1,0,270,Divock Origi,149,8,14,13,7,Ostend,Belgium,Liverpool,1. Premier League
9,6,6,1,271,Jorge Molina,132,6,12,14,5,Alcoy,Spain,Getafe,1. La Liga
1,1,0,0,272,Jon Pacheco,86,11,5,4,12,NULL,NULL,Real Sociedad,1. La Liga
56,35,5,1,273,Ridle Baku,121,13,17,9,10,Mainz,Germany,Mainz 05,1. Bundesliga
12,7,8,0,274,Ciro Immobile,159,8,15,19,3,Torre Annunziata,Italy,Lazio,1. Serie A
7,5,4,0,275,Andrea Favilli,119,7,11,11,4,Pisa,Italy,Genoa,1. Serie A
8,5,1,0,276,Demarai Gray,136,5,9,11,7,Birmingham,England,Leicester City,1. Premier League
30,13,6,0,277,Ben Davies,122,14,10,8,13,Neath,Wales,Tottenham,1. Premier League
30,13,6,0,278,Ben Davies,140,15,13,10,13,Neath,Wales,Tottenham,1. Premier League
28,17,4,0,279,Matías Vecino,145,14,13,9,12,Canelones Department,Uruguay,Inter,1. Serie A
64,42,9,0,280,Rúben Neves,150,13,13,15,11,Mozelos,Portugal,Wolves,1. Premier League
34,20,6,0,281,Danilo D'Ambrosio,145,15,14,6,13,Naples,Italy,Inter,1. Serie A
18,10,5,0,282,Jamaal Lascelles,132,15,15,3,15,Derby,England,Newcastle Utd,1. Premier League
0,0,0,0,283,Mathew Ryan,131,3,13,3,1,Plumpton,Australia,Brighton,1. Premier League
17,11,2,0,284,Jamie Vardy,160,12,17,17,3,Sheffield,England,Leicester City,1. Premier League
35,21,5,0,285,Benjamin Pavard,148,16,8,10,14,Maubeuge,France,Bayern Munich,1. Bundesliga
5,4,0,0,286,Marco Asensio,151,8,9,14,5,Palma,Spain,Real Madrid,1. La Liga
15,11,0,0,287,Joaquín Correa,154,5,12,12,4,Juan Bautista Alberdi,Argentina,Lazio,1. Serie A
69,44,10,0,288,Jorginho,158,16,12,16,12,Imbituba,Brazil,Chelsea,1. Premier League
1,1,0,0,289,Dimitri Foulquier,123,12,10,7,12,Sarcelles,France,Watford,1. Premier League
23,8,0,0,290,Dimitri Foulquier,123,12,10,7,12,Sarcelles,France,Watford,1. Premier League
1,1,4,0,291,Dimitri Foulquier,123,12,10,7,12,Sarcelles,France,Granada,1. La Liga
23,8,4,0,292,Dimitri Foulquier,123,12,10,7,12,Sarcelles,France,Granada,1. La Liga
25,14,7,0,293,Jordi Alba,161,14,15,10,12,Marmolejo,Spain,Barcelona,1. La Liga
66,39,9,0,294,Erick Pulgar,141,16,14,17,13,Antofagasta,Chile,Fiorentina,1. Serie A
0,0,0,0,295,Aaron Ramsdale,135,2,11,3,3,Staffordshire,England,Bournemouth,1. Premier League
25,18,5,1,296,Kevin Agudelo,120,11,12,10,11,Colombia,Colombia,Genoa,1. Serie A
3,1,5,1,297,Kevin Agudelo,120,11,12,10,11,Colombia,Colombia,Genoa,1. Serie A
25,18,0,0,298,Kevin Agudelo,120,11,12,10,11,Colombia,Colombia,Fiorentina,1. Serie A
3,1,0,0,299,Kevin Agudelo,120,11,12,10,11,Colombia,Colombia,Fiorentina,1. Serie A
0,0,1,0,300,Oliver Baumann,140,3,8,1,2,Breisach,Germany,Hoffenheim,1. Bundesliga
15,8,2,0,301,Josh Brownhill,125,12,13,12,11,Warrington,England,Burnley,1. Premier League
9,4,3,0,302,Adnan Januzaj,147,6,10,13,6,Brussels,Belgium,Real Sociedad,1. La Liga
32,21,6,0,303,Sergio Postigo,131,14,14,5,15,Madrid,Spain,Levante,1. La Liga
0,0,2,0,304,Jordan Pickford,146,1,16,1,3,Washington,England,Everton,1. Premier League
3,1,3,0,305,Antonio Barragán,125,14,12,8,13,Los Palacios y Villafranca,Spain,Betis,1. La Liga
21,15,7,1,306,Ruslan Malinovskyi,141,11,11,15,9,Zhytomyr,Ukraine,Atalanta,1. Serie A
2,1,0,0,307,Pablo Piatti,126,10,9,14,4,La Carlota,Argentina,Espanyol,1. La Liga
63,40,7,0,308,Joshua Kimmich,171,14,12,12,14,Rottweil,Germany,Bayern Munich,1. Bundesliga
70,42,4,0,309,Kevin Mbabu,141,15,14,6,12,Chêne-Bougeries,Switzerland,Wolfsburg,1. Bundesliga
70,53,11,0,310,Dani Carvajal,156,15,17,9,14,Leganés,Spain,Real Madrid,1. La Liga
48,30,9,0,311,Ashley Westwood,132,14,13,10,13,Nantwich,England,Burnley,1. Premier League
14,11,4,0,312,Timo Werner,156,8,16,14,6,Stuttgart,Germany,RB Leipzig,1. Bundesliga
45,25,6,0,313,Jordan Veretout,146,13,13,14,12,Ancenis,France,Roma,1. Serie A
32,20,8,1,314,Lorenzo Pellegrini,155,10,13,11,10,Rome,Italy,Roma,1. Serie A
8,5,0,0,315,Unai García,128,13,12,8,14,Escároz,Spain,Osasuna,1. La Liga
33,17,1,0,316,Jay Rodriguez,132,10,13,13,10,Burnley,England,Burnley,1. Premier League
12,7,4,0,317,Edoardo Goldaniga,122,14,14,6,13,Milan,Italy,Genoa,1. Serie A
63,39,5,0,318,Amir Rrahmani,130,15,16,5,15,Pristina,Kosovo,Hellas Verona,1. Serie A
0,0,1,0,319,Nick Pope,140,2,8,3,1,Soham,England,Burnley,1. Premier League
56,39,5,0,320,Oriol Romeu,131,15,15,8,14,Ulldecona,Spain,Southampton,1. Premier League
28,17,3,0,321,Neal Maupay,132,8,17,13,6,Versailles,France,Brighton,1. Premier League
50,33,9,0,322,Raúl Albiol,148,14,11,9,16,Vilamarxant,Spain,Villarreal,1. La Liga
11,7,5,0,323,Maxi Gómez,149,10,14,14,11,Paysandú,Uruguay,Valencia,1. La Liga
37,26,0,0,324,Roberto Firmino,168,14,13,12,13,Maceió,Brazil,Liverpool,1. Premier League
19,12,6,1,325,Justin Kluivert,142,5,14,10,3,Amsterdam,Netherlands,Roma,1. Serie A
17,11,4,0,326,Joaquín,119,13,10,9,14,El Puerto de Santa María,Spain,Betis,1. La Liga
17,11,4,0,327,Joaquín,140,8,7,14,6,El Puerto de Santa María,Spain,Betis,1. La Liga
0,0,1,0,328,Mattia Perin,143,1,10,5,5,Latina,Italy,Genoa,1. Serie A
62,39,2,0,329,Djibril Sow,135,12,15,10,10,Zurich,Switzerland,Eint Frankfurt,1. Bundesliga
69,41,10,1,330,Lucas Leiva,152,17,15,9,15,Dourados,Brazil,Lazio,1. Serie A
7,5,1,0,331,Sergio Agüero,178,5,14,16,4,Buenos Aires F.D.,Argentina,Manchester City,1. Premier League
24,17,6,0,332,Jules Koundé,152,16,12,8,15,Paris,France,Sevilla,1. La Liga
112,75,12,0,333,Casemiro,160,14,18,11,13,São José dos Campos,Brazil,Real Madrid,1. La Liga
12,9,2,0,334,Thomas Lemar,150,6,9,14,7,Baie-Mahault,Guadeloupe,Atlético Madrid,1. La Liga
7,2,0,0,335,Suso,149,8,12,14,7,Cadiz,Spain,Sevilla,1. La Liga
17,14,0,0,336,Suso,149,8,12,14,7,Cadiz,Spain,Sevilla,1. La Liga
7,2,2,0,337,Suso,149,8,12,14,7,Cadiz,Spain,Milan,1. Serie A
17,14,2,0,338,Suso,149,8,12,14,7,Cadiz,Spain,Milan,1. Serie A
10,6,1,0,339,Chris Wood,134,9,14,15,7,Auckland,New Zealand,Burnley,1. Premier League
50,38,11,2,340,Clément Lenglet,156,16,12,8,15,Beauvais,France,Barcelona,1. La Liga
25,14,5,1,341,Federico Peluso,128,14,12,7,14,Rome,Italy,Sassuolo,1. Serie A
48,29,7,0,342,Aaron Cresswell,131,12,8,13,13,Liverpool,England,West Ham,1. Premier League
3,2,0,0,343,Curtis Jones,131,9,10,12,9,Liverpool,England,Liverpool,1. Premier League
19,14,2,0,344,Bruno Fernandes,165,10,18,19,6,Maia,Portugal,Manchester Utd,1. Premier League
42,36,3,0,345,Thorgan Hazard,147,8,14,13,6,La Louvière,Belgium,Dortmund,1. Bundesliga
6,3,2,1,346,Jean-Philippe Mateta,135,5,9,12,7,Châteauroux,France,Mainz 05,1. Bundesliga
33,18,7,0,347,Felipe,152,15,18,11,16,Mogi das Cruzes,Brazil,Atlético Madrid,1. La Liga
37,24,7,0,348,Lucas Torreira,145,15,16,11,14,Fray Bentos,Uruguay,Arsenal,1. Premier League
22,17,3,0,349,Benjamin Mendy,150,14,15,10,12,Longjumeau,France,Manchester City,1. Premier League
18,11,3,0,350,Alfred Duncan,137,15,15,6,13,Accra,Ghana,Sassuolo,1. Serie A
13,7,3,0,351,Alfred Duncan,137,15,15,6,13,Accra,Ghana,Sassuolo,1. Serie A
18,11,2,0,352,Alfred Duncan,137,15,15,6,13,Accra,Ghana,Fiorentina,1. Serie A
13,7,2,0,353,Alfred Duncan,137,15,15,6,13,Accra,Ghana,Fiorentina,1. Serie A
52,34,5,0,354,Luis Alberto,156,4,12,14,3,San José del Valle,Spain,Lazio,1. Serie A
65,45,13,0,355,Thomas Partey,151,14,12,8,13,NULL,NULL,Atlético Madrid,1. La Liga
31,16,10,0,356,Leonardo Bonucci,167,12,11,13,14,Viterbo,Italy,Juventus,1. Serie A
4,3,1,0,357,Paulinho,130,8,6,13,8,Rio de Janeiro,Brazil,Leverkusen,1. Bundesliga
37,23,6,0,358,Pau Torres,154,16,13,8,16,Villarreal,Spain,Villarreal,1. La Liga
19,9,3,0,359,Andrea Ranocchia,133,15,14,8,14,Assisi,Italy,Inter,1. Serie A
39,23,6,1,360,Domenico Berardi,144,7,16,15,5,Cariati,Italy,Sassuolo,1. Serie A
0,0,2,0,361,Kasper Schmeichel,150,3,17,1,1,Copenhagen,Denmark,Leicester City,1. Premier League
102,61,1,0,362,César Azpilicueta,150,15,12,8,12,Pamplona,Spain,Chelsea,1. Premier League
7,4,1,0,363,Ádám Szalai,131,7,16,10,6,Budapest főváros,Hungary,Mainz 05,1. Bundesliga
33,22,4,1,364,Kerem Demirbay,145,12,13,13,9,Herten,Germany,Leverkusen,1. Bundesliga
0,0,0,0,365,Vincenzo Grifo,135,9,11,13,7,Pforzheim,Germany,Hoffenheim,1. Bundesliga
18,9,0,0,366,Vincenzo Grifo,135,9,11,13,7,Pforzheim,Germany,Hoffenheim,1. Bundesliga
0,0,1,1,367,Vincenzo Grifo,135,9,11,13,7,Pforzheim,Germany,Freiburg,1. Bundesliga
18,9,1,1,368,Vincenzo Grifo,135,9,11,13,7,Pforzheim,Germany,Freiburg,1. Bundesliga
10,8,4,1,369,Gianluca Caprari,131,4,10,13,4,Rome,Italy,Sampdoria,1. Serie A
4,4,4,1,370,Gianluca Caprari,131,4,10,13,4,Rome,Italy,Sampdoria,1. Serie A
10,8,1,0,371,Gianluca Caprari,131,4,10,13,4,Rome,Italy,Parma,1. Serie A
4,4,1,0,372,Gianluca Caprari,131,4,10,13,4,Rome,Italy,Parma,1. Serie A
79,54,5,0,373,Koke,163,14,14,10,13,Madrid,Spain,Atlético Madrid,1. La Liga
18,13,3,0,374,Nadiem Amiri,135,11,17,12,9,Kreisfreie Stadt Ludwigshafen am Rhein,Germany,Leverkusen,1. Bundesliga
13,9,3,1,375,Mario Hermoso,149,16,11,8,15,Madrid,Spain,Atlético Madrid,1. La Liga
34,22,10,1,376,Gary Medel,135,15,18,4,16,Santiago,Chile,Bologna,1. Serie A
55,31,2,0,377,Charles Aránguiz,150,13,13,17,12,Puente Alto,Chile,Leverkusen,1. Bundesliga
57,40,2,0,378,Youri Tielemans,154,11,11,14,11,Sint-Pieters-Leeuw,Belgium,Leicester City,1. Premier League
4,2,0,0,379,Asier Villalibre,125,4,12,10,5,Gernika-Lumo,Spain,Athletic Club,1. La Liga
43,27,6,1,380,Arthur Masuaku,129,11,9,9,11,Lille,France,West Ham,1. Premier League
30,19,4,0,381,Nicolas Pépé,151,4,6,16,4,Mantes-la-Jolie,France,Arsenal,1. Premier League
5,2,0,0,382,Mads Pedersen,119,12,10,5,12,Hørsholm,Denmark,Augsburg,1. Bundesliga
74,49,11,1,383,Mauro Arambarri,134,15,14,6,13,Salto,Uruguay,Getafe,1. La Liga
19,13,0,0,384,Mason Greenwood,140,3,13,10,2,Bradford,England,Manchester Utd,1. Premier League
23,15,0,0,385,Iñigo Lekue,130,13,10,9,12,Bilbao,Spain,Athletic Club,1. La Liga
61,35,8,0,386,Rani Khedira,127,14,15,9,13,Stuttgart,Germany,Augsburg,1. Bundesliga
15,11,9,0,387,Dominic Calvert-Lewin,136,5,13,7,6,Sheffield,England,Everton,1. Premier League
63,42,10,2,388,Sofyan Amrabat,133,13,11,10,11,Gemeente Huizen,Netherlands,Hellas Verona,1. Serie A
10,8,0,0,389,Kevin Long,126,14,17,10,13,Cork,Republic of Ireland,Burnley,1. Premier League
28,16,1,0,390,Moi Gómez,136,8,8,12,7,Rojales,Spain,Villarreal,1. La Liga
68,40,5,0,391,Leander Dendoncker,140,14,14,5,14,Passendale,Belgium,Wolves,1. Premier League
55,35,16,1,392,Gianluca Mancini,148,16,16,5,15,Pontedera,Italy,Roma,1. Serie A
51,35,5,1,393,Juraj Kucka,136,13,14,12,13,Bojnice,Slovakia,Parma,1. Serie A
78,63,9,0,394,Sergio Busquets,165,15,12,11,15,Sabadell,Spain,Barcelona,1. La Liga
8,5,3,0,395,Francesco Caputo,136,8,9,15,5,Altamura,Italy,Sassuolo,1. Serie A
98,55,4,1,396,Serge Aurier,140,15,15,6,13,Paris,France,Tottenham,1. Premier League
8,5,1,0,397,Lukáš Haraslín,119,8,7,10,6,Bratislava,Slovakia,Sassuolo,1. Serie A
0,0,1,0,398,Robin Zentner,123,3,8,3,3,Rüdesheim am Rhein,Germany,Mainz 05,1. Bundesliga
0,0,1,0,399,Mariano,147,5,14,14,5,Barcelona,Spain,Real Madrid,1. La Liga
57,37,9,0,400,Igor Zubeldia,145,14,15,12,14,Azkoitia,Spain,Real Sociedad,1. La Liga
51,26,6,0,401,Rubén García,138,9,9,13,5,Valencia,Spain,Osasuna,1. La Liga
6,2,1,0,402,Tyrick Mitchell,106,11,5,6,12,England,United Kingdom,Crystal Palace,1. Premier League
27,19,3,0,403,Tanguy Ndombele,145,13,13,7,13,Longjumeau,France,Tottenham,1. Premier League
3,2,0,0,404,Asier Illarramendi,150,14,15,9,14,Mutriku,Spain,Real Sociedad,1. La Liga
49,28,5,0,405,Martín Montoya,130,13,13,8,12,Viladecans,Spain,Brighton,1. Premier League
7,4,3,0,406,Patrik Schick,140,7,12,12,6,Prague,Czech Republic,RB Leipzig,1. Bundesliga
72,45,9,0,407,Nicolas Höfler,128,12,12,7,12,Überlingen,Germany,Freiburg,1. Bundesliga
0,0,2,1,408,Unai Simón,139,3,11,3,3,Vitoria-Gasteiz,Spain,Athletic Club,1. La Liga
32,21,0,0,409,Danny da Costa,133,13,14,9,13,Neuss,Germany,Eint Frankfurt,1. Bundesliga
42,31,4,0,410,Axel Witsel,159,13,11,14,11,Liège,Belgium,Dortmund,1. Bundesliga
12,8,1,0,411,Matteo Politano,149,6,7,14,5,Rome,Italy,Napoli,1. Serie A
1,1,1,0,412,Matteo Politano,149,6,7,14,5,Rome,Italy,Napoli,1. Serie A
12,8,0,0,413,Matteo Politano,149,6,7,14,5,Rome,Italy,Inter,1. Serie A
1,1,0,0,414,Matteo Politano,149,6,7,14,5,Rome,Italy,Inter,1. Serie A
11,4,2,0,415,Romelu Lukaku,172,9,16,18,5,Antwerp,Belgium,Inter,1. Serie A
13,7,2,0,416,Ibrahima Konaté,134,14,9,7,14,Paris,France,RB Leipzig,1. Bundesliga
19,12,0,0,417,John Stones,156,17,10,12,14,Barnsley,England,Manchester City,1. Premier League
0,0,0,0,418,Matteo Lovato,91,13,8,3,15,Monselice,Italy,Hellas Verona,1. Serie A
25,16,10,0,419,Stefano Okaka,132,6,14,8,6,Castiglione del Lago,Italy,Udinese,1. Serie A
20,12,2,0,420,Marcelo,151,13,15,12,11,Rio de Janeiro,Brazil,Real Madrid,1. La Liga
39,25,4,1,421,José Campaña,145,13,10,12,9,Seville,Spain,Levante,1. La Liga
25,16,6,0,422,Joselu,130,10,8,13,7,Stuttgart,Germany,Alavés,1. La Liga
46,24,3,0,423,Raphael Framberger,119,13,14,6,13,Kreisfreie Stadt Augsburg,Germany,Augsburg,1. Bundesliga
32,20,1,0,424,Yannick Gerhardt,133,12,14,10,10,Würselen,Germany,Wolfsburg,1. Bundesliga
66,45,5,0,425,Jean-Paul Boëtius,132,7,8,12,5,Rotterdam,Netherlands,Mainz 05,1. Bundesliga
33,20,3,0,426,Alfonso Pedraza,134,9,16,11,10,San Sebastián de los Ballesteros,Spain,Betis,1. La Liga
1,0,0,0,427,Xherdan Shaqiri,149,5,12,12,5,Komuna e Gjilanit,Kosovo,Liverpool,1. Premier League
64,44,8,0,428,Rodri,155,15,10,8,12,Madrid,Spain,Manchester City,1. Premier League
0,0,1,0,429,Emil Audero,134,3,10,4,2,Mataram,Indonesia,Sampdoria,1. Serie A
49,31,3,1,430,Davide Biraschi,131,14,15,7,14,Bergamo,Italy,Genoa,1. Serie A
9,4,2,0,431,Borja Mayoral,136,7,16,15,6,Parla,Spain,Levante,1. La Liga
11,8,0,0,432,Corentin Tolisso,152,11,16,9,12,Tarare,France,Bayern Munich,1. Bundesliga
22,12,3,0,433,Andreas Pereira,133,6,12,14,2,Duffel,Belgium,Manchester Utd,1. Premier League
2,1,1,0,434,Miguel,84,13,5,5,13,NULL,NULL,Valladolid,1. La Liga
61,38,4,0,435,Arturo Vidal,158,17,20,18,15,Santiago,Chile,Barcelona,1. La Liga
41,31,11,0,436,Nicolò Barella,163,17,19,14,11,Cagliari,Italy,Inter,1. Serie A
43,29,4,0,437,Julian Baumgartlinger,137,16,18,8,13,Salzburg,Austria,Leverkusen,1. Bundesliga
18,14,2,0,438,Pedro Bigas,133,14,12,7,14,Palma,Spain,Eibar,1. La Liga
54,31,2,0,439,Dominique Heintz,132,15,7,9,15,Neustadt an der Weinstraße,Germany,Freiburg,1. Bundesliga
17,13,3,0,440,Iñaki Williams,154,7,10,9,5,Bilbao,Spain,Athletic Club,1. La Liga
5,0,0,0,441,Ryan Sessegnon,129,9,4,10,9,Roehampton,England,Tottenham,1. Premier League
56,35,4,1,442,Jack Stephens,132,14,13,9,14,Torpoint,England,Southampton,1. Premier League
125,76,6,0,443,Wilfred Ndidi,150,19,14,11,13,Lagos,Nigeria,Leicester City,1. Premier League
40,25,2,0,444,Robin Knoche,132,14,5,6,14,Braunschweig,Germany,Wolfsburg,1. Bundesliga
5,4,0,0,445,Jean-Philippe Gbamin,140,17,16,7,13,San-Pédro,Côte d'Ivoire,Everton,1. Premier League
58,36,4,0,446,Yves Bissouma,127,9,8,9,8,Bamako Region,Mali,Brighton,1. Premier League
24,16,2,0,447,Milot Rashica,140,6,13,10,5,Vushtrri,Kosovo,Werder Bremen,1. Bundesliga
7,4,1,0,448,Juan Foyth,136,15,14,8,12,La Plata,Argentina,Tottenham,1. Premier League
20,11,1,0,449,Carles Aleñá,133,7,10,14,5,Mataró,Spain,Betis,1. La Liga
2,1,1,0,450,Carles Aleñá,133,7,10,14,5,Mataró,Spain,Betis,1. La Liga
20,11,0,0,451,Carles Aleñá,133,7,10,14,5,Mataró,Spain,Barcelona,1. La Liga
2,1,0,0,452,Carles Aleñá,133,7,10,14,5,Mataró,Spain,Barcelona,1. La Liga
27,14,0,0,453,Alex Iwobi,144,7,12,11,7,Lagos,Nigeria,Everton,1. Premier League
4,2,2,0,454,Håvard Nordtveit,127,13,12,8,13,Vats,Norway,Hoffenheim,1. Bundesliga
10,7,6,0,455,Alberto Grassi,127,15,12,11,9,Brescia,Italy,Parma,1. Serie A
57,41,2,0,456,Toni Kroos,162,9,9,13,8,Greifswald,Germany,Real Madrid,1. La Liga
43,20,3,0,457,Yerry Mina,140,14,13,9,14,Guachené,Colombia,Everton,1. Premier League
25,15,3,0,458,Coke,136,13,16,12,10,Madrid,Spain,Levante,1. La Liga
10,8,0,0,459,Giacomo Raspadori,114,4,11,12,3,Bentivoglio,Italy,Sassuolo,1. Serie A
8,6,0,0,460,Florian Lejeune,131,14,11,7,15,Paris,France,Newcastle Utd,1. Premier League
27,11,2,0,461,Kevin Akpoguma,131,14,12,10,13,Neustadt an der Weinstraße,Germany,Hoffenheim,1. Bundesliga
35,24,8,0,462,Ruben Vargas,129,9,15,10,6,Adligenswil,Switzerland,Augsburg,1. Bundesliga
55,25,5,0,463,Berat Djimsiti,140,15,13,6,15,Zurich,Switzerland,Atalanta,1. Serie A
1,0,1,0,464,Marc-André ter Stegen,170,1,11,5,3,Mönchengladbach,Germany,Barcelona,1. La Liga
18,9,2,0,465,Andoni Gorosabel,125,13,14,5,13,Mondragón,Spain,Real Sociedad,1. La Liga
52,33,8,0,466,Douglas Luiz,137,14,13,11,14,Rio de Janeiro,Brazil,Aston Villa,1. Premier League
9,6,0,0,467,Eduard Löwen,128,12,12,10,12,Idar-Oberstein,Germany,Hertha BSC,1. Bundesliga
14,10,0,0,468,Eduard Löwen,128,12,12,10,12,Idar-Oberstein,Germany,Hertha BSC,1. Bundesliga
9,6,0,0,469,Eduard Löwen,128,12,12,10,12,Idar-Oberstein,Germany,Augsburg,1. Bundesliga
14,10,0,0,470,Eduard Löwen,128,12,12,10,12,Idar-Oberstein,Germany,Augsburg,1. Bundesliga
17,13,0,0,471,Karim Benzema,174,9,7,14,7,Lyon,France,Real Madrid,1. La Liga
35,23,5,1,472,Janik Haberer,133,10,18,13,8,Wangen im Allgäu,Germany,Freiburg,1. Bundesliga
17,11,6,0,473,Ángel Montoro,126,14,13,8,12,Valencia,Spain,Granada,1. La Liga
31,19,4,0,474,Paolo Ghiglione,126,12,9,8,12,Voghera,Italy,Genoa,1. Serie A
24,17,4,0,475,Matt Ritchie,130,12,15,15,10,Gosport,England,Newcastle Utd,1. Premier League
50,23,6,0,476,Niko Gießelmann,124,13,13,13,11,Hanover,Germany,Düsseldorf,1. Bundesliga
10,7,1,0,477,Cristian Tello,140,6,10,11,5,Sabadell,Spain,Betis,1. La Liga
24,16,1,0,478,Daley Sinkgraven,129,11,12,8,9,Gemeente Assen,Netherlands,Leverkusen,1. Bundesliga
45,34,4,0,479,Angelo Ogbonna,132,12,16,7,14,Cassino,Italy,West Ham,1. Premier League
39,27,1,0,480,Jack Cork,136,14,14,7,12,Carshalton,England,Burnley,1. Premier League
5,5,3,1,481,Borja Iglesias,146,8,12,14,7,Santiago de Compostela,Spain,Betis,1. La Liga
122,68,1,0,482,Ricardo Pereira,150,16,11,12,12,Lisbon,Portugal,Leicester City,1. Premier League
38,21,9,1,483,Alessandro Bastoni,151,14,14,8,15,Casalmaggiore,Italy,Inter,1. Serie A
93,51,6,1,484,Kingsley Ehizibue,124,13,12,8,11,Munich,Germany,Köln,1. Bundesliga
0,0,0,0,485,Wayne Hennessey,124,3,12,1,3,Bangor,Wales,Crystal Palace,1. Premier League
20,12,0,0,486,Emil Krafth,126,12,11,7,12,Ljungby,Sweden,Newcastle Utd,1. Premier League
44,31,7,0,487,Matteo Pessina,126,12,12,10,10,Monza,Italy,Hellas Verona,1. Serie A
16,7,2,0,488,José Callejón,153,9,12,12,8,Motril,Spain,Napoli,1. Serie A
4,2,2,0,489,Juan Jesus,134,17,16,9,15,Belo Horizonte,Brazil,Roma,1. Serie A
0,0,0,0,490,Tim Lemperle,86,6,9,7,5,Frankfurt am Main,Germany,Köln,1. Bundesliga
28,18,3,0,491,Martin Ødegaard,148,8,7,8,9,Drammen,Norway,Real Sociedad,1. La Liga
0,0,2,0,492,Emiliano Martínez,140,2,7,3,3,Mar del Plata,Argentina,Arsenal,1. Premier League
0,0,0,0,493,Rui Patrício,153,1,12,6,1,Marrazes,Portugal,Wolves,1. Premier League
19,13,0,0,494,Jarrod Bowen,135,5,8,14,5,Hereford,England,West Ham,1. Premier League
19,15,0,0,495,Ondrej Duda,138,11,10,15,8,Snina,Slovakia,Norwich City,1. Premier League
5,3,0,0,496,Ondrej Duda,138,11,10,15,8,Snina,Slovakia,Norwich City,1. Premier League
19,15,2,0,497,Ondrej Duda,138,11,10,15,8,Snina,Slovakia,Hertha BSC,1. Bundesliga
5,3,2,0,498,Ondrej Duda,138,11,10,15,8,Snina,Slovakia,Hertha BSC,1. Bundesliga
26,15,7,0,499,Joe Gomez,154,15,14,5,14,Catford,England,Liverpool,1. Premier League
0,0,0,1,500,Alisson,174,2,12,5,1,Novo Hamburgo,Brazil,Liverpool,1. Premier League
25,12,2,0,501,Quini,118,12,14,8,11,Fernán Núñez,Spain,Granada,1. La Liga
6,5,2,0,502,Adama Soumaoro,125,13,13,6,15,Fontenay-aux-Roses,France,Genoa,1. Serie A
0,0,0,0,503,Francesco Rossi,45,6,10,3,4,Merate,Italy,Atalanta,1. Serie A
0,0,0,0,504,Francesco Rossi,101,3,5,1,1,Merate,Italy,Atalanta,1. Serie A
8,5,0,0,505,Ademola Lookman,136,6,13,10,4,Wandsworth,England,RB Leipzig,1. Bundesliga
34,20,8,1,506,Dedryck Boyata,136,16,14,7,15,Uccle,Belgium,Hertha BSC,1. Bundesliga
29,22,2,0,507,Christopher Nkunku,135,11,15,11,9,Lagny-sur-Marne,France,RB Leipzig,1. Bundesliga
20,13,4,1,508,Hamza Choudhury,138,16,17,8,14,Loughborough,England,Leicester City,1. Premier League
20,12,5,0,509,Luca Ceppitelli,131,15,14,3,14,Castiglione del Lago,Italy,Cagliari,1. Serie A
29,21,9,0,510,Iago Aspas,155,6,10,16,5,Moaña,Spain,Celta Vigo,1. La Liga
34,20,6,0,511,Nicola Sansone,137,6,12,14,5,Munich,Germany,Bologna,1. Serie A
2,2,3,0,512,Gastón Pereiro,131,4,11,13,5,Montevideo,Uruguay,Cagliari,1. Serie A
35,19,5,0,513,William Troost-Ekong,132,14,14,6,14,Gemeente Haarlem,Netherlands,Udinese,1. Serie A
30,15,3,0,514,Fikayo Tomori,150,15,17,5,13,Calgary,Alberta,Chelsea,1. Premier League
2,2,4,0,515,Chema,130,14,14,7,14,Caudete,Spain,Getafe,1. La Liga
77,53,6,0,516,Fabinho,160,16,16,15,15,Campinas,Brazil,Liverpool,1. Premier League
63,32,4,1,517,Jorge Miramón,130,12,11,7,10,Zaragoza,Spain,Levante,1. La Liga
84,42,9,0,518,Stefan Posch,132,14,8,9,14,Judenburg,Austria,Hoffenheim,1. Bundesliga
2,2,0,0,519,Daniel Podence,130,5,13,10,6,Oeiras,Portugal,Wolves,1. Premier League
0,0,0,0,520,Andreas Luthe,122,3,8,3,1,Velbert,Germany,Augsburg,1. Bundesliga
7,3,0,0,521,Davide Zappacosta,141,14,11,7,13,Sora,Italy,Roma,1. Serie A
0,0,0,0,522,Daniel Maldini,87,6,4,9,7,Milan,Italy,Milan,1. Serie A
26,18,2,1,523,Jaume Costa,141,14,15,6,13,Valencia,Spain,Valencia,1. La Liga
76,53,9,0,524,Sebastian Rudy,144,12,10,11,11,Villingen-Schwenningen,Germany,Hoffenheim,1. Bundesliga
13,9,3,0,525,Jesse Lingard,141,6,15,10,5,Warrington,England,Manchester Utd,1. Premier League
22,16,6,0,526,João Pedro,125,7,13,11,7,Ipatinga,Brazil,Cagliari,1. Serie A
51,34,0,0,527,Ayoze Pérez,141,10,6,11,5,Santa Cruz de Tenerife,Spain,Leicester City,1. Premier League
17,14,5,0,528,Gerard Moreno,146,6,13,15,5,Santa Perpètua de Mogoda,Spain,Villarreal,1. La Liga
0,0,0,0,529,Daniel Fuzato,103,2,11,3,1,Santa Bárbara d'Oeste,Brazil,Roma,1. Serie A
42,29,3,0,530,Pablo Fornals,142,14,15,9,12,Castellón de la Plana,Spain,West Ham,1. Premier League
0,0,0,0,531,David Ospina,140,2,10,2,2,Medellín,Colombia,Napoli,1. Serie A
7,2,6,0,532,Lucas Alario,134,6,10,14,6,Tostado,Argentina,Leverkusen,1. Bundesliga
25,17,7,0,533,Tyrone Mings,135,15,15,2,13,Bath,England,Aston Villa,1. Premier League
9,4,0,0,534,Alexis Mac Allister,134,7,15,10,7,Santa Rosa,Argentina,Brighton,1. Premier League
5,4,2,1,535,Juanmi,140,8,6,10,6,Coín,Spain,Betis,1. La Liga
3,3,2,0,536,Stefan Ilsanker,130,17,17,9,14,Hallein,Austria,RB Leipzig,1. Bundesliga
26,16,2,0,537,Stefan Ilsanker,130,17,17,9,14,Hallein,Austria,RB Leipzig,1. Bundesliga
3,3,4,0,538,Stefan Ilsanker,130,17,17,9,14,Hallein,Austria,Eint Frankfurt,1. Bundesliga
26,16,4,0,539,Stefan Ilsanker,130,17,17,9,14,Hallein,Austria,Eint Frankfurt,1. Bundesliga
15,10,2,0,540,Andriy Yarmolenko,138,7,11,16,6,Leningrad,Russia,West Ham,1. Premier League
0,0,0,0,541,Germán Valera,75,5,8,7,3,Murcia,Spain,Atlético Madrid,1. La Liga
11,9,1,0,542,Grégoire Defrel,134,8,9,10,6,Meudon,France,Sassuolo,1. Serie A
36,23,2,0,543,Christian Günter,132,12,14,8,12,Villingen-Schwenningen,Germany,Freiburg,1. Bundesliga
7,0,0,0,544,Kostas Stafylidis,128,16,12,12,10,Thessaloniki,Greece,Hoffenheim,1. Bundesliga
62,36,5,0,545,Miguel Almirón,144,8,7,11,8,Asunción,Paraguay,Newcastle Utd,1. Premier League
12,9,5,0,546,Gian Marco Ferrari,134,13,12,7,15,Province of Parma,Italy,Sassuolo,1. Serie A
30,18,2,0,547,Dennis Praet,140,12,7,10,8,Leuven,Belgium,Leicester City,1. Premier League
25,16,1,0,548,Paul Pogba,169,9,12,15,6,Lagny-sur-Marne,France,Manchester Utd,1. Premier League
33,23,5,0,549,Kyle Walker,151,13,12,6,12,Sheffield,England,Manchester City,1. Premier League
57,35,8,0,550,Maximilian Arnold,142,12,12,11,13,Riesa,Germany,Wolfsburg,1. Bundesliga
1,1,0,0,551,Manuel Neuer,176,3,8,10,3,Gelsenkirchen,Germany,Bayern Munich,1. Bundesliga
12,7,1,1,552,Mamadou Sakho,143,16,15,7,15,Paris,France,Crystal Palace,1. Premier League
56,39,7,1,553,Adrien Rabiot,154,12,12,12,10,Saint-Maurice,France,Juventus,1. Serie A
38,27,6,0,554,Unai López,134,7,13,8,5,Bilbao,Spain,Athletic Club,1. La Liga
15,10,0,0,555,Javier Pastore,143,4,8,14,4,Córdoba,Argentina,Roma,1. Serie A
66,35,4,0,556,Maximilian Mittelstädt,127,14,13,10,13,Land Berlin,Germany,Hertha BSC,1. Bundesliga
38,25,0,0,557,Serge Gnabry,165,5,13,10,5,Stuttgart,Germany,Bayern Munich,1. Bundesliga
32,21,0,0,558,Riyad Mahrez,153,8,6,11,5,Sarcelles,France,Manchester City,1. Premier League
49,33,7,2,559,Armando Izzo,146,14,16,6,16,Naples,Italy,Torino,1. Serie A
44,23,2,0,560,Manuel Akanji,144,16,10,8,15,Wiesendangen / Wiesendangen (Dorf),Switzerland,Dortmund,1. Bundesliga
23,20,5,0,561,Dries Mertens,155,5,12,16,4,Leuven,Belgium,Napoli,1. Serie A
16,13,5,0,562,Danny Rose,143,16,16,10,14,Doncaster,England,Tottenham,1. Premier League
26,15,5,0,563,Danny Rose,143,16,16,10,14,Doncaster,England,Tottenham,1. Premier League
16,13,2,0,564,Danny Rose,143,16,16,10,14,Doncaster,England,Newcastle Utd,1. Premier League
26,15,2,0,565,Danny Rose,143,16,16,10,14,Doncaster,England,Newcastle Utd,1. Premier League
67,31,4,0,566,Joel Ward,127,15,16,5,13,Emsworth,England,Crystal Palace,1. Premier League
9,4,6,0,567,João Félix,159,7,14,14,4,Viseu Municipality,Portugal,Atlético Madrid,1. La Liga
18,8,3,0,568,Marvin Zeegelaar,128,12,12,10,9,Amsterdam,Netherlands,Udinese,1. Serie A
33,21,4,0,569,Pascal Groß,136,9,13,13,9,Mannheim,Germany,Brighton,1. Premier League
2,0,0,0,570,Wilfried Singo,132,13,14,6,10,Ouragahio,Côte d'Ivoire,Torino,1. Serie A
2,1,1,0,571,Tachi,107,13,13,5,13,Fuenlabrada,Spain,Alavés,1. La Liga
8,7,0,0,572,Reece Oxford,122,15,12,9,14,Edmonton,England,Augsburg,1. Bundesliga
15,12,1,0,573,Anthony Martial,155,3,8,16,2,Massy,France,Manchester Utd,1. Premier League
25,14,2,0,574,Simon Kjær,139,15,17,9,15,Horsens,Denmark,Milan,1. Serie A
4,3,2,0,575,Simon Kjær,139,15,17,9,15,Horsens,Denmark,Milan,1. Serie A
25,14,2,0,576,Simon Kjær,139,15,17,9,15,Horsens,Denmark,Atalanta,1. Serie A
4,3,2,0,577,Simon Kjær,139,15,17,9,15,Horsens,Denmark,Atalanta,1. Serie A
55,34,10,0,578,Omar Colley,132,14,14,6,14,Banjul,Gambia,Sampdoria,1. Serie A
4,3,1,0,579,Lucien Agoume,100,10,8,10,10,Yaoundé,Cameroon,Inter,1. Serie A
47,25,8,1,580,Mato Jajalo,128,11,14,12,10,Jajce,Bosnia and Herzegovina,Udinese,1. Serie A
43,28,12,0,581,Germán Pezzella,143,15,15,7,16,Bahía Blanca,Argentina,Fiorentina,1. Serie A
0,0,1,0,582,Andrea Consigli,134,1,8,1,1,Milan,Italy,Sassuolo,1. Serie A
17,11,4,0,583,Lorenzo Tonelli,129,15,16,5,14,Florence,Italy,Sampdoria,1. Serie A
70,45,4,0,584,Cheikhou Kouyaté,132,15,18,10,13,Dakar,Senegal,Crystal Palace,1. Premier League
17,8,2,0,585,Carlos Neva,121,11,12,5,10,El Puerto de Santa María,Spain,Granada,1. La Liga
19,12,5,0,586,Robert Lewandowski,184,7,18,19,6,Warsaw,Poland,Bayern Munich,1. Bundesliga
4,3,0,0,587,Adrien Tameze,130,14,12,11,12,Lille,France,Atalanta,1. Serie A
47,27,8,0,588,Ximo Navarro,124,14,13,9,13,Guadahortuna,Spain,Alavés,1. La Liga
35,16,7,0,589,Ben Mee,132,15,17,5,15,Sale,England,Burnley,1. Premier League
20,12,3,0,590,Toni Lato,120,13,12,8,12,Valencia,Spain,Osasuna,1. La Liga
7,4,2,0,591,Michael Gregoritsch,135,6,9,14,6,Graz,Austria,Schalke 04,1. Bundesliga
4,3,2,0,592,Michael Gregoritsch,135,6,9,14,6,Graz,Austria,Schalke 04,1. Bundesliga
7,4,0,0,593,Michael Gregoritsch,135,6,9,14,6,Graz,Austria,Augsburg,1. Bundesliga
4,3,0,0,594,Michael Gregoritsch,135,6,9,14,6,Graz,Austria,Augsburg,1. Bundesliga
30,18,4,0,595,Ander Guevara,128,16,10,4,16,Vitoria-Gasteiz,Spain,Real Sociedad,1. La Liga
9,7,3,0,596,Alexander Isak,150,6,11,14,5,Solna,Sweden,Real Sociedad,1. La Liga
4,2,1,0,597,Sheraldo Becker,116,5,11,9,4,Amsterdam,Netherlands,Union Berlin,1. Bundesliga
56,44,4,0,598,Xaver Schlager,136,13,17,9,12,Vienna,Austria,Wolfsburg,1. Bundesliga
0,0,0,0,599,Juan Pérez,125,1,8,2,1,Huesca,Spain,Osasuna,1. La Liga
31,21,12,0,600,Ante Budimir,124,12,14,16,7,Zenica,Bosnia and Herzegovina,Mallorca,1. La Liga
5,4,0,0,601,Rodrygo,130,6,7,12,5,Osasco,Brazil,Real Madrid,1. La Liga
0,0,0,0,602,Hugo Lloris,157,10,15,3,4,Nice,France,Tottenham,1. Premier League
16,11,2,0,603,Manolo Gabbiadini,135,7,10,15,5,Calcinate,Italy,Sampdoria,1. Serie A
16,10,2,0,604,Guido Carrillo,133,7,12,12,6,Magdalena,Argentina,Leganés,1. La Liga
0,0,2,0,605,David Soria,144,3,11,3,2,Madrid,Spain,Getafe,1. La Liga
53,31,8,0,606,Andrea Conti,139,14,11,8,13,Lecco,Italy,Milan,1. Serie A
53,36,7,0,607,Jerry St. Juste,126,14,14,8,12,Groningen,Netherlands,Mainz 05,1. Bundesliga
31,19,5,0,608,Jason,136,7,10,12,6,A Coruña,Spain,Getafe,1. La Liga
32,19,0,0,609,Jetro Willems,130,12,9,8,12,Rotterdam,Netherlands,Newcastle Utd,1. Premier League
48,29,3,0,610,Paolo Faragò,128,10,9,6,9,Catanzaro,Italy,Cagliari,1. Serie A
58,40,3,0,611,John McGinn,139,13,14,10,9,Glasgow,Scotland,Aston Villa,1. Premier League
0,0,0,0,612,Raúl Moro,91,6,11,4,7,Barcelona,Spain,Lazio,1. Serie A
93,51,5,0,613,José Luis Palomino,143,15,16,5,15,San Miguel,Argentina,Atalanta,1. Serie A
36,18,8,0,614,Tom Davies,131,12,15,8,10,Liverpool,England,Everton,1. Premier League
32,21,1,0,615,Amadou Haidara,134,11,14,9,10,Bamako,Mali,RB Leipzig,1. Bundesliga
19,15,2,0,616,Grischa Prömel,119,13,15,9,12,Stuttgart,Germany,Union Berlin,1. Bundesliga
48,23,5,0,617,Lukas Klünter,127,14,12,8,13,Euskirchen,Germany,Hertha BSC,1. Bundesliga
17,14,2,0,618,Mattias Svanberg,124,10,13,10,4,New York,New York,Bologna,1. Serie A
35,21,7,0,619,Domingos Duarte,138,14,13,11,15,Cascais,Portugal,Granada,1. La Liga
29,13,0,0,620,Koffi Djidji,132,15,12,6,14,Bagnolet,France,Torino,1. Serie A
65,36,2,0,621,Jordan Henderson,158,14,15,10,15,Sunderland,England,Liverpool,1. Premier League
27,24,7,0,622,Felipe Caicedo,141,10,13,14,3,Esmeraldas,Ecuador,Lazio,1. Serie A
41,22,6,1,623,Nicolas Nkoulou,144,14,12,7,15,Yaoundé,Cameroon,Torino,1. Serie A
0,0,0,0,624,Alex Meret,148,1,8,4,2,Udine,Italy,Napoli,1. Serie A
5,3,3,0,625,Riccardo Sottil,124,6,7,10,6,Torino,Italy,Fiorentina,1. Serie A
34,17,4,1,626,Danilo,130,14,15,10,14,Bicas,Brazil,Juventus,1. Serie A
34,17,4,1,627,Danilo,151,15,14,12,12,Bicas,Brazil,Juventus,1. Serie A
21,10,5,0,628,Florian Kainz,128,9,14,10,6,Graz,Austria,Köln,1. Bundesliga
0,0,0,0,629,Jacopo Da Riva,85,8,13,5,6,NULL,NULL,Atalanta,1. Serie A
15,9,7,0,630,Simone Zaza,137,9,18,12,7,Policoro,Italy,Torino,1. Serie A
67,45,14,0,631,Nahitan Nández,136,12,17,7,12,Maldonado Department,Uruguay,Cagliari,1. Serie A
10,10,4,0,632,Gonçalo Paciência,131,7,9,15,7,Porto Municipality,Portugal,Eint Frankfurt,1. Bundesliga
31,21,6,0,633,Manu Trigueros,138,9,13,13,8,Talavera de la Reina,Spain,Villarreal,1. La Liga
0,0,0,0,634,Samir Ujkani,107,5,2,1,1,Vushtrri,Kosovo,Torino,1. Serie A
48,31,3,0,635,Mason Mount,144,11,11,15,7,Portsmouth,England,Chelsea,1. Premier League
0,0,4,0,636,Rubén Blanco,138,3,9,7,2,Mos,Spain,Celta Vigo,1. La Liga
72,39,6,0,637,Matteo Darmian,137,17,12,4,15,Legnano,Italy,Parma,1. Serie A
1,1,0,0,638,Federico Dimarco,123,11,12,13,11,Milan,Italy,Inter,1. Serie A
10,6,0,0,639,Federico Dimarco,123,11,12,13,11,Milan,Italy,Inter,1. Serie A
1,1,1,0,640,Federico Dimarco,123,11,12,13,11,Milan,Italy,Hellas Verona,1. Serie A
10,6,1,0,641,Federico Dimarco,123,11,12,13,11,Milan,Italy,Hellas Verona,1. Serie A
49,25,4,0,642,Stuart Armstrong,135,8,11,12,6,Inverness,Scotland,Southampton,1. Premier League
49,20,13,2,643,Allan Nyom,133,15,13,7,14,Neuilly-sur-Seine,France,Getafe,1. La Liga
0,0,0,1,644,Fernando Pacheco,141,3,8,3,2,Badajoz,Spain,Alavés,1. La Liga
17,9,4,0,645,Lorenzo Venuti,126,13,11,9,13,Montevarchi,Italy,Fiorentina,1. Serie A
5,3,0,0,646,Kyle Walker-Peters,133,13,12,8,11,London,England,Tottenham,1. Premier League
15,9,0,0,647,Kyle Walker-Peters,133,13,12,8,11,London,England,Tottenham,1. Premier League
5,3,1,0,648,Kyle Walker-Peters,133,13,12,8,11,London,England,Southampton,1. Premier League
15,9,1,0,649,Kyle Walker-Peters,133,13,12,8,11,London,England,Southampton,1. Premier League
18,10,8,0,650,Jeff Hendrick,130,12,8,10,8,Dublin,Republic of Ireland,Burnley,1. Premier League
63,48,3,0,651,Remo Freuler,146,14,14,12,11,Ennenda,Switzerland,Atalanta,1. Serie A
15,11,8,0,652,Nicolò Zaniolo,151,11,16,12,8,Massa,Italy,Roma,1. Serie A
55,31,4,0,653,Jon Moncayola,115,13,12,10,7,Pamplona,Spain,Osasuna,1. La Liga
0,0,1,0,654,Antonio Sivera,122,2,4,5,2,Xàtiva,Spain,Alavés,1. La Liga
12,8,2,0,655,Sebastiano Luperto,131,14,12,5,13,Lecce,Italy,Napoli,1. Serie A
20,12,1,0,656,Adam Lallana,149,9,11,9,11,St Albans,England,Liverpool,1. Premier League
8,5,0,0,657,Anthony Ujah,124,7,17,10,6,Benue State,Nigeria,Union Berlin,1. Bundesliga
3,2,0,0,658,John Guidetti,124,6,15,16,6,Stockholm,Sweden,Alavés,1. La Liga
44,21,6,2,659,Benjamin Hübner,136,16,6,8,16,Wiesbaden,Germany,Hoffenheim,1. Bundesliga
41,23,1,0,660,Adama Traoré,150,5,12,9,4,l'Hospitalet de Llobregat,Spain,Wolves,1. Premier League
19,12,1,0,661,Emil Forsberg,142,8,11,10,6,Sundsvall,Sweden,RB Leipzig,1. Bundesliga
46,27,6,0,662,Robin Le Normand,129,14,12,3,13,Pabu,France,Real Sociedad,1. La Liga
35,20,3,0,663,Makoto Hasebe,135,14,10,9,12,Fujieda-shi,Japan,Eint Frankfurt,1. Bundesliga
34,24,7,0,664,Luke Shaw,138,15,12,7,14,Kingston upon Thames,England,Manchester Utd,1. Premier League
52,37,4,2,665,Roberto Soriano,139,9,10,9,9,Darmstadt,Germany,Bologna,1. Serie A
16,7,14,0,666,Roberto Soldado,129,8,16,16,6,Valencia,Spain,Granada,1. La Liga
23,19,8,0,667,Alexandre Lacazette,158,5,10,13,5,Lyon,France,Arsenal,1. Premier League
2,2,0,0,668,Keinan Davis,108,9,13,10,5,Birmingham,England,Aston Villa,1. Premier League
28,14,3,0,669,Cristiano Biraghi,139,13,12,9,12,Cernusco sul Naviglio,Italy,Inter,1. Serie A
138,65,8,0,670,Aaron Wan-Bissaka,144,20,14,5,12,Croydon,England,Manchester Utd,1. Premier League
0,0,2,0,671,Sergio Asenjo,147,2,9,4,1,Palencia,Spain,Villarreal,1. La Liga
0,0,1,0,672,Wladimiro Falcone,95,1,10,2,2,Rome,Italy,Sampdoria,1. Serie A
33,23,2,0,673,Raphaël Varane,165,17,11,10,17,Lille,France,Real Madrid,1. La Liga
8,5,4,1,674,Jorge Meré,130,16,11,6,15,Oviedo,Spain,Köln,1. Bundesliga
66,30,12,1,675,Romain Saïss,131,13,12,8,13,Bourg-de-Péage,France,Wolves,1. Premier League
30,18,2,0,676,Ludwig Augustinsson,133,14,10,10,12,Stockholm,Sweden,Werder Bremen,1. Bundesliga
0,0,2,0,677,Aitor Fernández,135,3,12,2,3,Mondragón,Spain,Levante,1. La Liga
53,33,4,0,678,Ismail Jakobs,108,11,12,9,9,Cologne,Germany,Köln,1. Bundesliga
52,32,10,1,679,Lucas Ocampos,143,7,14,13,5,Quilmes,Argentina,Sevilla,1. La Liga
14,8,2,0,680,Isco,160,8,10,15,5,Benalmádena,Spain,Real Madrid,1. La Liga
0,0,1,0,681,Juan Musso,137,1,9,3,3,San Nicolás de los Arroyos,Argentina,Udinese,1. Serie A
0,0,0,0,682,Eric Bailly,144,17,16,5,15,Abidjan,Côte d'Ivoire,Manchester Utd,1. Premier League
50,35,0,0,683,Julian Brandt,154,8,11,11,5,Bremen,Germany,Dortmund,1. Bundesliga
0,0,0,0,684,Willy Caballero,140,2,6,1,1,Santa Elena,Argentina,Chelsea,1. Premier League
12,6,3,0,685,Marcus Rashford,153,3,14,16,2,Wythenshawe,England,Manchester Utd,1. Premier League
5,4,2,0,686,Steven Bergwijn,149,4,10,8,4,Amsterdam,Netherlands,Tottenham,1. Premier League
1,0,0,0,687,Aymen Barkok,121,10,12,9,9,Frankfurt am Main,Germany,Düsseldorf,1. Bundesliga
43,21,2,1,688,Sean Longstaff,129,14,11,5,11,North Shields,England,Newcastle Utd,1. Premier League
1,1,0,0,689,Gianmarco Cangiano,98,4,8,8,2,NULL,NULL,Bologna,1. Serie A
9,7,0,0,690,Eden Hazard,175,4,8,19,3,La Louvière,Belgium,Real Madrid,1. La Liga
22,15,2,0,691,Joe Willock,133,10,10,9,7,Waltham Forest,England,Arsenal,1. Premier League
61,37,15,1,692,Cristian Romero,134,14,14,8,15,Córdoba,Argentina,Genoa,1. Serie A
4,3,0,0,693,Mark Uth,134,7,12,14,6,Cologne,Germany,Schalke 04,1. Bundesliga
23,18,0,0,694,Mark Uth,134,7,12,14,6,Cologne,Germany,Schalke 04,1. Bundesliga
4,3,5,0,695,Mark Uth,134,7,12,14,6,Cologne,Germany,Köln,1. Bundesliga
23,18,5,0,696,Mark Uth,134,7,12,14,6,Cologne,Germany,Köln,1. Bundesliga
57,39,7,1,697,Marash Kumbulla,128,14,13,5,15,Desenzano del Garda,Italy,Hellas Verona,1. Serie A
0,0,2,1,698,Sergio Herrera,132,3,15,1,3,Miranda de Ebro,Spain,Osasuna,1. La Liga
61,40,3,1,699,Willy Boly,143,14,17,5,14,Melun,France,Wolves,1. Premier League
27,17,7,0,700,Igor,124,13,12,7,13,Bom Sucesso,Brazil,SPAL,1. Serie A
13,10,7,0,701,Igor,124,13,12,7,13,Bom Sucesso,Brazil,SPAL,1. Serie A
27,17,2,0,702,Igor,124,13,12,7,13,Bom Sucesso,Brazil,Fiorentina,1. Serie A
13,10,2,0,703,Igor,124,13,12,7,13,Bom Sucesso,Brazil,Fiorentina,1. Serie A
17,12,1,0,704,Dan-Axel Zagadou,135,14,6,7,14,Créteil,France,Dortmund,1. Bundesliga
6,4,0,0,705,Patrick Cutrone,137,7,13,13,6,Como,Italy,Wolves,1. Premier League
8,6,0,0,706,Patrick Cutrone,137,7,13,13,6,Como,Italy,Wolves,1. Premier League
6,4,1,0,707,Patrick Cutrone,137,7,13,13,6,Como,Italy,Fiorentina,1. Serie A
8,6,1,0,708,Patrick Cutrone,137,7,13,13,6,Como,Italy,Fiorentina,1. Serie A
10,7,0,1,709,Eddie Nketiah,128,4,11,8,3,Lewisham,England,Arsenal,1. Premier League
26,18,1,0,710,Ihlas Bebou,133,6,11,13,6,Sokodé,Togo,Hoffenheim,1. Bundesliga
30,18,4,0,711,Aitor Ruibal,124,7,5,10,5,Manresa,Spain,Leganés,1. La Liga
10,7,4,1,712,Gareth Bale,173,9,11,13,6,Cardiff,Wales,Real Madrid,1. La Liga
2,1,0,0,713,Kevin Möhwald,127,10,10,10,9,Kreisfreie Stadt Erfurt,Germany,Werder Bremen,1. Bundesliga
28,16,2,0,714,Alexander Hack,124,14,11,7,15,Memmingen,Germany,Mainz 05,1. Bundesliga
3,2,4,0,715,Luis Suárez,134,6,14,14,4,Salto,Uruguay,Barcelona,1. La Liga
3,2,4,0,716,Luis Suárez,180,10,17,12,8,Salto,Uruguay,Barcelona,1. La Liga
10,4,2,0,717,Emre Can,153,16,17,10,13,Frankfurt am Main,Germany,Juventus,1. Serie A
25,18,2,0,718,Emre Can,153,16,17,10,13,Frankfurt am Main,Germany,Juventus,1. Serie A
10,4,5,0,719,Emre Can,153,16,17,10,13,Frankfurt am Main,Germany,Dortmund,1. Bundesliga
25,18,5,0,720,Emre Can,153,16,17,10,13,Frankfurt am Main,Germany,Dortmund,1. Bundesliga
34,24,8,1,721,Francis Coquelin,148,16,16,8,13,Laval,France,Valencia,1. La Liga
2,1,2,1,722,Kristoffer Askildsen,98,11,13,8,12,Oslo,Norway,Sampdoria,1. Serie A
10,7,3,0,723,Hirving Lozano,149,5,9,12,5,Mexico City,Distrito Federal,Napoli,1. Serie A
30,25,5,0,724,Sergio Canales,155,7,7,13,7,Santander,Spain,Betis,1. La Liga
0,0,0,0,725,Tom Heaton,137,3,7,3,2,Chester,England,Aston Villa,1. Premier League
0,0,0,0,726,Frederik Rønnow,128,1,6,3,2,Horsens,Denmark,Eint Frankfurt,1. Bundesliga
32,16,8,0,727,Issa Diop,132,15,14,4,13,Toulouse,France,West Ham,1. Premier League
30,19,2,0,728,Edmond Tapsoba,131,14,14,16,13,Ouagadougou,Burkina Faso,Leverkusen,1. Bundesliga
34,14,3,0,729,Daniel Brosinski,129,12,13,11,9,Karlsruhe,Germany,Mainz 05,1. Bundesliga
4,2,1,0,730,Paco Alcácer,149,9,15,14,7,Torrent,Spain,Villarreal,1. La Liga
2,2,1,0,731,Paco Alcácer,149,9,15,14,7,Torrent,Spain,Villarreal,1. La Liga
4,2,0,0,732,Paco Alcácer,149,9,15,14,7,Torrent,Spain,Dortmund,1. Bundesliga
2,2,0,0,733,Paco Alcácer,149,9,15,14,7,Torrent,Spain,Dortmund,1. Bundesliga
32,26,1,0,734,Héctor Herrera,150,14,14,12,11,Tijuana,Estado de Baja California,Atlético Madrid,1. La Liga
0,0,0,0,735,Jed Steer,123,3,5,5,3,Norwich,England,Aston Villa,1. Premier League
86,58,9,0,736,Manuel Locatelli,137,14,13,10,12,Lecco,Italy,Sassuolo,1. Serie A
15,13,2,0,737,Josh Sargent,115,6,15,12,6,O'Fallon,Missouri,Werder Bremen,1. Bundesliga
13,7,2,0,738,Carles Pérez,131,6,7,9,5,Granollers,Spain,Roma,1. Serie A
5,3,2,0,739,Carles Pérez,131,6,7,9,5,Granollers,Spain,Roma,1. Serie A
13,7,0,0,740,Carles Pérez,131,6,7,9,5,Granollers,Spain,Barcelona,1. La Liga
5,3,0,0,741,Carles Pérez,131,6,7,9,5,Granollers,Spain,Barcelona,1. La Liga
0,0,0,0,742,Mark Flekken,119,3,10,2,2,Gemeente Kerkrade,Netherlands,Freiburg,1. Bundesliga
38,19,8,0,743,Jeremy Toljan,130,12,13,8,11,Stuttgart,Germany,Sassuolo,1. Serie A
0,0,0,0,744,Neto,152,3,7,5,3,Araxá,Brazil,Barcelona,1. La Liga
40,24,8,0,745,Niklas Stark,138,15,13,8,14,Neustadt an der Aisch,Germany,Hertha BSC,1. Bundesliga
1,1,0,0,746,Kike Barja,118,7,11,13,6,Noáin,Spain,Osasuna,1. La Liga
62,36,6,0,747,Davide Faraoni,129,13,10,8,11,Bracciano,Italy,Hellas Verona,1. Serie A
9,5,4,1,748,Christian Benteke,123,4,12,10,9,Kinshasa,Congo DR,Crystal Palace,1. Premier League
0,0,1,0,749,Vicente Guaita,142,1,6,4,1,Torrent,Spain,Crystal Palace,1. Premier League
60,43,6,0,750,Miguel Veloso,129,14,13,13,12,Coimbra Municipality,Portugal,Hellas Verona,1. Serie A
57,46,2,0,751,Nathan Redmond,143,8,10,6,7,Birmingham,England,Southampton,1. Premier League
8,2,0,0,752,Arne Maier,130,11,10,10,10,Ludwigsfelde,Germany,Hertha BSC,1. Bundesliga
18,10,2,0,753,Luuk de Jong,136,4,12,12,5,Aigle,Switzerland,Sevilla,1. La Liga
14,10,3,0,754,Michail Antonio,134,8,13,10,9,Wandsworth,England,West Ham,1. Premier League
0,0,0,0,755,Marco Sportiello,129,1,10,3,1,Desio,Italy,Atalanta,1. Serie A
66,38,1,0,756,Nordi Mukiele,133,16,13,9,14,Montreuil,France,RB Leipzig,1. Bundesliga
25,14,1,0,757,Mattia Caldara,140,14,12,8,15,Bergamo,Italy,Atalanta,1. Serie A
25,14,5,0,758,Eric Dier,144,15,15,8,15,Cheltenham,England,Tottenham,1. Premier League
31,14,1,0,759,Benno Schmitz,121,13,11,9,12,Munich,Germany,Köln,1. Bundesliga
60,41,10,1,760,Vicente Iborra,142,15,13,11,15,Moncada,Spain,Villarreal,1. La Liga
0,0,0,0,761,Riccardo Calafiori,58,13,8,1,8,Rome,Italy,Roma,1. Serie A
37,22,15,0,762,Gerard Piqué,169,15,14,13,16,Barcelona,Spain,Barcelona,1. La Liga
19,16,1,0,763,Dani Olmo,152,10,12,11,8,Terrassa,Spain,RB Leipzig,1. Bundesliga
14,10,1,1,764,Julian Chabot,125,14,12,4,14,Hanau,Germany,Sampdoria,1. Serie A
15,8,3,0,765,Édgar Méndez,124,5,7,8,5,Arafo,Spain,Alavés,1. La Liga
9,4,3,0,766,Moussa Diaby,145,5,10,10,5,Paris,France,Leverkusen,1. Bundesliga
0,0,1,1,767,Alexander Nübel,140,3,8,5,3,Paderborn,Germany,Schalke 04,1. Bundesliga
26,13,2,0,768,Sergio Escudero,140,12,8,9,12,Valladolid,Spain,Sevilla,1. La Liga
49,37,4,1,769,Rafael Czichos,125,11,10,14,13,Jeddah,Saudi Arabia,Köln,1. Bundesliga
36,28,8,0,770,Jack Grealish,163,9,11,12,6,Birmingham,England,Aston Villa,1. Premier League
49,30,7,0,771,Federico Chiesa,163,8,16,11,8,Genoa,Italy,Fiorentina,1. Serie A
34,23,3,0,772,Mikel Vesga,127,14,13,10,13,Vitoria-Gasteiz,Spain,Athletic Club,1. La Liga
14,7,4,0,773,Ilija Nestorovski,127,4,16,14,3,Prilep,North Macedonia,Udinese,1. Serie A
0,0,1,1,774,Ousmane Dembélé,159,5,9,11,4,Vernon,France,Barcelona,1. La Liga
13,9,0,0,775,Joël Matip,154,15,15,5,15,Bochum,Germany,Liverpool,1. Premier League
16,10,3,1,776,Jeison Murillo,135,16,13,8,16,Barranquilla,Colombia,Sampdoria,1. Serie A
37,17,3,1,777,Jeison Murillo,135,16,13,8,16,Barranquilla,Colombia,Sampdoria,1. Serie A
16,10,5,0,778,Jeison Murillo,135,16,13,8,16,Barranquilla,Colombia,Celta Vigo,1. La Liga
37,17,5,0,779,Jeison Murillo,135,16,13,8,16,Barranquilla,Colombia,Celta Vigo,1. La Liga
32,20,0,0,780,Andros Townsend,134,6,8,6,5,Leytonstone,England,Crystal Palace,1. Premier League
45,31,5,0,781,Wilfried Zaha,154,3,15,9,4,Abidjan,Côte d'Ivoire,Crystal Palace,1. Premier League
0,0,0,0,782,Víctor Camarasa,135,12,8,10,11,Meliana,Spain,Crystal Palace,1. Premier League
17,14,0,0,783,Víctor Camarasa,135,12,8,10,11,Meliana,Spain,Crystal Palace,1. Premier League
0,0,1,0,784,Víctor Camarasa,135,12,8,10,11,Meliana,Spain,Alavés,1. La Liga
17,14,1,0,785,Víctor Camarasa,135,12,8,10,11,Meliana,Spain,Alavés,1. La Liga
12,9,0,0,786,Nolito,139,10,14,15,4,Sanlúcar de Barrameda,Spain,Sevilla,1. La Liga
6,4,0,0,787,Nolito,139,10,14,15,4,Sanlúcar de Barrameda,Spain,Sevilla,1. La Liga
12,9,3,1,788,Nolito,139,10,14,15,4,Sanlúcar de Barrameda,Spain,Celta Vigo,1. La Liga
6,4,3,1,789,Nolito,139,10,14,15,4,Sanlúcar de Barrameda,Spain,Celta Vigo,1. La Liga
63,36,5,0,790,Dan Burn,127,14,13,5,13,Blyth,England,Brighton,1. Premier League
64,46,2,0,791,Suat Serdar,136,15,18,10,13,Bingen am Rhein,Germany,Schalke 04,1. Bundesliga
48,28,8,0,792,Takehiro Tomiyasu,132,14,13,8,13,Fukuoka,Japan,Bologna,1. Serie A
20,10,4,0,793,Timothy Chandler,127,12,12,6,12,Frankfurt am Main,Germany,Eint Frankfurt,1. Bundesliga
41,29,5,0,794,Raheem Sterling,174,8,12,8,7,Kingston,Jamaica,Manchester City,1. Premier League
65,37,11,0,795,Raúl García,124,13,12,6,13,Zizur Mayor/Zizur Nagusia,Spain,Athletic Club,1. La Liga
65,37,11,0,796,Raúl García,150,12,15,13,11,Zizur Mayor/Zizur Nagusia,Spain,Athletic Club,1. La Liga
45,34,7,0,797,Diego Carlos,144,15,16,10,15,Barra Bonita,Brazil,Sevilla,1. La Liga
18,11,5,0,798,Sebastian Andersson,129,7,12,12,8,Ängelholm,Sweden,Union Berlin,1. Bundesliga
14,5,0,0,799,Admir Mehmedi,133,8,15,12,7,Gostivar,North Macedonia,Wolfsburg,1. Bundesliga
29,23,3,0,800,Raúl Jiménez,147,9,17,20,8,Tepeji de Ocampo,Estado de Hidalgo,Wolves,1. Premier League
26,15,5,0,801,Lyanco,133,14,14,10,14,Vitória,Brazil,Torino,1. Serie A
36,22,3,0,802,Nemanja Radoja,137,12,13,9,13,Novi Sad,Serbia,Levante,1. La Liga
25,19,3,0,803,Gabriel Jesus,156,9,12,13,8,São Paulo,Brazil,Manchester City,1. Premier League
36,23,3,0,804,Chris Smalling,150,15,14,4,16,Greenwich,England,Roma,1. Serie A
15,11,2,0,805,Stefano Sensi,152,11,11,12,9,Urbino,Italy,Inter,1. Serie A
62,37,8,0,806,Marc Bartra,148,17,15,9,16,Sant Jaume dels Domenys,Spain,Betis,1. La Liga
52,35,11,1,807,Marvin Friedrich,123,14,8,7,13,Kassel,Germany,Union Berlin,1. Bundesliga
25,17,9,1,808,Víctor Laguardia,131,14,16,7,15,Zaragoza,Spain,Alavés,1. La Liga
16,9,5,0,809,Gabriel Paulista,147,16,17,6,15,Fortaleza,Brazil,Valencia,1. La Liga
19,14,1,0,810,Kevin Kampl,145,12,18,10,8,Solingen,Germany,RB Leipzig,1. Bundesliga
23,11,2,0,811,Marc Albrighton,135,12,14,10,8,Tamworth,England,Leicester City,1. Premier League
79,51,8,0,812,Fred,130,6,10,13,6,Belo Horizonte,Brazil,Manchester Utd,1. Premier League
18,15,2,0,813,Samuel Chukwueze,135,8,11,8,8,Umuahia,Nigeria,Villarreal,1. La Liga
61,39,7,0,814,Maxime Gonalons,140,15,15,9,15,Vénissieux,France,Granada,1. La Liga
52,33,4,0,815,Francesco Acerbi,157,17,17,9,16,Vizzolo Predabissi,Italy,Lazio,1. Serie A
58,43,4,0,816,N'Golo Kanté,165,20,15,8,12,Paris,France,Chelsea,1. Premier League
19,14,3,0,817,Danilo Cataldi,133,12,13,13,11,Rome,Italy,Lazio,1. Serie A
69,49,15,0,818,Damián Suárez,132,13,17,6,12,Montevideo,Uruguay,Getafe,1. La Liga
26,17,2,0,819,Solly March,130,9,8,10,8,Eastbourne,England,Brighton,1. Premier League
32,21,7,1,820,Diego Llorente,145,16,15,9,15,Madrid,Spain,Real Sociedad,1. La Liga
44,27,9,0,821,Cristian Ansaldi,143,13,15,8,11,Rosario,Argentina,Torino,1. Serie A
61,35,2,0,822,Christopher Lenz,105,12,12,9,11,Land Berlin,Germany,Union Berlin,1. Bundesliga
7,4,4,0,823,Sergi Gómez,138,15,10,9,14,Arenys De Mar,Spain,Sevilla,1. La Liga
38,22,6,0,824,Bukayo Saka,138,8,11,10,4,London,England,Arsenal,1. Premier League
0,0,0,0,825,Péter Gulácsi,144,3,8,4,2,Budapest főváros,Hungary,RB Leipzig,1. Bundesliga
39,18,4,1,826,Jonathan Tah,147,15,7,8,15,Hamburg,Germany,Leverkusen,1. Bundesliga
44,26,4,0,827,João Cancelo,158,13,12,11,9,Barreiro,Portugal,Manchester City,1. Premier League
4,2,3,0,828,Gonzalo Villar,120,11,6,6,10,Murcia,Spain,Roma,1. Serie A
13,10,7,0,829,Unai Núñez,143,15,14,6,15,Portugalete,Spain,Athletic Club,1. La Liga
3,2,0,0,830,Hannes Wolf,133,10,17,11,8,Graz,Austria,RB Leipzig,1. Bundesliga
10,4,5,0,831,Ashley Young,135,12,7,13,11,Stevenage,England,Manchester Utd,1. Premier League
17,9,5,0,832,Ashley Young,135,12,7,13,11,Stevenage,England,Manchester Utd,1. Premier League
10,4,1,0,833,Ashley Young,135,12,7,13,11,Stevenage,England,Inter,1. Serie A
17,9,1,0,834,Ashley Young,135,12,7,13,11,Stevenage,England,Inter,1. Serie A
51,32,6,0,835,Maximilian Eggestein,141,12,12,11,9,Hanover,Germany,Werder Bremen,1. Bundesliga
43,26,10,2,836,Nabil Fekir,153,5,9,13,5,Lyon,France,Betis,1. La Liga
19,11,2,0,837,Karim Bellarabi,146,12,17,9,8,Land Berlin,Germany,Leverkusen,1. Bundesliga
22,17,2,0,838,Roland Sallai,124,7,10,10,5,Budapest főváros,Hungary,Freiburg,1. Bundesliga
48,32,4,0,839,Amadou Diawara,144,15,15,7,14,Conakry,Guinea,Roma,1. Serie A
2,1,1,0,840,Ebrima Colley,102,8,8,8,5,Serrekunda,Gambia,Atalanta,1. Serie A
7,6,1,0,841,Federico Bonazzoli,120,8,13,13,6,Manerbio,Italy,Sampdoria,1. Serie A
27,22,3,0,842,Kortney Hause,125,14,11,6,13,London,England,Aston Villa,1. Premier League
34,23,4,1,843,Iker Muniain,154,8,12,10,4,Pamplona,Spain,Athletic Club,1. La Liga
49,28,1,0,844,Dani Ceballos,142,10,13,10,8,Utrera,Spain,Arsenal,1. Premier League
86,48,7,0,845,Ryan Fredericks,130,13,14,6,11,Potters Bar,England,West Ham,1. Premier League
30,19,7,0,846,Joelinton,130,8,17,11,7,Aliança,Brazil,Newcastle Utd,1. Premier League
99,60,8,1,847,Konrad Laimer,136,14,18,8,13,Salzburg,Austria,RB Leipzig,1. Bundesliga
74,45,9,0,848,Jonas Hector,142,14,10,8,10,Saarbrücken,Germany,Köln,1. Bundesliga
4,3,1,0,849,Jesús Vallejo,128,15,14,9,14,Zaragoza,Spain,Wolves,1. Premier League
4,2,1,0,850,Jesús Vallejo,128,15,14,9,14,Zaragoza,Spain,Wolves,1. Premier League
4,3,1,0,851,Jesús Vallejo,128,15,14,9,14,Zaragoza,Spain,Granada,1. La Liga
4,2,1,0,852,Jesús Vallejo,128,15,14,9,14,Zaragoza,Spain,Granada,1. La Liga
73,49,4,0,853,Ellyes Skhiri,135,14,11,8,13,Lunel,France,Köln,1. Bundesliga
9,4,1,0,854,Matteo Gabbia,102,11,12,7,13,Busto Arsizio,Italy,Milan,1. Serie A
20,9,3,0,855,Lucas Hernández,151,17,11,8,15,Marseille,France,Bayern Munich,1. Bundesliga
37,25,4,0,856,Adam Webster,129,14,12,7,13,Chichester,England,Brighton,1. Premier League
0,0,1,0,857,Philipp Pentke,110,1,10,3,3,Freiberg,Germany,Hoffenheim,1. Bundesliga
15,9,7,0,858,Wout Weghorst,137,6,12,14,7,Gemeente Borne,Netherlands,Wolfsburg,1. Bundesliga
13,7,2,0,859,Andreas Skov Olsen,128,4,6,13,4,Hillerød,Denmark,Bologna,1. Serie A
69,51,11,0,860,Rafael Tolói,144,16,15,10,14,Glória d'Oeste,Brazil,Atalanta,1. Serie A
15,12,10,0,861,Callum Wilson,146,5,10,13,4,Coventry,England,Bournemouth,1. Premier League
8,3,2,0,862,Faouzi Ghoulam,144,13,11,10,12,Saint-Priest-en-Jarez,France,Napoli,1. Serie A
41,26,3,0,863,Michael Keane,137,16,11,5,14,Stockport,England,Everton,1. Premier League
0,0,0,0,864,Darko Churlinov,108,6,12,12,5,Skopje,North Macedonia,Köln,1. Bundesliga
51,26,4,0,865,Rúben Vezo,140,14,12,10,14,Setúbal,Portugal,Levante,1. La Liga
50,35,3,0,866,Sadio Mané,179,7,10,10,11,Sédhiou,Senegal,Liverpool,1. Premier League
34,17,2,0,867,Kostas Manolas,155,14,17,7,17,Naxos,Greece,Napoli,1. Serie A
52,33,2,0,868,Rolando Mandragora,135,14,11,11,12,Naples,Italy,Udinese,1. Serie A
39,24,7,0,869,Antonio Puertas,128,5,12,14,6,Benahadux,Spain,Granada,1. La Liga
7,5,0,0,870,Thierry Correia,126,12,14,10,10,Portugal,Portugal,Valencia,1. La Liga
0,0,0,0,871,Pavao Pervan,124,3,9,3,1,Livno,Bosnia and Herzegovina,Wolfsburg,1. Bundesliga
49,27,5,0,872,Fabian Schär,134,15,17,14,14,Wil,Switzerland,Newcastle Utd,1. Premier League
35,24,2,0,873,Almamy Touré,130,15,11,10,14,Bamako Region,Mali,Eint Frankfurt,1. Bundesliga
6,5,1,0,874,Kelechi Iheanacho,133,7,11,13,5,Imo State,Nigeria,Leicester City,1. Premier League
25,15,4,0,875,Daniel James,138,5,9,12,4,Swansea,Wales,Manchester Utd,1. Premier League
63,37,4,1,876,Isaac Hayden,129,14,14,4,13,Chelmsford,England,Newcastle Utd,1. Premier League
22,13,4,0,877,Brais Méndez,136,9,6,8,6,Mos,Spain,Celta Vigo,1. La Liga
37,18,4,0,878,Lucas Höler,127,8,16,11,6,Achim,Germany,Freiburg,1. Bundesliga
48,26,1,0,879,Lukas Klostermann,137,13,12,7,12,Herdecke,Germany,RB Leipzig,1. Bundesliga
34,27,5,0,880,Enis Bardhi,136,10,12,12,8,Skopje,North Macedonia,Levante,1. La Liga
7,5,1,0,881,Maya Yoshida,127,14,11,10,14,Nagasaki-shi,Japan,Southampton,1. Premier League
5,3,1,0,882,Maya Yoshida,127,14,11,10,14,Nagasaki-shi,Japan,Southampton,1. Premier League
7,5,1,0,883,Maya Yoshida,127,14,11,10,14,Nagasaki-shi,Japan,Sampdoria,1. Serie A
5,3,1,0,884,Maya Yoshida,127,14,11,10,14,Nagasaki-shi,Japan,Sampdoria,1. Serie A
63,28,7,0,885,Hugo Mallo,146,15,16,9,13,Marín,Spain,Celta Vigo,1. La Liga
0,0,0,0,886,Florian Müller,126,3,10,3,3,Saarlouis,Germany,Mainz 05,1. Bundesliga
0,0,0,0,887,Darío Poveda,109,7,7,3,6,San Vicent del Raspeig,Spain,Atlético Madrid,1. La Liga
43,16,3,0,888,Charlie Taylor,130,16,10,5,12,York,England,Burnley,1. Premier League
55,36,3,0,889,Allan,159,18,16,10,14,Rio de Janeiro,Brazil,Napoli,1. Serie A
29,21,2,0,890,Leon Goretzka,150,12,17,12,10,Bochum,Germany,Bayern Munich,1. Bundesliga
66,47,5,0,891,Geoffrey Kondogbia,146,16,16,9,12,Nemours,France,Valencia,1. La Liga
0,0,1,0,892,Giangiacomo Magnani,122,14,15,3,15,Correggio,Italy,Sassuolo,1. Serie A
2,0,1,0,893,Giangiacomo Magnani,122,14,15,3,15,Correggio,Italy,Sassuolo,1. Serie A
0,0,2,0,894,Giangiacomo Magnani,122,14,15,3,15,Correggio,Italy,Brescia,1. Serie A
2,0,2,0,895,Giangiacomo Magnani,122,14,15,3,15,Correggio,Italy,Brescia,1. Serie A
58,25,5,0,896,Trent Alexander-Arnold,159,13,15,12,13,Liverpool,England,Liverpool,1. Premier League
15,5,6,1,897,André Hahn,134,8,17,12,7,Otterndorf,Germany,Augsburg,1. Bundesliga
0,0,3,1,898,Joel Robles,131,2,5,1,1,Getafe,Spain,Betis,1. La Liga
0,0,1,0,899,Kevin Trapp,144,1,8,5,3,Merzig,Germany,Eint Frankfurt,1. Bundesliga
41,27,5,0,900,Roberto Gagliardini,143,16,14,7,13,Bergamo,Italy,Inter,1. Serie A
33,17,6,0,901,Kurt Zouma,156,15,15,7,13,Lyon,France,Chelsea,1. Premier League
10,9,0,0,902,Danny Welbeck,138,6,11,10,6,Manchester,England,Watford,1. Premier League
41,29,2,0,903,Dele Alli,156,11,12,14,10,Milton Keynes,England,Tottenham,1. Premier League
110,70,6,0,904,James McArthur,132,14,10,8,13,Glasgow,Scotland,Crystal Palace,1. Premier League
0,0,0,1,905,Daniele Padelli,124,1,9,3,2,Lecco,Italy,Inter,1. Serie A
14,8,0,0,906,Erik Durm,128,12,16,10,10,Pirmasens,Germany,Eint Frankfurt,1. Bundesliga
18,11,5,0,907,Ibrahima Mbaye,127,13,13,6,13,Guédiawaye,Senegal,Bologna,1. Serie A
50,28,5,0,908,Mason Holgate,136,14,13,8,13,Doncaster,England,Everton,1. Premier League
62,32,4,0,909,Karol Linetty,139,14,10,9,13,Żnin,Poland,Sampdoria,1. Serie A
54,37,2,0,910,Nélson Semedo,149,14,13,8,11,Lisbon,Portugal,Barcelona,1. La Liga
82,63,9,0,911,Mikel Merino,153,13,15,10,14,Pamplona,Spain,Real Sociedad,1. La Liga
39,25,5,0,912,Stefan de Vrij,160,15,12,8,17,Ouderkerk aan den IJssel,Netherlands,Inter,1. Serie A
17,12,4,0,913,Alex Ferrari,129,15,11,8,14,Province of Modena,Italy,Sampdoria,1. Serie A
4,3,0,0,914,Max Kilman,120,13,7,2,14,London,England,Wolves,1. Premier League
59,31,5,0,915,Daniel Caligiuri,144,14,14,14,9,Villingen-Schwenningen,Germany,Schalke 04,1. Bundesliga
72,37,4,0,916,Bastian Oczipka,132,10,10,8,10,Bergisch Gladbach,Germany,Schalke 04,1. Bundesliga
47,34,6,1,917,Nicola Murru,131,14,14,8,13,Cagliari,Italy,Sampdoria,1. Serie A
48,28,9,1,918,Morten Thorsby,127,14,15,6,11,Oslo,Norway,Sampdoria,1. Serie A
14,10,5,0,919,Mouctar Diakhaby,139,13,14,10,13,Vendôme,France,Valencia,1. La Liga
13,11,2,0,920,Yussuf Poulsen,143,9,18,10,7,Copenhagen,Denmark,RB Leipzig,1. Bundesliga
51,26,3,0,921,Ben Chilwell,146,13,12,11,14,Milton Keynes,England,Leicester City,1. Premier League
56,44,8,1,922,Dayot Upamecano,146,17,16,7,16,Évreux,France,RB Leipzig,1. Bundesliga
0,0,0,0,923,Leonardo Pavoletti,143,4,11,14,3,Livorno,Italy,Cagliari,1. Serie A
87,57,8,0,924,Pervis Estupiñán,120,11,11,12,10,Esmeraldas,Ecuador,Osasuna,1. La Liga
17,12,1,0,925,Christian Oliva,121,13,14,6,13,Uruguay,Uruguay,Cagliari,1. Serie A
36,26,4,1,926,Valon Behrami,129,16,18,5,15,Kosovska Mitrovica,Kosovo,Genoa,1. Serie A
7,4,1,0,927,Duván Zapata,154,8,14,14,3,Cali,Colombia,Atalanta,1. Serie A
18,15,0,0,928,Josip Brekalo,131,5,10,10,5,City of Zagreb,Croatia,Wolfsburg,1. Bundesliga
75,48,10,0,929,Theo Hernández,155,14,13,9,12,Marseille,France,Milan,1. Serie A
65,33,1,0,930,Matt Doherty,143,13,11,8,13,Dublin,Republic of Ireland,Wolves,1. Premier League
9,8,2,0,931,Ryan Fraser,142,7,7,6,6,Aberdeen,Scotland,Bournemouth,1. Premier League
39,24,3,1,932,Pierre-Emerick Aubameyang,165,6,12,14,5,Laval,France,Arsenal,1. Premier League
26,18,1,0,933,Florian Niederlechner,132,7,16,12,6,Ebersberg,Germany,Augsburg,1. Bundesliga
8,5,0,0,934,Kévin Malcuit,141,15,14,9,12,Châtenay-Malabry,France,Napoli,1. Serie A
40,27,5,0,935,Matthijs de Ligt,164,16,13,8,15,Leiderdorp,Netherlands,Juventus,1. Serie A
34,26,4,0,936,Andrea Belotti,151,9,15,16,5,Calcinate,Italy,Torino,1. Serie A
14,10,4,0,937,Lionel Messi,195,7,7,17,4,Rosario,Argentina,Barcelona,1. La Liga
11,6,6,1,938,Goran Pandev,128,6,10,13,7,Strumica,North Macedonia,Genoa,1. Serie A
24,20,1,0,939,Roberto Torres,136,7,13,15,7,Pamplona,Spain,Osasuna,1. La Liga
24,18,0,0,940,Martin Kelly,127,14,13,5,12,Whiston,England,Crystal Palace,1. Premier League
51,33,6,0,941,Giovani Lo Celso,157,12,10,14,9,Rosario,Argentina,Tottenham,1. Premier League
78,49,4,1,942,Alphonso Davies,152,10,15,10,9,Monrovia,Liberia,Bayern Munich,1. Bundesliga
6,3,1,0,943,Rob Holding,136,15,12,5,15,Tameside,England,Arsenal,1. Premier League
0,0,0,0,944,Mattia Destro,128,6,12,14,6,Ascoli Piceno,Italy,Genoa,1. Serie A
3,3,0,0,945,Mattia Destro,128,6,12,14,6,Ascoli Piceno,Italy,Genoa,1. Serie A
0,0,2,0,946,Mattia Destro,128,6,12,14,6,Ascoli Piceno,Italy,Bologna,1. Serie A
3,3,2,0,947,Mattia Destro,128,6,12,14,6,Ascoli Piceno,Italy,Bologna,1. Serie A
50,32,7,0,948,Daniel Wass,144,13,12,9,10,Gladsaxe Municipality,Denmark,Valencia,1. La Liga
19,12,5,0,949,Mattia Zaccagni,126,12,14,12,8,Cesena,Italy,Hellas Verona,1. Serie A
3,3,4,0,950,Willian José,148,8,12,15,5,Porto Calvo,Brazil,Real Sociedad,1. La Liga
44,27,6,0,951,Harry Maguire,150,16,15,5,14,Sheffield,England,Manchester Utd,1. Premier League
3,2,0,0,952,Diogo Dalot,132,11,13,10,10,Braga Municipality,Portugal,Manchester Utd,1. Premier League
12,10,3,0,953,Federico Ceccherini,128,13,12,8,13,Livorno,Italy,Fiorentina,1. Serie A
46,26,7,0,954,Fabio Depaoli,128,12,14,9,10,Riva del Garda,Italy,Sampdoria,1. Serie A
19,14,2,0,955,Giacomo Bonaventura,147,10,13,12,9,San Severino Marche,Italy,Milan,1. Serie A
54,29,6,0,956,Jordan Ayew,131,10,14,14,4,Marseille,France,Crystal Palace,1. Premier League
85,61,8,0,957,Marc Roca,145,13,9,8,12,Vilafranca del Penedès,Spain,Espanyol,1. La Liga
49,36,6,0,958,Davinson Sánchez,146,16,15,7,14,Caloto,Colombia,Tottenham,1. Premier League
61,41,7,1,959,Kalidou Koulibaly,167,17,15,6,18,Saint-Dié-des-Vosges,France,Napoli,1. Serie A
91,60,14,0,960,Ismaël Bennacer,142,14,13,11,12,Arles,France,Milan,1. Serie A
0,0,1,0,961,Koen Casteels,140,2,8,4,2,Bonheiden,Belgium,Wolfsburg,1. Bundesliga
16,7,1,0,962,Mahmoud Dahoud,138,12,13,10,9,Amude,Syria,Dortmund,1. Bundesliga
17,12,3,0,963,Vitolo,149,9,14,13,9,Las Palmas,Spain,Atlético Madrid,1. La Liga
17,14,2,0,964,Jadon Sancho,155,6,10,12,5,London,England,Dortmund,1. Bundesliga
2,2,0,1,965,Florin Andone,130,8,17,13,7,Joldești,Romania,Brighton,1. Premier League
22,12,4,0,966,Álex Berenguer,138,9,9,8,8,Pamplona,Spain,Torino,1. Serie A
45,28,3,0,967,Diego Demme,140,17,18,7,14,Herford,Germany,RB Leipzig,1. Bundesliga
21,13,3,0,968,Diego Demme,140,17,18,7,14,Herford,Germany,RB Leipzig,1. Bundesliga
45,28,6,0,969,Diego Demme,140,17,18,7,14,Herford,Germany,Napoli,1. Serie A
21,13,6,0,970,Diego Demme,140,17,18,7,14,Herford,Germany,Napoli,1. Serie A
7,4,0,0,971,Matheus Cunha,128,6,12,10,4,João Pessoa,Brazil,RB Leipzig,1. Bundesliga
12,9,0,0,972,Matheus Cunha,128,6,12,10,4,João Pessoa,Brazil,RB Leipzig,1. Bundesliga
7,4,3,0,973,Matheus Cunha,128,6,12,10,4,João Pessoa,Brazil,Hertha BSC,1. Bundesliga
12,9,3,0,974,Matheus Cunha,128,6,12,10,4,João Pessoa,Brazil,Hertha BSC,1. Bundesliga
25,18,5,0,975,Calum Chambers,139,15,13,8,15,Petersfield,England,Arsenal,1. Premier League
40,28,5,0,976,Henrikh Mkhitaryan,147,9,16,11,4,Yerevan,Armenia,Roma,1. Serie A
0,0,5,0,977,Henrikh Mkhitaryan,147,9,16,11,4,Yerevan,Armenia,Roma,1. Serie A
40,28,1,0,978,Henrikh Mkhitaryan,147,9,16,11,4,Yerevan,Armenia,Arsenal,1. Premier League
0,0,1,0,979,Henrikh Mkhitaryan,147,9,16,11,4,Yerevan,Armenia,Arsenal,1. Premier League
6,2,1,0,980,Neco Williams,97,11,16,6,10,Wales,United Kingdom,Liverpool,1. Premier League
27,17,6,0,981,Renato Steffen,132,10,17,10,8,Aarau,Switzerland,Wolfsburg,1. Bundesliga
13,7,2,0,982,Yannick Carrasco,153,4,11,15,4,Ixelles-Elsene,Belgium,Atlético Madrid,1. La Liga
65,47,5,0,983,Marvelous Nakamba,127,13,18,10,13,Hwange,Zimbabwe,Aston Villa,1. Premier League
16,10,3,0,984,Cristiano Ronaldo,195,8,6,20,4,Funchal,Portugal,Juventus,1. Serie A
10,7,6,1,985,William Carvalho,150,16,13,9,13,Luanda,Angola,Betis,1. La Liga
4,2,0,0,986,Phil Jones,138,17,15,8,15,Preston,England,Manchester Utd,1. Premier League
6,4,0,0,987,Billy Gilmour,105,6,7,15,6,Scotland,United Kingdom,Chelsea,1. Premier League
38,21,3,0,988,Dejan Kulusevski,152,8,11,11,6,Stockholm County,Sweden,Parma,1. Serie A
34,18,2,0,989,Antoine Griezmann,171,11,13,13,5,Mâcon,France,Barcelona,1. La Liga
10,6,6,0,990,Federico Santander,132,11,13,12,7,San Lorenzo,Paraguay,Bologna,1. Serie A
83,45,11,0,991,Emerson,143,14,11,4,12,São Paulo,Brazil,Betis,1. La Liga
83,45,11,0,992,Emerson,134,12,7,10,11,São Paulo,Brazil,Betis,1. La Liga
39,27,3,0,993,Erik Thommy,130,8,14,11,7,Ulm,Germany,Düsseldorf,1. Bundesliga
24,14,4,0,994,Andrea Masiello,138,15,14,4,15,Viareggio,Italy,Genoa,1. Serie A
14,13,4,0,995,Andrea Masiello,138,15,14,4,15,Viareggio,Italy,Genoa,1. Serie A
24,14,1,0,996,Andrea Masiello,138,15,14,4,15,Viareggio,Italy,Atalanta,1. Serie A
14,13,1,0,997,Andrea Masiello,138,15,14,4,15,Viareggio,Italy,Atalanta,1. Serie A
30,20,1,0,998,Virgil van Dijk,180,17,17,7,16,Breda,Netherlands,Liverpool,1. Premier League
24,18,5,0,999,Paulo Dybala,168,3,9,16,3,Valladolid,Spain,Juventus,1. Serie A
78,46,13,1,1000,Robert Andrich,127,14,15,9,13,Kreisfreie Stadt Potsdam,Germany,Union Berlin,1. Bundesliga
65,41,6,0,1001,Sebastian Rode,133,16,18,7,12,Seeheim-Jugenheim,Germany,Eint Frankfurt,1. Bundesliga
35,23,3,0,1002,Riccardo Orsolini,142,8,15,13,7,Ascoli Piceno,Italy,Bologna,1. Serie A
0,0,0,0,1003,Pietro Terracciano,117,2,4,3,3,San Felice a Cancello,Italy,Fiorentina,1. Serie A
14,10,0,0,1004,Stanislav Lobotka,144,11,14,9,12,Trenčín,Slovakia,Napoli,1. Serie A
23,17,0,0,1005,Stanislav Lobotka,144,11,14,9,12,Trenčín,Slovakia,Napoli,1. Serie A
14,10,1,0,1006,Stanislav Lobotka,144,11,14,9,12,Trenčín,Slovakia,Celta Vigo,1. La Liga
23,17,1,0,1007,Stanislav Lobotka,144,11,14,9,12,Trenčín,Slovakia,Celta Vigo,1. La Liga
32,22,2,0,1008,Santiago Ascacíbar,136,18,17,9,14,La Plata,Argentina,Hertha BSC,1. Bundesliga
26,16,0,0,1009,David Silva,174,9,10,12,5,La Playa de Arguineguín,Spain,Manchester City,1. Premier League
41,19,4,0,1010,John Brooks,134,15,8,7,15,Land Berlin,Germany,Wolfsburg,1. Bundesliga
33,20,2,0,1011,Noah Katterbach,115,13,10,8,12,Simmerath,Germany,Köln,1. Bundesliga
38,29,4,0,1012,Marcel Sabitzer,148,10,18,10,8,Graz,Austria,RB Leipzig,1. Bundesliga
9,4,1,0,1013,Niklas Süle,155,15,6,9,15,Frankfurt am Main,Germany,Bayern Munich,1. Bundesliga
50,33,2,0,1014,Bram Nuytinck,128,14,13,6,14,Gemeente Heumen,Netherlands,Udinese,1. Serie A
21,13,1,0,1015,Mohamed Salah,179,7,10,14,8,Basyūn,Egypt,Liverpool,1. Premier League
0,0,0,1,1016,Pepe Reina,138,3,10,7,1,Madrid,Spain,Milan,1. Serie A
0,0,0,1,1017,Pepe Reina,138,3,10,7,1,Madrid,Spain,Milan,1. Serie A
0,0,1,0,1018,Pepe Reina,138,3,10,7,1,Madrid,Spain,Aston Villa,1. Premier League
0,0,1,0,1019,Pepe Reina,138,3,10,7,1,Madrid,Spain,Aston Villa,1. Premier League
0,0,0,0,1020,Raoul Bellanova,98,8,11,3,11,Rho,Italy,Atalanta,1. Serie A
41,27,6,1,1021,Ainsley Maitland-Niles,142,12,10,7,11,London,England,Arsenal,1. Premier League
11,7,1,0,1022,Merih Demiral,148,16,16,5,16,NULL,NULL,Juventus,1. Serie A
57,37,5,0,1023,Achraf Hakimi,144,13,14,8,11,Getafe,Spain,Dortmund,1. Bundesliga
44,28,3,0,1024,Kevin De Bruyne,188,9,12,12,7,Ghent,Belgium,Manchester City,1. Premier League
2,2,1,0,1025,Taiwo Awoniyi,120,4,12,10,4,Ilorin,Nigeria,Mainz 05,1. Bundesliga
13,10,2,0,1026,Dwight Gayle,126,4,12,13,3,Walthamstow,England,Newcastle Utd,1. Premier League
1,1,0,0,1027,Nicolò Rovella,99,10,13,11,11,Segrate,Italy,Genoa,1. Serie A
0,0,2,0,1028,Dean Henderson,140,1,12,3,3,Whitehaven,England,Sheffield Utd,1. Premier League
18,9,1,0,1029,Musa Barrow,127,7,11,10,4,Banjul,Gambia,Bologna,1. Serie A
1,1,1,0,1030,Musa Barrow,127,7,11,10,4,Banjul,Gambia,Bologna,1. Serie A
18,9,0,0,1031,Musa Barrow,127,7,11,10,4,Banjul,Gambia,Atalanta,1. Serie A
1,1,0,0,1032,Musa Barrow,127,7,11,10,4,Banjul,Gambia,Atalanta,1. Serie A
5,3,2,0,1033,Daniel Ginczek,135,7,15,13,6,Arnsberg,Germany,Wolfsburg,1. Bundesliga
46,27,10,0,1034,Granit Xhaka,142,11,17,10,10,Basel,Switzerland,Arsenal,1. Premier League
25,21,3,0,1035,Gonçalo Guedes,145,7,12,13,7,Benavente Municipality,Portugal,Valencia,1. La Liga
1,0,0,0,1036,Gian-Luca Itter,120,14,11,8,12,Giessen,Germany,Freiburg,1. Bundesliga
48,28,7,1,1037,Josuha Guilavogui,138,15,11,7,13,Ollioules,France,Wolfsburg,1. Bundesliga
16,9,2,0,1038,Lorenzo De Silvestri,136,12,14,4,12,Rome,Italy,Torino,1. Serie A
81,56,14,0,1039,Yangel Herrera,130,12,16,11,11,La Guaira,Venezuela,Granada,1. La Liga
14,10,4,0,1040,Erick Cabaco,130,15,16,8,15,Montevideo,Uruguay,Levante,1. La Liga
3,2,4,0,1041,Erick Cabaco,130,15,16,8,15,Montevideo,Uruguay,Levante,1. La Liga
14,10,0,0,1042,Erick Cabaco,130,15,16,8,15,Montevideo,Uruguay,Getafe,1. La Liga
3,2,0,0,1043,Erick Cabaco,130,15,16,8,15,Montevideo,Uruguay,Getafe,1. La Liga
30,14,5,0,1044,James Tomkins,134,15,12,2,14,Basildon,England,Crystal Palace,1. Premier League
16,11,3,0,1045,Amine Harit,138,9,10,12,6,Pontoise,France,Schalke 04,1. Bundesliga
6,3,0,0,1046,Florian Wirtz,128,10,11,7,6,Lövenich,Germany,Leverkusen,1. Bundesliga
8,5,0,0,1047,Exequiel Palacios,140,14,15,11,12,Famaillá,Argentina,Leverkusen,1. Bundesliga
3,2,0,0,1048,Giorgio Chiellini,168,19,16,3,18,Pisa,Italy,Juventus,1. Serie A
0,0,0,0,1049,João Pedro,125,7,13,11,7,Ribeirão Preto,Brazil,Watford,1. Premier League
11,6,2,0,1050,Kike,129,8,10,10,4,Motilla del Palancar,Spain,Eibar,1. La Liga
36,26,3,1,1051,Milan Badelj,137,14,12,13,12,City of Zagreb,Croatia,Fiorentina,1. Serie A
57,36,10,1,1052,Martín Cáceres,136,15,17,5,16,Montevideo,Uruguay,Fiorentina,1. Serie A
0,0,0,0,1053,Ruben Loftus-Cheek,150,10,14,10,9,Lewisham,England,Chelsea,1. Premier League
20,15,1,0,1054,Japhet Tanganga,122,12,13,7,12,England,United Kingdom,Tottenham,1. Premier League
5,3,0,0,1055,Javi López,79,4,5,6,6,Santa Cruz de Tenerife,Spain,Alavés,1. La Liga
5,3,0,0,1056,Javi López,105,8,8,11,8,Santa Cruz de Tenerife,Spain,Alavés,1. La Liga
0,0,0,0,1057,Joel Pohjanpalo,123,6,10,13,6,Helsinki,Finland,Leverkusen,1. Bundesliga
48,32,3,0,1058,Daniele Baselli,140,10,11,13,10,Manerbio,Italy,Torino,1. Serie A
41,24,3,0,1059,Robin Koch,136,14,7,7,14,Kreisfreie Stadt Kaiserslautern,Germany,Freiburg,1. Bundesliga
0,0,3,0,1060,Rui Silva,127,3,9,3,2,Maia,Portugal,Granada,1. La Liga
15,7,2,0,1061,Juan Miranda,125,15,11,7,12,Olivares,Spain,Schalke 04,1. Bundesliga
25,11,2,0,1062,Nathan Aké,147,15,12,2,14,The Hague,Netherlands,Bournemouth,1. Premier League
16,8,1,0,1063,Luis Muriel,146,5,12,15,5,Santo Tomás,Colombia,Atalanta,1. Serie A
18,14,3,0,1064,Luis Rioja,124,9,12,8,8,Las Cabezas de San Juan,Spain,Alavés,1. La Liga
37,29,0,0,1065,Georginio Wijnaldum,158,13,13,8,12,Rotterdam,Netherlands,Liverpool,1. Premier League
44,25,5,0,1066,Rubén Rochina,136,8,10,13,6,Sagunto,Spain,Levante,1. La Liga
16,9,0,0,1067,Phil Foden,152,8,7,12,8,Stockport,England,Manchester City,1. Premier League
34,24,2,1,1068,Fran Beltrán,133,13,12,8,12,Madrid,Spain,Celta Vigo,1. La Liga
28,19,5,0,1069,Darwin Machís,130,4,8,12,4,Tucupita,Venezuela,Granada,1. La Liga
72,46,6,1,1070,Renan Lodi,144,12,15,11,14,Serrania,Brazil,Atlético Madrid,1. La Liga
41,25,6,0,1071,Aleksandar Kolarov,150,14,14,16,12,Belgrade,Serbia,Roma,1. Serie A
14,6,4,1,1072,Alexis Saelemaekers,118,5,13,11,8,Sint-Agatha-Berchem,Belgium,Milan,1. Serie A
56,39,4,0,1073,James Maddison,151,9,8,15,7,Coventry,England,Leicester City,1. Premier League
8,5,2,0,1074,Fabio Quagliarella,144,4,14,19,3,Castellammare di Stabia,Italy,Sampdoria,1. Serie A
0,0,0,0,1075,Jan Oblak,175,1,8,12,1,Škofja Loka,Slovenia,Atlético Madrid,1. La Liga
14,7,6,0,1076,Federico Bernardeschi,156,8,11,14,7,Carrara,Italy,Juventus,1. Serie A
31,18,9,0,1077,Andrés Guardado,142,10,12,17,9,Guadalajara,Estado de Jalisco,Betis,1. La Liga
28,19,2,0,1078,Aaron Ramsey,70,7,6,4,7,Caerphilly,Wales,Juventus,1. Serie A
28,19,2,0,1079,Aaron Ramsey,154,12,10,12,9,Caerphilly,Wales,Juventus,1. Serie A
3,2,3,0,1080,Samuel Di Carmine,123,6,8,14,5,Florence,Italy,Hellas Verona,1. Serie A
0,0,0,0,1081,Gianluca Pegolo,123,3,11,2,3,Bassano del Grappa,Italy,Sassuolo,1. Serie A
10,6,1,0,1082,Riqui Puig,135,6,6,11,5,Matadepera,Spain,Barcelona,1. La Liga
0,0,3,0,1083,Pierluigi Gollini,142,3,11,5,1,Bologna,Italy,Atalanta,1. Serie A
1,0,0,0,1084,Kévin Rodrigues,129,13,13,11,14,Bayonne,France,Real Sociedad,1. La Liga
63,32,0,0,1085,Kévin Rodrigues,129,13,13,11,14,Bayonne,France,Real Sociedad,1. La Liga
1,0,6,1,1086,Kévin Rodrigues,129,13,13,11,14,Bayonne,France,Leganés,1. La Liga
63,32,6,1,1087,Kévin Rodrigues,129,13,13,11,14,Bayonne,France,Leganés,1. La Liga
60,35,10,0,1088,Tomás Rincón,140,16,18,6,16,San Cristóbal,Venezuela,Torino,1. Serie A
36,23,7,0,1089,Koray Günter,126,15,14,5,15,Höxter,Germany,Hellas Verona,1. Serie A
50,32,8,0,1090,Federico Fernández,128,15,11,5,14,Tres Algarrobos,Argentina,Newcastle Utd,1. Premier League
27,20,1,0,1091,Naby Keïta,155,14,15,9,12,Conakry,Guinea,Liverpool,1. Premier League
22,12,3,0,1092,Karim Onisiwo,127,7,15,11,6,Vienna,Austria,Mainz 05,1. Bundesliga
8,6,0,0,1093,Che Adams,128,7,11,9,7,Leicester,England,Southampton,1. Premier League
24,18,3,0,1094,Carlos Gruezo,130,15,16,9,14,Santo Domingo de los Colorados,Ecuador,Augsburg,1. Bundesliga
27,19,4,0,1095,Marcos Alonso,144,14,12,12,13,Madrid,Spain,Chelsea,1. Premier League
2,0,0,0,1096,Tariq Lamptey,138,11,10,9,7,England,United Kingdom,Chelsea,1. Premier League
9,3,0,0,1097,Tariq Lamptey,138,11,10,9,7,England,United Kingdom,Chelsea,1. Premier League
2,0,2,0,1098,Tariq Lamptey,138,11,10,9,7,England,United Kingdom,Brighton,1. Premier League
9,3,2,0,1099,Tariq Lamptey,138,11,10,9,7,England,United Kingdom,Brighton,1. Premier League
58,44,8,0,1100,Albin Ekdal,136,14,12,10,12,Stockholm,Sweden,Sampdoria,1. Serie A
0,0,1,0,1101,Alessio Cragno,142,1,11,1,3,Fiesole,Italy,Cagliari,1. Serie A
14,10,2,0,1102,Tammy Abraham,150,6,14,14,4,Camberwell,England,Chelsea,1. Premier League
92,54,7,0,1103,João Moutinho,153,12,14,14,11,Portimão Municipality,Portugal,Wolves,1. Premier League
30,16,6,0,1104,Victor Lindelöf,150,15,10,10,16,Västerås,Sweden,Manchester Utd,1. Premier League
16,12,3,0,1105,Franck Ribéry,150,5,12,13,5,Boulogne-sur-Mer,France,Fiorentina,1. Serie A
0,0,1,0,1106,Yassine Bounou,136,2,5,1,3,Montreal,Québec,Sevilla,1. La Liga
61,38,6,1,1107,Keven Schlotterbeck,114,12,12,8,13,Weinstadt,Germany,Union Berlin,1. Bundesliga
17,13,8,1,1108,Lautaro Martínez,161,8,17,15,7,Bahía Blanca,Argentina,Inter,1. Serie A
34,17,2,1,1109,Patric,131,15,20,7,13,Mula,Spain,Lazio,1. Serie A
7,3,0,0,1110,Jóhann Berg Guðmundsson,132,7,12,14,7,Reykjavik,Iceland,Burnley,1. Premier League
0,0,1,0,1111,Adrián,140,3,10,3,3,Seville,Spain,Liverpool,1. Premier League
0,0,1,0,1112,Adrián,130,5,12,14,5,Seville,Spain,Liverpool,1. Premier League
25,15,1,0,1113,Marvin Plattenhardt,134,14,9,10,12,Filderstadt,Germany,Hertha BSC,1. Bundesliga
31,13,4,0,1114,Aritz Elustondo,140,14,13,6,14,San Sebastian,Spain,Real Sociedad,1. La Liga
7,2,5,2,1115,Andrea Carboni,69,8,7,4,9,Sorgono,Italy,Cagliari,1. Serie A
4,3,0,0,1116,Takumi Minamino,143,6,12,10,6,Izumisano-shi,Japan,Liverpool,1. Premier League
31,17,3,0,1117,Jordan Torunarigha,126,14,12,8,14,Kreisfreie Stadt Chemnitz,Germany,Hertha BSC,1. Bundesliga
23,16,2,0,1118,Héctor Bellerín,148,14,12,8,12,Barcelona,Spain,Arsenal,1. Premier League
0,0,0,0,1119,Martin Palumbo,51,1,12,4,5,Bergen,Norway,Udinese,1. Serie A
20,12,4,0,1120,Enes Ünal,124,3,7,14,2,Osmangazi,Turkey,Valladolid,1. La Liga
48,31,8,1,1121,Jonny Evans,149,16,12,5,16,Belfast,Northern Ireland,Leicester City,1. Premier League
39,22,5,0,1122,Jens Stryger Larsen,133,14,17,7,13,Sakskøbing,Denmark,Udinese,1. Serie A
26,16,1,0,1123,Nils Petersen,134,7,9,16,7,Wernigerode,Germany,Freiburg,1. Bundesliga
24,15,2,0,1124,Marco Richter,125,8,12,11,6,Friedberg,Germany,Augsburg,1. Bundesliga
74,50,6,1,1125,Wendell,136,15,14,10,13,Fortaleza,Brazil,Leverkusen,1. Bundesliga
10,5,1,0,1126,Alfreð Finnbogason,136,5,10,17,6,Reykjavik,Iceland,Augsburg,1. Bundesliga
68,45,8,0,1127,Richarlison,146,13,14,12,6,Nova Venécia,Brazil,Everton,1. Premier League
15,8,0,0,1128,Nico Schulz,143,13,14,8,10,Land Berlin,Germany,Dortmund,1. Bundesliga
19,13,2,1,1129,Marius Wolf,140,10,17,13,8,Coburg,Germany,Hertha BSC,1. Bundesliga
41,20,2,0,1130,Mario Gaspar,144,16,13,8,15,Novelda,Spain,Villarreal,1. La Liga
33,16,9,0,1131,Aïssa Mandi,139,15,15,6,15,Châlons-en-Champagne,France,Betis,1. La Liga
4,3,0,0,1132,Luke Thomas,85,12,8,3,11,Syston,England,Leicester City,1. Premier League
55,28,5,0,1133,Dwight McNeil,133,12,8,9,10,Rochdale,England,Burnley,1. Premier League
43,29,5,0,1134,Diego Godín,155,16,14,10,17,Rosario,Uruguay,Inter,1. Serie A
21,11,2,0,1135,Kieran Tierney,145,15,15,8,11,Douglas,Isle of Man,Arsenal,1. Premier League
21,15,1,0,1136,Lucas Vázquez,142,12,15,12,9,Curtis,Spain,Real Madrid,1. La Liga
10,7,2,0,1137,Jan Thielmann,102,6,11,11,7,Fohren,Germany,Köln,1. Bundesliga
15,9,3,0,1138,Martin Braithwaite,135,5,12,10,3,Esbjerg,Denmark,Leganés,1. La Liga
3,1,3,0,1139,Martin Braithwaite,135,5,12,10,3,Esbjerg,Denmark,Leganés,1. La Liga
15,9,1,0,1140,Martin Braithwaite,135,5,12,10,3,Esbjerg,Denmark,Barcelona,1. La Liga
3,1,1,0,1141,Martin Braithwaite,135,5,12,10,3,Esbjerg,Denmark,Barcelona,1. La Liga
30,17,1,0,1142,Santiago Arias,140,13,15,8,12,Medellín,Colombia,Atlético Madrid,1. La Liga
23,17,0,0,1143,Jeremie Boga,139,4,8,11,3,Marseille,France,Sassuolo,1. Serie A
25,16,4,0,1144,Thomas Delaney,146,16,18,9,12,Frederiksberg,Denmark,Dortmund,1. Bundesliga
28,17,4,0,1145,Carlos Soler,144,10,13,9,10,Valencia,Spain,Valencia,1. La Liga
26,20,3,0,1146,Kai Havertz,153,10,11,12,7,Aachen,Germany,Leverkusen,1. Bundesliga
1,1,0,0,1147,Ishak Belfodil,134,6,9,12,6,Mostaganem,Algeria,Hoffenheim,1. Bundesliga
50,36,5,0,1148,Mark Noble,131,15,15,18,10,London,England,West Ham,1. Premier League
47,30,4,0,1149,Robert Skov,143,10,12,15,8,Marbella,Spain,Hoffenheim,1. Bundesliga
17,10,3,0,1150,Anwar El Ghazi,127,6,11,12,5,Barendrecht,Netherlands,Aston Villa,1. Premier League
68,45,3,0,1151,Florian Grillitsch,138,11,9,11,9,Neunkirchen,Austria,Hoffenheim,1. Bundesliga
